cue,patterns (|),feelings (|),needs (|),example
seen-no-reply-variant,read receipt shown and no reply|seen .* and no response|check marks but no message back|message marked as read without response,lonely|sad|hurt|anxious,To be seen|connection|belonging|consideration,Message showed as 'seen' yesterday; no reply since then.
reply-late,reply .* hours later|response after .* days|took .* days to reply|slow response time,anxious|uncertain|hurt|confused,To be seen|connection|belonging|consideration,They replied two days after I asked a time‑sensitive question.
one-word-reply,one word reply|'k' reply|ok only|short reply only|minimal response,dismissed|hurt|lonely|frustrated,respect|To be heard|consideration|honor,"After my long update, the only reply was 'k'."
topic-changed,changed the subject|switched topics|went off-topic after I asked|redirected without answering,confused|uncertain|anxious|unsettled,understanding|clarity|respect|To be heard,I asked about budget; the reply shifted to weekend plans.
message-forwarded,forwarded my email without asking|cc'd others without consent|added people to thread without checking,exposed|vulnerable|anxious|uneasy,privacy|respect|consideration|trust,My private email was forwarded to two managers without asking me.
voice-note-instead,sent voice note when I asked for text|audio message instead of written|voice message during quiet hours,anxious|overwhelmed|irritated|tired,support|Do things at my own pace and in my own way|consideration|rest,At midnight they sent a 5‑minute voice message instead of a short text.
punctuation-intensity,"multiple exclamation marks|all caps words|!!!!!|ALL CAPS|!{3,}",alarmed|tense|anxious|hurt,calm|respect|clarity|consideration,Email arrived with ALL CAPS and five exclamation points.
sarcasm-emoji,eye-roll emoji after my message|used 🙄 after I shared|mocking gif reply,embarrassed|hurt|anxious|lonely,respect|To be heard|consideration|honor,I shared a concern; the only response was 🙄.
no-time-check,no time check-in|didn't check time left|kept going without checking time,tired|pressured|overwhelmed|anxious,support|Do things at my own pace and in my own way|consideration|rest,We went 25 minutes over without anyone checking capacity.
credit-noted-elsewhere,credit given to someone else|attribution to another person|named another person for my work,hurt|sad|irritated|resentful,acknowledgement|recognition|respect|honor,"In the summary, another person was credited for the analysis I wrote."
agenda-switched,agenda changed mid‑meeting|agenda swapped without notice|different agenda from invite,confused|uncertain|anxious|unsettled,fairness|clarity|respect|predictability,The meeting followed a new agenda not shared in the invite.
decision-pre-announced,decision already made|pre‑decided outcome|token consultation,powerless|hurt|anxious|frustrated,participation|mutuality|respect|To be heard,We were asked for input after the decision had been finalized.
questions-not-logged,questions not captured in notes|Q&A not recorded|chat questions missing from minutes,dismissed|hurt|lonely|frustrated,acknowledgement|clarity|respect|To be heard,My two questions were not included in the shared minutes.
camera-required-without-reason,camera required without reason|video on mandate no rationale|forced camera on,uneasy|pressured|anxious|exposed,privacy|autonomy|respect|safety,We were told to keep cameras on all day without an explanation.
multitask-visible,typing while I present|answering emails while I speak|attention on another screen,dismissed|hurt|lonely|frustrated,respect|To be heard|consideration|honor,"During my update, two people were visibly typing on another screen."
policy-ambiguous,policy unclear|no clear policy|policy language vague,confused|uncertain|anxious|unsettled,fairness|clarity|respect|predictability,The handbook says 'as needed' without defining who decides.
role-scope-creep,role expanded without discussion|scope creep on my role|extra duties added informally,overwhelmed|pressured|tired|anxious,clarity|mutuality|support|fairness,Additional duties were assigned to me outside the written role.
pto-denied-no-reason,time off denied without reason|vacation declined no explanation|leave request refused without rationale,discouraged|anxious|frustrated|unsettled,clarity|respect|rest|consideration,My PTO request was declined with no explanation.
overtime-expected,expected to work overtime|assumed extra hours|after‑hours norm without pay,pressured|tired|overwhelmed|resentful,support|Do things at my own pace and in my own way|consideration|rest,We were told to 'do what's needed' and stay late all week.
physical-contact-jostle,bumped into me repeatedly|kept brushing against me|stood pressed against me,alarmed|scared|tense|anxious,autonomy|space|privacy|safety,"On the train, they stood pressed against me despite space nearby."
personal-item-moved,moved my things without asking|rearranged my desk without consent|tidied my items without checking,uneasy|irritated|anxious|hurt,autonomy|space|respect|consideration,My labeled folders were moved to a cabinet without asking.
screenshots-shared,screenshot of our chat shared|screen‑grab posted without consent|image of our conversation circulated,exposed|vulnerable|anxious|uneasy,privacy|autonomy|respect|safety,A screenshot of our conversation was posted in a group chat.
unexpected-autocharge,renewal charged without notice|subscription auto‑charged without reminder|free trial converted without alert,confused|uncertain|anxious|unsettled,fairness|clarity|respect|predictability,A subscription renewed with no reminder after the trial period.
tip-adjusted-after,tip changed after payment|gratuity added after I signed|amount adjusted post‑charge,bewildered|tense|anxious|irritated,honesty|clarity|fairness|trust,Receipt showed a higher total than the signed amount.
refund-delayed,refund not processed|refund delayed beyond window|credit not returned on time,anxious|pressured|frustrated|powerless,trust|reliability|commitment|dependability,Two weeks passed since approval and the refund hasn't arrived.
queue-ignored,ignored my place in line|served others ahead of me|skipped my number,irritated|angry|tense|hurt,fairness|order|respect|acknowledgement,My number was passed over while others behind me were served.
accessibility-missing,no ramp available|elevator out without alternative|no captions provided,excluded|anxious|discouraged|frustrated,access|inclusion|respect|support,The webinar had no captions despite the earlier request.
bathroom-closed,restroom closed without sign|no bathroom access|out of order no notice,confused|uncertain|anxious|unsettled,clarity|care|predictability|consideration,The only restroom was locked without any sign or directions.
quiet-hours-ignored,noise during quiet hours|loud after quiet time|noise past agreed quiet hours,tired|irritated|overwhelmed|anxious,rest|consideration|peace|respect,Music continued after midnight on a weeknight.
dishes-left-sink,left dishes overnight|sink full of dishes|didn't wash shared dishes,irritated|tired|tense|frustrated,consideration|support|order|respect,Shared sink stayed full after the agreed chore time.
thermostat-maxed,thermostat turned high|heat set to maximum|AC set to very cold without asking,uncomfortable|irritated|uneasy|anxious,comfort|consideration|communication|respect,The AC was set to 62°F without checking with roommates.
loud-startle,sudden loud noise|fire alarm test without notice|unexpected siren sound,startled|tense|anxious|alarmed,peace|calm|serenity|rest,A loud alarm test went off without any prior notice.
smell-trigger,strong perfume in shared space|chemical smell from cleaner|scented candle in meeting room,overwhelmed|tense|worried|uncomfortable,health|air-quality|care|safety,The conference room had a heavy chemical cleaner smell.
sleep-interrupted,sleep interrupted repeatedly|woken up multiple times|noisy neighbors at night,tired|irritable|overwhelmed|anxious,rest|peace|care|consideration,I was woken up three times between 1 a.m. and 4 a.m.
affection-withheld,no affection lately|stopped hugging me|less physical closeness,lonely|sad|hurt|anxious,connection|belonging|Love/Caring|To be seen,We used to cuddle; now weeks pass without any hugs.
special-date-forgotten,forgot anniversary|forgot special date|missed important date,hurt|sad|disappointed|lonely,appreciation|acknowledgement|To be seen|connection,Our anniversary passed without any message or plan.
comparison-to-ex,compared me to an ex|said ex would do it better|ex used as example,humiliated|angry|hurt|powerless,justice|fairness|respect|honor,They said their ex would have handled it 'better' than me.
joke-at-expense,joked at my expense|made me the punchline|'just a joke' after insult,embarrassed|hurt|anxious|lonely,respect|To be heard|consideration|honor,They called me a nickname I dislike and said it was just a joke.
loss-of-pet,pet passed away|lost my dog|cat died,sad|lonely|hurt|grief,care|support|connection|Love/Caring,My dog passed away last night.
family-illness,parent diagnosed with serious illness|serious diagnosis in family|bad medical news for family,worried|sad|anxious|tired,support|care|stability|community,My mom was diagnosed with a serious condition.
accident-witnessed,witnessed an accident|saw a crash|saw someone get hurt,alarmed|shaken|anxious|tense,safety|care|peace|support,I witnessed a crash at the intersection on my street.
received-thanks,they thanked me|expressed gratitude to me|said thank you sincerely,joyful|happy|grateful|moved,appreciation|acknowledgement|To be seen|connection,"After my help, they looked me in the eye and said thank you."
offered-help,offered help without asking|asked how they can help|checked how to support me,relieved|calm|grateful|content,support|care|connection|consideration,They asked 'What would help right now?' and waited for my answer.
active-listening,reflected back what I said|summarized my point accurately|asked clarifying questions,relieved|calm|grateful|content,To be heard|understanding|respect|connection,They paraphrased my point and asked if they got it right.
kept-promise,followed through as promised|did exactly what they said|kept their word,relieved|grateful|calm|happy,trust|reliability|commitment|dependability,They delivered the draft on the day they promised.
invited-in,invited me to join|included me in the plan|added me to the group,joyful|happy|grateful|moved,inclusion|belonging|To be seen|respect,They asked if I'd like to join the outing and saved me a seat.
apology-offered,they apologized sincerely|offered a genuine apology|took responsibility,relieved|moved|grateful|calm,honesty|respect|repair|trust,They said 'I was wrong and I'm sorry' and asked how to make it right.
always-late-generalization,always late phrase|always late|they are always late|never on time,irritated|tired|frustrated|anxious,fairness|clarity|respect|predictability,"They said, 'You're always late,' during the check‑in."
never-listens-generalization,never listens|doesn't listen ever|never hears me,dismissed|hurt|lonely|frustrated,respect|To be heard|consideration|honor,"They said, 'You never listen to me,' in the argument."
always-criticizes-generalization,always criticizes me|constant criticism|criticizes everything I do,hurt|resentful|tense|sad,acknowledgement|recognition|respect|honor,They described my work as 'always flawed'.
label-selfish,called me selfish|said I was selfish|selfish label used,hurt|anxious|tense|angry,respect|To be heard|consideration|honor,"They said, 'You're selfish,' after I set a boundary."
label-lazy,called me lazy|said I was lazy|lazy label used,hurt|anxious|tense|angry,respect|To be heard|consideration|honor,They called me lazy when I asked for more time.
label-crazy,called me crazy|said I'm crazy|crazy label used,hurt|anxious|tense|angry,respect|To be heard|consideration|honor,They said I'm crazy for feeling worried about safety.
kept-waiting,kept me waiting .* minutes|waited .* minutes|left waiting for .*,impatient|irritated|anxious|tired,consideration|order|respect|predictability,I waited 40 minutes past the start time.
repeated-cancellations,canceled repeatedly|keeps canceling|backed out multiple times,disappointed|sad|frustrated|hurt,trust|reliability|commitment|dependability,They canceled three weekends in a row.
no-breaks,no breaks provided|worked through breaks|skipped rest period,tired|overextended|resentful|pressured,rest|care|sustainability|respect,We worked six hours without any break.
edited-message-after,edited message to change meaning|changed message after I replied|post edited to remove context,confused|uncertain|anxious|unsettled,clarity|honesty|trust|respect,"After I responded, the original message was edited to say something different."
deleted-thread,deleted our conversation|thread removed|chat history cleared,exposed|vulnerable|anxious|uneasy,stability|trust|clarity|respect,The chat history disappeared without any explanation.
tagged-without-context,tagged me without context|tagged my name without explanation|@mention with no details,confused|uncertain|anxious|unsettled,clarity|consideration|respect|To be seen,I was @mentioned with no description or task.
grades-posted-late,grades posted late|feedback delayed for weeks|results delayed without reason,anxious|discouraged|frustrated|uncertain,learning|competence|support|clarity,Grades were posted three weeks after the promised date.
materials-missing,materials not uploaded|lecture slides missing|reading list not shared,confused|uncertain|anxious|unsettled,learning|competence|support|clarity,The promised reading list was never posted.
office-hours-canceled,office hours canceled|no office hours this week|canceled student support time,unsupported|discouraged|anxious|frustrated,support|learning|consideration|predictability,Office hours were canceled without alternative times.
childcare-late-pickup,late pickup from childcare|picked up late from school|arrived late to pick up,anxious|tense|worried|irritated,safety|reliability|care|predictability,Pickup was 25 minutes late without a call.
care-instruction-ignored,care instructions ignored|feeding instruction not followed|medication schedule missed,alarmed|anxious|tense|frustrated,safety|care|clarity|trust,The medication dose was missed despite written instructions.
screen-time-exceeded,screen time exceeded|agreed limit exceeded|more TV than agreed,concerned|tense|frustrated|anxious,clarity|care|predictability|respect,The agreed 30‑minute limit became 2 hours.
ride-canceled-last-minute,ride canceled last minute|driver canceled at pickup|trip canceled as I arrived,stranded|anxious|frustrated|tired,reliability|support|predictability|consideration,The ride canceled when I reached the curb.
seat-taken,seat taken though reserved|reservation not honored|reserved seat occupied,irritated|frustrated|disappointed|tense,fairness|order|respect|predictability,My reserved seat was occupied and no alternative provided.
connection-missed,missed connection due to delay|connection impossible because of schedule|tight layover not met,anxious|pressured|tired|frustrated,predictability|support|consideration|order,A 10‑minute delay caused us to miss the connection.
link-broken,broken link|404 page|link not working,confused|uncertain|anxious|unsettled,clarity|support|order|predictability,The shared link returned a 404 error.
account-locked,account locked out|too many login attempts locked|locked out of account,worried|blocked|anxious|frustrated,access|support|stability|clarity,My account was locked after one failed attempt.
twofactor-required-suddenly,2FA required suddenly|two-factor turned on without notice|new verification requirement,confused|uncertain|anxious|unsettled,clarity|predictability|support|security,Two‑factor login was enforced without prior notice.
checked-pronouns,asked my pronouns respectfully|checked pronouns before introducing|confirmed how to address me,relieved|calm|grateful|content,respect|honor|belonging|To be seen,They asked how I want to be addressed before the meeting.
credit-given,credited my work publicly|named me as contributor|acknowledged my effort,joyful|happy|grateful|moved,acknowledgement|recognition|respect|honor,They thanked me by name in the meeting notes.
safety-briefing-done,safety briefing completed|went over safety steps|reviewed safety protocol together,relieved|calm|trusting|grateful,safety|clarity|care|predictability,We reviewed safety steps before starting the task.
forgot-attachment,forgot the attachment|no attachment included|sent email without attachment,confused|uncertain|anxious|unsettled,clarity|support|predictability|respect,They wrote 'see attachment' but none was attached.
forgot-call,forgot our call|missed scheduled call|no show for the call,disappointed|anxious|hurt|frustrated,reliability|consideration|respect|predictability,No one joined the call at the scheduled time.
forgot-errand,forgot to pick up|didn't pick up the item|forgot the errand,disappointed|pressured|tired|frustrated,support|reliability|consideration|clarity,They forgot to pick up the prescription after agreeing to.
forgot-message,forgot to reply|meant to reply but didn't|never got back,lonely|sad|hurt|anxious,To be seen|connection|belonging|consideration,They said they would reply and then never did.
forgot-deadline,forgot the deadline|missed the due date|deadline passed without submission,anxious|pressured|frustrated|worried,predictability|clarity|support|responsibility,The due date passed without the expected file.
delivery-late,package arrived late|delivery late|shipment delayed,anxious|frustrated|disappointed|pressured,predictability|clarity|reliability|support,The package arrived three days after the guaranteed date.
start-late,started late|began after scheduled time|late start,irritated|pressured|tired|anxious,order|consideration|predictability|respect,The event began 25 minutes after the scheduled start.
response-window-missed,missed response window|no reply by agreed time|SLAs missed,anxious|pressured|frustrated|powerless,reliability|clarity|trust|predictability,No answer by the agreed 24‑hour window.
file-structure-changed,folder structure changed|files reorganized without notice|paths changed without update,confused|uncertain|anxious|unsettled,clarity|predictability|respect|consideration,Shared folders were reorganized and links broke.
shift-changed,shift changed without asking|schedule changed without consent|new schedule posted without discussion,pressured|overwhelmed|anxious|resentful,predictability|consideration|autonomy|respect,My shift was changed from day to night without checking with me.
requirements-changed,requirements changed midstream|criteria updated after submission|acceptance rules changed after,frustrated|resentful|pressured|tired,fairness|clarity|respect|predictability,"After submission, new criteria were announced."
child-unsupervised,child left unsupervised|no supervision provided|child alone in room,alarmed|scared|tense|anxious,safety|care|predictability|trust,I found the child alone for several minutes in the hallway.
equipment-unsafe,equipment looked unsafe|safety guard missing|tool damaged and used,alarmed|scared|tense|anxious,safety|care|clarity|predictability,The saw's guard was missing during use.
door-propped-open,door propped open|exit left open|security door ajar,uneasy|anxious|worried|alarmed,security|safety|predictability|care,The exterior door was propped open overnight.
feedback-specific-praise,specific praise given|named what worked|detailed appreciation shared,joyful|happy|grateful|moved,acknowledgement|appreciation|To be seen|connection,They named exactly what they valued about my work.
check-in-before-ask,checked capacity before asking|asked if I had bandwidth|confirmed timing before request,relieved|calm|grateful|content,consideration|respect|mutuality|support,They asked about my bandwidth before assigning the task.
asked-consent,asked for consent|checked if touch is okay|asked before sharing info,relieved|calm|grateful|content,autonomy|privacy|respect|safety,They asked if a hug was okay first.
doctor-late,doctor arrived late|appointment started late|long wait at clinic,tired|anxious|irritated|worried,predictability|respect|care|consideration,The appointment started 45 minutes after the scheduled time.
results-portal-no-update,no lab results posted|portal not updated|results missing in portal,confused|uncertain|anxious|unsettled,clarity|predictability|support|trust,The portal still shows 'pending' two weeks later.
privacy-breached-clinic,name called loudly in waiting room|discussed details within earshot|privacy not maintained,exposed|vulnerable|anxious|uneasy,privacy|respect|dignity|safety,Medical details were discussed at the desk within earshot of others.
form-rejected-no-reason,form rejected without reason|application denied no explanation|paperwork returned without comment,confused|uncertain|anxious|unsettled,clarity|respect|fairness|support,The application was returned marked 'rejected' with no note.
policy-enforced-selectively,rule applied to me not others|selective enforcement|inconsistent policy enforcement,resentful|frustrated|hurt|powerless,justice|fairness|respect|clarity,Others were allowed exceptions that I was not.
deadline-shifted-weekend,deadline put on weekend|due date set on holiday|submission due on nonworking day,pressured|overwhelmed|anxious|resentful,consideration|predictability|respect|rest,The due date was set for a holiday.
invite-last-seat,invited after everyone else|last-minute invite when others confirmed|only invited when someone canceled,left-out|hurt|lonely|sad,inclusion|belonging|To be seen|respect,I was invited after someone else dropped out.
group-photo-excluded,not called for group photo|excluded from photo|group picture without me,hurt|lonely|sad|invisible,inclusion|belonging|To be seen|respect,They took a team photo while I was in the room and didn't include me.
food-shared-fairness,took more than agreed share|unfair portioning|shared food taken disproportionately,irritated|resentful|tense|sad,fairness|consideration|order|respect,One person took most of the shared snacks.
workspace-too-cold,workspace too cold|aircon too cold|temperature uncomfortably low,uncomfortable|distracted|tense|tired,comfort|consideration|health|respect,The office was so cold I needed a coat.
workspace-too-hot,workspace too hot|no AC working|temperature uncomfortably high,uncomfortable|overwhelmed|tired|irritated,comfort|health|consideration|care,The room was hot and stuffy during the meeting.
lighting-harsh,harsh fluorescent lights|flickering light|lighting causing headache,overwhelmed|tense|tired|uncomfortable,health|air-quality|care|safety,The flickering light made it hard to focus.
unmute-background-noise,unmuted background noise|mic left on causing echo|noisy typing on mic,distracted|overwhelmed|tense|irritated,clarity|focus|consideration|respect,Typing sounds drowned out the speaker.
screen-share-not-prepped,screen shared with private tabs|notifications visible on share|personal info shown on share,exposed|vulnerable|anxious|uneasy,privacy|safety|respect|consideration,Personal messages popped up during screen share.
recording-shared-public,recording posted publicly without notice|meeting video shared broadly|link to recording made public,exposed|vulnerable|anxious|uneasy,privacy|trust|clarity|respect,The recording link was posted to a public channel.
ride-waited-for-me,driver waited for me|ride waited past pickup time|waited instead of canceling,relieved|calm|grateful|content,consideration|support|reliability|care,They waited five minutes instead of canceling instantly.
offered-seat,offered me their seat|gave up seat for me|stood so I could sit,joyful|happy|grateful|moved,care|community|consideration|belonging,A stranger offered me their seat on the bus.
kept-quiet-hours,respected quiet hours|kept noise down at night|turned music down when asked,relieved|calm|grateful|content,respect|consideration|peace|rest,They turned the volume down right away.
panic-episode,panic attack|felt panicky|heart racing episode,scared|alarmed|anxious|tired,safety|care|support|peace,I had a panic attack on the train.
depressive-signs,lost interest in things|sleeping much more|isolating myself,sad|lonely|tired|anxious,support|care|connection|stability,I stopped enjoying hobbies I used to love.
irritability-spike,snapped at people|short fused all day|irritability kept spiking,worried|tense|tired|confused,support|rest|understanding|care,I snapped at a friend over something small.
friend-yelled,my friend yelled at me|my friend shouted at me|my friend raised their voice at me|yelled at me|shouted at me|raised their voice at me,hurt|anxious|tense|angry,respect|To be heard|consideration|honor,My friend their voice got louder while speaking to me.
friend-insulted,my friend insulted me|my friend called me names|my friend made a rude remark|insulted me|called me names|made a rude remark,hurt|anxious|tense|angry,respect|To be heard|consideration|honor,My friend they called me a name after I shared my view.
friend-ignored,my friend ignored me|my friend didn't acknowledge me|my friend looked past me|ignored me|didn't acknowledge me|looked past me,lonely|sad|hurt|anxious,inclusion|belonging|To be seen|respect,My friend they looked past me when I greeted them.
friend-talked-over,my friend talked over me|my friend spoke over me|my friend cut me off|talked over me|spoke over me|cut me off,hurt|anxious|tense|angry,respect|To be heard|consideration|honor,My friend they started speaking while I was mid‑sentence.
friend-blamed,my friend blamed me for it|my friend said it was my fault|my friend put the blame on me|blamed me for it|said it was my fault|put the blame on me,hurt|anxious|tense|angry,justice|fairness|respect|acknowledgement,My friend they said it was my fault without checking facts.
friend-accused-lying,my friend accused me of lying|my friend said I lied|my friend called me a liar|accused me of lying|said I lied|called me a liar,hurt|anxious|tense|angry,trust|reliability|commitment|dependability,My friend they said I was lying about the timeline.
friend-lied,my friend lied to me|my friend was dishonest with me|my friend hid the truth|lied to me|was dishonest with me|hid the truth,hurt|anxious|tense|angry,trust|reliability|commitment|dependability,My friend i learned the story they told me wasn't true.
friend-made-fun,my friend made fun of me|my friend mocked me|my friend ridiculed me|made fun of me|mocked me|ridiculed me,hurt|anxious|tense|angry,respect|To be heard|consideration|honor,My friend they mimicked my voice to get laughs.
friend-humiliated,my friend humiliated me in public|my friend embarrassed me in front of others|my friend exposed me in front of people|humiliated me in public|embarrassed me in front of others|exposed me in front of people,hurt|anxious|tense|angry,inclusion|belonging|To be seen|respect,My friend they pointed out a mistake loudly in front of others.
friend-broke-promise,my friend broke a promise to me|my friend didn't do what they said|my friend failed to follow through|broke a promise to me|didn't do what they said|failed to follow through,disappointed|sad|frustrated|hurt,trust|reliability|commitment|dependability,My friend they didn't do the thing they promised yesterday.
friend-silent-treatment,my friend gave me the silent treatment|my friend refused to speak to me|my friend stonewalled me|gave me the silent treatment|refused to speak to me|stonewalled me,lonely|sad|hurt|anxious,support|consideration|care|connection,My friend they wouldn't answer my texts or talk to me.
friend-canceled-last-minute,my friend canceled plans last minute|my friend backed out at the last minute|my friend pulled out with short notice|canceled plans last minute|backed out at the last minute|pulled out with short notice,disappointed|pressured|frustrated|sad,trust|reliability|commitment|dependability,My friend they canceled 20 minutes before we were supposed to meet.
partner-yelled,my partner yelled at me|my partner shouted at me|my partner raised their voice at me|yelled at me|shouted at me|raised their voice at me,hurt|anxious|tense|angry,respect|To be heard|consideration|honor,My partner their voice got louder while speaking to me.
partner-insulted,my partner insulted me|my partner called me names|my partner made a rude remark|insulted me|called me names|made a rude remark,hurt|anxious|tense|angry,respect|To be heard|consideration|honor,My partner they called me a name after I shared my view.
partner-ignored,my partner ignored me|my partner didn't acknowledge me|my partner looked past me|ignored me|didn't acknowledge me|looked past me,lonely|sad|hurt|anxious,inclusion|belonging|To be seen|respect,My partner they looked past me when I greeted them.
partner-talked-over,my partner talked over me|my partner spoke over me|my partner cut me off|talked over me|spoke over me|cut me off,hurt|anxious|tense|angry,respect|To be heard|consideration|honor,My partner they started speaking while I was mid‑sentence.
partner-blamed,my partner blamed me for it|my partner said it was my fault|my partner put the blame on me|blamed me for it|said it was my fault|put the blame on me,hurt|anxious|tense|angry,justice|fairness|respect|acknowledgement,My partner they said it was my fault without checking facts.
partner-accused-lying,my partner accused me of lying|my partner said I lied|my partner called me a liar|accused me of lying|said I lied|called me a liar,hurt|anxious|tense|angry,trust|reliability|commitment|dependability,My partner they said I was lying about the timeline.
partner-lied,my partner lied to me|my partner was dishonest with me|my partner hid the truth|lied to me|was dishonest with me|hid the truth,hurt|anxious|tense|angry,trust|reliability|commitment|dependability,My partner i learned the story they told me wasn't true.
partner-made-fun,my partner made fun of me|my partner mocked me|my partner ridiculed me|made fun of me|mocked me|ridiculed me,hurt|anxious|tense|angry,respect|To be heard|consideration|honor,My partner they mimicked my voice to get laughs.
partner-humiliated,my partner humiliated me in public|my partner embarrassed me in front of others|my partner exposed me in front of people|humiliated me in public|embarrassed me in front of others|exposed me in front of people,hurt|anxious|tense|angry,inclusion|belonging|To be seen|respect,My partner they pointed out a mistake loudly in front of others.
partner-broke-promise,my partner broke a promise to me|my partner didn't do what they said|my partner failed to follow through|broke a promise to me|didn't do what they said|failed to follow through,disappointed|sad|frustrated|hurt,trust|reliability|commitment|dependability,My partner they didn't do the thing they promised yesterday.
partner-silent-treatment,my partner gave me the silent treatment|my partner refused to speak to me|my partner stonewalled me|gave me the silent treatment|refused to speak to me|stonewalled me,lonely|sad|hurt|anxious,support|consideration|care|connection,My partner they wouldn't answer my texts or talk to me.
partner-canceled-last-minute,my partner canceled plans last minute|my partner backed out at the last minute|my partner pulled out with short notice|canceled plans last minute|backed out at the last minute|pulled out with short notice,disappointed|pressured|frustrated|sad,trust|reliability|commitment|dependability,My partner they canceled 20 minutes before we were supposed to meet.
boss-yelled,my boss yelled at me|my boss shouted at me|my boss raised their voice at me|yelled at me|shouted at me|raised their voice at me,hurt|anxious|tense|angry,respect|To be heard|consideration|honor,My boss their voice got louder while speaking to me.
boss-insulted,my boss insulted me|my boss called me names|my boss made a rude remark|insulted me|called me names|made a rude remark,hurt|anxious|tense|angry,respect|To be heard|consideration|honor,My boss they called me a name after I shared my view.
boss-ignored,my boss ignored me|my boss didn't acknowledge me|my boss looked past me|ignored me|didn't acknowledge me|looked past me,lonely|sad|hurt|anxious,inclusion|belonging|To be seen|respect,My boss they looked past me when I greeted them.
boss-talked-over,my boss talked over me|my boss spoke over me|my boss cut me off|talked over me|spoke over me|cut me off,hurt|anxious|tense|angry,respect|To be heard|consideration|honor,My boss they started speaking while I was mid‑sentence.
boss-blamed,my boss blamed me for it|my boss said it was my fault|my boss put the blame on me|blamed me for it|said it was my fault|put the blame on me,hurt|anxious|tense|angry,justice|fairness|respect|acknowledgement,My boss they said it was my fault without checking facts.
boss-accused-lying,my boss accused me of lying|my boss said I lied|my boss called me a liar|accused me of lying|said I lied|called me a liar,hurt|anxious|tense|angry,trust|reliability|commitment|dependability,My boss they said I was lying about the timeline.
boss-lied,my boss lied to me|my boss was dishonest with me|my boss hid the truth|lied to me|was dishonest with me|hid the truth,hurt|anxious|tense|angry,trust|reliability|commitment|dependability,My boss i learned the story they told me wasn't true.
boss-made-fun,my boss made fun of me|my boss mocked me|my boss ridiculed me|made fun of me|mocked me|ridiculed me,hurt|anxious|tense|angry,respect|To be heard|consideration|honor,My boss they mimicked my voice to get laughs.
boss-humiliated,my boss humiliated me in public|my boss embarrassed me in front of others|my boss exposed me in front of people|humiliated me in public|embarrassed me in front of others|exposed me in front of people,hurt|anxious|tense|angry,inclusion|belonging|To be seen|respect,My boss they pointed out a mistake loudly in front of others.
boss-broke-promise,my boss broke a promise to me|my boss didn't do what they said|my boss failed to follow through|broke a promise to me|didn't do what they said|failed to follow through,disappointed|sad|frustrated|hurt,trust|reliability|commitment|dependability,My boss they didn't do the thing they promised yesterday.
boss-silent-treatment,my boss gave me the silent treatment|my boss refused to speak to me|my boss stonewalled me|gave me the silent treatment|refused to speak to me|stonewalled me,lonely|sad|hurt|anxious,support|consideration|care|connection,My boss they wouldn't answer my texts or talk to me.
boss-canceled-last-minute,my boss canceled plans last minute|my boss backed out at the last minute|my boss pulled out with short notice|canceled plans last minute|backed out at the last minute|pulled out with short notice,disappointed|pressured|frustrated|sad,trust|reliability|commitment|dependability,My boss they canceled 20 minutes before we were supposed to meet.
coworker-yelled,my coworker yelled at me|my coworker shouted at me|my coworker raised their voice at me|yelled at me|shouted at me|raised their voice at me,hurt|anxious|tense|angry,respect|To be heard|consideration|honor,My coworker their voice got louder while speaking to me.
coworker-insulted,my coworker insulted me|my coworker called me names|my coworker made a rude remark|insulted me|called me names|made a rude remark,hurt|anxious|tense|angry,respect|To be heard|consideration|honor,My coworker they called me a name after I shared my view.
coworker-ignored,my coworker ignored me|my coworker didn't acknowledge me|my coworker looked past me|ignored me|didn't acknowledge me|looked past me,lonely|sad|hurt|anxious,inclusion|belonging|To be seen|respect,My coworker they looked past me when I greeted them.
coworker-talked-over,my coworker talked over me|my coworker spoke over me|my coworker cut me off|talked over me|spoke over me|cut me off,hurt|anxious|tense|angry,respect|To be heard|consideration|honor,My coworker they started speaking while I was mid‑sentence.
coworker-blamed,my coworker blamed me for it|my coworker said it was my fault|my coworker put the blame on me|blamed me for it|said it was my fault|put the blame on me,hurt|anxious|tense|angry,justice|fairness|respect|acknowledgement,My coworker they said it was my fault without checking facts.
coworker-accused-lying,my coworker accused me of lying|my coworker said I lied|my coworker called me a liar|accused me of lying|said I lied|called me a liar,hurt|anxious|tense|angry,trust|reliability|commitment|dependability,My coworker they said I was lying about the timeline.
coworker-lied,my coworker lied to me|my coworker was dishonest with me|my coworker hid the truth|lied to me|was dishonest with me|hid the truth,hurt|anxious|tense|angry,trust|reliability|commitment|dependability,My coworker i learned the story they told me wasn't true.
coworker-made-fun,my coworker made fun of me|my coworker mocked me|my coworker ridiculed me|made fun of me|mocked me|ridiculed me,hurt|anxious|tense|angry,respect|To be heard|consideration|honor,My coworker they mimicked my voice to get laughs.
coworker-humiliated,my coworker humiliated me in public|my coworker embarrassed me in front of others|my coworker exposed me in front of people|humiliated me in public|embarrassed me in front of others|exposed me in front of people,hurt|anxious|tense|angry,inclusion|belonging|To be seen|respect,My coworker they pointed out a mistake loudly in front of others.
coworker-broke-promise,my coworker broke a promise to me|my coworker didn't do what they said|my coworker failed to follow through|broke a promise to me|didn't do what they said|failed to follow through,disappointed|sad|frustrated|hurt,trust|reliability|commitment|dependability,My coworker they didn't do the thing they promised yesterday.
coworker-silent-treatment,my coworker gave me the silent treatment|my coworker refused to speak to me|my coworker stonewalled me|gave me the silent treatment|refused to speak to me|stonewalled me,lonely|sad|hurt|anxious,support|consideration|care|connection,My coworker they wouldn't answer my texts or talk to me.
coworker-canceled-last-minute,my coworker canceled plans last minute|my coworker backed out at the last minute|my coworker pulled out with short notice|canceled plans last minute|backed out at the last minute|pulled out with short notice,disappointed|pressured|frustrated|sad,trust|reliability|commitment|dependability,My coworker they canceled 20 minutes before we were supposed to meet.
roommate-yelled,my roommate yelled at me|my roommate shouted at me|my roommate raised their voice at me|yelled at me|shouted at me|raised their voice at me,hurt|anxious|tense|angry,respect|To be heard|consideration|honor,My roommate their voice got louder while speaking to me.
roommate-insulted,my roommate insulted me|my roommate called me names|my roommate made a rude remark|insulted me|called me names|made a rude remark,hurt|anxious|tense|angry,respect|To be heard|consideration|honor,My roommate they called me a name after I shared my view.
roommate-ignored,my roommate ignored me|my roommate didn't acknowledge me|my roommate looked past me|ignored me|didn't acknowledge me|looked past me,lonely|sad|hurt|anxious,inclusion|belonging|To be seen|respect,My roommate they looked past me when I greeted them.
roommate-talked-over,my roommate talked over me|my roommate spoke over me|my roommate cut me off|talked over me|spoke over me|cut me off,hurt|anxious|tense|angry,respect|To be heard|consideration|honor,My roommate they started speaking while I was mid‑sentence.
roommate-blamed,my roommate blamed me for it|my roommate said it was my fault|my roommate put the blame on me|blamed me for it|said it was my fault|put the blame on me,hurt|anxious|tense|angry,justice|fairness|respect|acknowledgement,My roommate they said it was my fault without checking facts.
roommate-accused-lying,my roommate accused me of lying|my roommate said I lied|my roommate called me a liar|accused me of lying|said I lied|called me a liar,hurt|anxious|tense|angry,trust|reliability|commitment|dependability,My roommate they said I was lying about the timeline.
roommate-lied,my roommate lied to me|my roommate was dishonest with me|my roommate hid the truth|lied to me|was dishonest with me|hid the truth,hurt|anxious|tense|angry,trust|reliability|commitment|dependability,My roommate i learned the story they told me wasn't true.
roommate-made-fun,my roommate made fun of me|my roommate mocked me|my roommate ridiculed me|made fun of me|mocked me|ridiculed me,hurt|anxious|tense|angry,respect|To be heard|consideration|honor,My roommate they mimicked my voice to get laughs.
roommate-humiliated,my roommate humiliated me in public|my roommate embarrassed me in front of others|my roommate exposed me in front of people|humiliated me in public|embarrassed me in front of others|exposed me in front of people,hurt|anxious|tense|angry,inclusion|belonging|To be seen|respect,My roommate they pointed out a mistake loudly in front of others.
roommate-broke-promise,my roommate broke a promise to me|my roommate didn't do what they said|my roommate failed to follow through|broke a promise to me|didn't do what they said|failed to follow through,disappointed|sad|frustrated|hurt,trust|reliability|commitment|dependability,My roommate they didn't do the thing they promised yesterday.
roommate-silent-treatment,my roommate gave me the silent treatment|my roommate refused to speak to me|my roommate stonewalled me|gave me the silent treatment|refused to speak to me|stonewalled me,lonely|sad|hurt|anxious,support|consideration|care|connection,My roommate they wouldn't answer my texts or talk to me.
roommate-canceled-last-minute,my roommate canceled plans last minute|my roommate backed out at the last minute|my roommate pulled out with short notice|canceled plans last minute|backed out at the last minute|pulled out with short notice,disappointed|pressured|frustrated|sad,trust|reliability|commitment|dependability,My roommate they canceled 20 minutes before we were supposed to meet.
parent-yelled,my parent yelled at me|my parent shouted at me|my parent raised their voice at me|yelled at me|shouted at me|raised their voice at me,hurt|anxious|tense|angry,respect|To be heard|consideration|honor,My parent their voice got louder while speaking to me.
parent-insulted,my parent insulted me|my parent called me names|my parent made a rude remark|insulted me|called me names|made a rude remark,hurt|anxious|tense|angry,respect|To be heard|consideration|honor,My parent they called me a name after I shared my view.
parent-ignored,my parent ignored me|my parent didn't acknowledge me|my parent looked past me|ignored me|didn't acknowledge me|looked past me,lonely|sad|hurt|anxious,inclusion|belonging|To be seen|respect,My parent they looked past me when I greeted them.
parent-talked-over,my parent talked over me|my parent spoke over me|my parent cut me off|talked over me|spoke over me|cut me off,hurt|anxious|tense|angry,respect|To be heard|consideration|honor,My parent they started speaking while I was mid‑sentence.
parent-blamed,my parent blamed me for it|my parent said it was my fault|my parent put the blame on me|blamed me for it|said it was my fault|put the blame on me,hurt|anxious|tense|angry,justice|fairness|respect|acknowledgement,My parent they said it was my fault without checking facts.
parent-accused-lying,my parent accused me of lying|my parent said I lied|my parent called me a liar|accused me of lying|said I lied|called me a liar,hurt|anxious|tense|angry,trust|reliability|commitment|dependability,My parent they said I was lying about the timeline.
parent-lied,my parent lied to me|my parent was dishonest with me|my parent hid the truth|lied to me|was dishonest with me|hid the truth,hurt|anxious|tense|angry,trust|reliability|commitment|dependability,My parent i learned the story they told me wasn't true.
parent-made-fun,my parent made fun of me|my parent mocked me|my parent ridiculed me|made fun of me|mocked me|ridiculed me,hurt|anxious|tense|angry,respect|To be heard|consideration|honor,My parent they mimicked my voice to get laughs.
parent-humiliated,my parent humiliated me in public|my parent embarrassed me in front of others|my parent exposed me in front of people|humiliated me in public|embarrassed me in front of others|exposed me in front of people,hurt|anxious|tense|angry,inclusion|belonging|To be seen|respect,My parent they pointed out a mistake loudly in front of others.
parent-broke-promise,my parent broke a promise to me|my parent didn't do what they said|my parent failed to follow through|broke a promise to me|didn't do what they said|failed to follow through,disappointed|sad|frustrated|hurt,trust|reliability|commitment|dependability,My parent they didn't do the thing they promised yesterday.
parent-silent-treatment,my parent gave me the silent treatment|my parent refused to speak to me|my parent stonewalled me|gave me the silent treatment|refused to speak to me|stonewalled me,lonely|sad|hurt|anxious,support|consideration|care|connection,My parent they wouldn't answer my texts or talk to me.
parent-canceled-last-minute,my parent canceled plans last minute|my parent backed out at the last minute|my parent pulled out with short notice|canceled plans last minute|backed out at the last minute|pulled out with short notice,disappointed|pressured|frustrated|sad,trust|reliability|commitment|dependability,My parent they canceled 20 minutes before we were supposed to meet.
mom-yelled,my mom yelled at me|my mom shouted at me|my mom raised their voice at me|yelled at me|shouted at me|raised their voice at me,hurt|anxious|tense|angry,respect|To be heard|consideration|honor,My mom their voice got louder while speaking to me.
mom-insulted,my mom insulted me|my mom called me names|my mom made a rude remark|insulted me|called me names|made a rude remark,hurt|anxious|tense|angry,respect|To be heard|consideration|honor,My mom they called me a name after I shared my view.
mom-ignored,my mom ignored me|my mom didn't acknowledge me|my mom looked past me|ignored me|didn't acknowledge me|looked past me,lonely|sad|hurt|anxious,inclusion|belonging|To be seen|respect,My mom they looked past me when I greeted them.
mom-talked-over,my mom talked over me|my mom spoke over me|my mom cut me off|talked over me|spoke over me|cut me off,hurt|anxious|tense|angry,respect|To be heard|consideration|honor,My mom they started speaking while I was mid‑sentence.
mom-blamed,my mom blamed me for it|my mom said it was my fault|my mom put the blame on me|blamed me for it|said it was my fault|put the blame on me,hurt|anxious|tense|angry,justice|fairness|respect|acknowledgement,My mom they said it was my fault without checking facts.
mom-accused-lying,my mom accused me of lying|my mom said I lied|my mom called me a liar|accused me of lying|said I lied|called me a liar,hurt|anxious|tense|angry,trust|reliability|commitment|dependability,My mom they said I was lying about the timeline.
mom-lied,my mom lied to me|my mom was dishonest with me|my mom hid the truth|lied to me|was dishonest with me|hid the truth,hurt|anxious|tense|angry,trust|reliability|commitment|dependability,My mom i learned the story they told me wasn't true.
mom-made-fun,my mom made fun of me|my mom mocked me|my mom ridiculed me|made fun of me|mocked me|ridiculed me,hurt|anxious|tense|angry,respect|To be heard|consideration|honor,My mom they mimicked my voice to get laughs.
mom-humiliated,my mom humiliated me in public|my mom embarrassed me in front of others|my mom exposed me in front of people|humiliated me in public|embarrassed me in front of others|exposed me in front of people,hurt|anxious|tense|angry,inclusion|belonging|To be seen|respect,My mom they pointed out a mistake loudly in front of others.
mom-broke-promise,my mom broke a promise to me|my mom didn't do what they said|my mom failed to follow through|broke a promise to me|didn't do what they said|failed to follow through,disappointed|sad|frustrated|hurt,trust|reliability|commitment|dependability,My mom they didn't do the thing they promised yesterday.
mom-silent-treatment,my mom gave me the silent treatment|my mom refused to speak to me|my mom stonewalled me|gave me the silent treatment|refused to speak to me|stonewalled me,lonely|sad|hurt|anxious,support|consideration|care|connection,My mom they wouldn't answer my texts or talk to me.
mom-canceled-last-minute,my mom canceled plans last minute|my mom backed out at the last minute|my mom pulled out with short notice|canceled plans last minute|backed out at the last minute|pulled out with short notice,disappointed|pressured|frustrated|sad,trust|reliability|commitment|dependability,My mom they canceled 20 minutes before we were supposed to meet.
dad-yelled,my dad yelled at me|my dad shouted at me|my dad raised their voice at me|yelled at me|shouted at me|raised their voice at me,hurt|anxious|tense|angry,respect|To be heard|consideration|honor,My dad their voice got louder while speaking to me.
dad-insulted,my dad insulted me|my dad called me names|my dad made a rude remark|insulted me|called me names|made a rude remark,hurt|anxious|tense|angry,respect|To be heard|consideration|honor,My dad they called me a name after I shared my view.
dad-ignored,my dad ignored me|my dad didn't acknowledge me|my dad looked past me|ignored me|didn't acknowledge me|looked past me,lonely|sad|hurt|anxious,inclusion|belonging|To be seen|respect,My dad they looked past me when I greeted them.
dad-talked-over,my dad talked over me|my dad spoke over me|my dad cut me off|talked over me|spoke over me|cut me off,hurt|anxious|tense|angry,respect|To be heard|consideration|honor,My dad they started speaking while I was mid‑sentence.
dad-blamed,my dad blamed me for it|my dad said it was my fault|my dad put the blame on me|blamed me for it|said it was my fault|put the blame on me,hurt|anxious|tense|angry,justice|fairness|respect|acknowledgement,My dad they said it was my fault without checking facts.
dad-accused-lying,my dad accused me of lying|my dad said I lied|my dad called me a liar|accused me of lying|said I lied|called me a liar,hurt|anxious|tense|angry,trust|reliability|commitment|dependability,My dad they said I was lying about the timeline.
dad-lied,my dad lied to me|my dad was dishonest with me|my dad hid the truth|lied to me|was dishonest with me|hid the truth,hurt|anxious|tense|angry,trust|reliability|commitment|dependability,My dad i learned the story they told me wasn't true.
dad-made-fun,my dad made fun of me|my dad mocked me|my dad ridiculed me|made fun of me|mocked me|ridiculed me,hurt|anxious|tense|angry,respect|To be heard|consideration|honor,My dad they mimicked my voice to get laughs.
dad-humiliated,my dad humiliated me in public|my dad embarrassed me in front of others|my dad exposed me in front of people|humiliated me in public|embarrassed me in front of others|exposed me in front of people,hurt|anxious|tense|angry,inclusion|belonging|To be seen|respect,My dad they pointed out a mistake loudly in front of others.
dad-broke-promise,my dad broke a promise to me|my dad didn't do what they said|my dad failed to follow through|broke a promise to me|didn't do what they said|failed to follow through,disappointed|sad|frustrated|hurt,trust|reliability|commitment|dependability,My dad they didn't do the thing they promised yesterday.
dad-silent-treatment,my dad gave me the silent treatment|my dad refused to speak to me|my dad stonewalled me|gave me the silent treatment|refused to speak to me|stonewalled me,lonely|sad|hurt|anxious,support|consideration|care|connection,My dad they wouldn't answer my texts or talk to me.
dad-canceled-last-minute,my dad canceled plans last minute|my dad backed out at the last minute|my dad pulled out with short notice|canceled plans last minute|backed out at the last minute|pulled out with short notice,disappointed|pressured|frustrated|sad,trust|reliability|commitment|dependability,My dad they canceled 20 minutes before we were supposed to meet.
sibling-yelled,my sibling yelled at me|my sibling shouted at me|my sibling raised their voice at me|yelled at me|shouted at me|raised their voice at me,hurt|anxious|tense|angry,respect|To be heard|consideration|honor,My sibling their voice got louder while speaking to me.
sibling-insulted,my sibling insulted me|my sibling called me names|my sibling made a rude remark|insulted me|called me names|made a rude remark,hurt|anxious|tense|angry,respect|To be heard|consideration|honor,My sibling they called me a name after I shared my view.
sibling-ignored,my sibling ignored me|my sibling didn't acknowledge me|my sibling looked past me|ignored me|didn't acknowledge me|looked past me,lonely|sad|hurt|anxious,inclusion|belonging|To be seen|respect,My sibling they looked past me when I greeted them.
sibling-talked-over,my sibling talked over me|my sibling spoke over me|my sibling cut me off|talked over me|spoke over me|cut me off,hurt|anxious|tense|angry,respect|To be heard|consideration|honor,My sibling they started speaking while I was mid‑sentence.
sibling-blamed,my sibling blamed me for it|my sibling said it was my fault|my sibling put the blame on me|blamed me for it|said it was my fault|put the blame on me,hurt|anxious|tense|angry,justice|fairness|respect|acknowledgement,My sibling they said it was my fault without checking facts.
sibling-accused-lying,my sibling accused me of lying|my sibling said I lied|my sibling called me a liar|accused me of lying|said I lied|called me a liar,hurt|anxious|tense|angry,trust|reliability|commitment|dependability,My sibling they said I was lying about the timeline.
sibling-lied,my sibling lied to me|my sibling was dishonest with me|my sibling hid the truth|lied to me|was dishonest with me|hid the truth,hurt|anxious|tense|angry,trust|reliability|commitment|dependability,My sibling i learned the story they told me wasn't true.
sibling-made-fun,my sibling made fun of me|my sibling mocked me|my sibling ridiculed me|made fun of me|mocked me|ridiculed me,hurt|anxious|tense|angry,respect|To be heard|consideration|honor,My sibling they mimicked my voice to get laughs.
sibling-humiliated,my sibling humiliated me in public|my sibling embarrassed me in front of others|my sibling exposed me in front of people|humiliated me in public|embarrassed me in front of others|exposed me in front of people,hurt|anxious|tense|angry,inclusion|belonging|To be seen|respect,My sibling they pointed out a mistake loudly in front of others.
sibling-broke-promise,my sibling broke a promise to me|my sibling didn't do what they said|my sibling failed to follow through|broke a promise to me|didn't do what they said|failed to follow through,disappointed|sad|frustrated|hurt,trust|reliability|commitment|dependability,My sibling they didn't do the thing they promised yesterday.
sibling-silent-treatment,my sibling gave me the silent treatment|my sibling refused to speak to me|my sibling stonewalled me|gave me the silent treatment|refused to speak to me|stonewalled me,lonely|sad|hurt|anxious,support|consideration|care|connection,My sibling they wouldn't answer my texts or talk to me.
sibling-canceled-last-minute,my sibling canceled plans last minute|my sibling backed out at the last minute|my sibling pulled out with short notice|canceled plans last minute|backed out at the last minute|pulled out with short notice,disappointed|pressured|frustrated|sad,trust|reliability|commitment|dependability,My sibling they canceled 20 minutes before we were supposed to meet.
teacher-yelled,my teacher yelled at me|my teacher shouted at me|my teacher raised their voice at me|yelled at me|shouted at me|raised their voice at me,hurt|anxious|tense|angry,respect|To be heard|consideration|honor,My teacher their voice got louder while speaking to me.
teacher-insulted,my teacher insulted me|my teacher called me names|my teacher made a rude remark|insulted me|called me names|made a rude remark,hurt|anxious|tense|angry,respect|To be heard|consideration|honor,My teacher they called me a name after I shared my view.
teacher-ignored,my teacher ignored me|my teacher didn't acknowledge me|my teacher looked past me|ignored me|didn't acknowledge me|looked past me,lonely|sad|hurt|anxious,inclusion|belonging|To be seen|respect,My teacher they looked past me when I greeted them.
teacher-talked-over,my teacher talked over me|my teacher spoke over me|my teacher cut me off|talked over me|spoke over me|cut me off,hurt|anxious|tense|angry,respect|To be heard|consideration|honor,My teacher they started speaking while I was mid‑sentence.
teacher-blamed,my teacher blamed me for it|my teacher said it was my fault|my teacher put the blame on me|blamed me for it|said it was my fault|put the blame on me,hurt|anxious|tense|angry,justice|fairness|respect|acknowledgement,My teacher they said it was my fault without checking facts.
teacher-accused-lying,my teacher accused me of lying|my teacher said I lied|my teacher called me a liar|accused me of lying|said I lied|called me a liar,hurt|anxious|tense|angry,trust|reliability|commitment|dependability,My teacher they said I was lying about the timeline.
teacher-lied,my teacher lied to me|my teacher was dishonest with me|my teacher hid the truth|lied to me|was dishonest with me|hid the truth,hurt|anxious|tense|angry,trust|reliability|commitment|dependability,My teacher i learned the story they told me wasn't true.
teacher-made-fun,my teacher made fun of me|my teacher mocked me|my teacher ridiculed me|made fun of me|mocked me|ridiculed me,hurt|anxious|tense|angry,respect|To be heard|consideration|honor,My teacher they mimicked my voice to get laughs.
teacher-humiliated,my teacher humiliated me in public|my teacher embarrassed me in front of others|my teacher exposed me in front of people|humiliated me in public|embarrassed me in front of others|exposed me in front of people,hurt|anxious|tense|angry,inclusion|belonging|To be seen|respect,My teacher they pointed out a mistake loudly in front of others.
teacher-broke-promise,my teacher broke a promise to me|my teacher didn't do what they said|my teacher failed to follow through|broke a promise to me|didn't do what they said|failed to follow through,disappointed|sad|frustrated|hurt,trust|reliability|commitment|dependability,My teacher they didn't do the thing they promised yesterday.
teacher-silent-treatment,my teacher gave me the silent treatment|my teacher refused to speak to me|my teacher stonewalled me|gave me the silent treatment|refused to speak to me|stonewalled me,lonely|sad|hurt|anxious,support|consideration|care|connection,My teacher they wouldn't answer my texts or talk to me.
teacher-canceled-last-minute,my teacher canceled plans last minute|my teacher backed out at the last minute|my teacher pulled out with short notice|canceled plans last minute|backed out at the last minute|pulled out with short notice,disappointed|pressured|frustrated|sad,trust|reliability|commitment|dependability,My teacher they canceled 20 minutes before we were supposed to meet.
manager-yelled,my manager yelled at me|my manager shouted at me|my manager raised their voice at me|yelled at me|shouted at me|raised their voice at me,hurt|anxious|tense|angry,respect|To be heard|consideration|honor,My manager their voice got louder while speaking to me.
manager-insulted,my manager insulted me|my manager called me names|my manager made a rude remark|insulted me|called me names|made a rude remark,hurt|anxious|tense|angry,respect|To be heard|consideration|honor,My manager they called me a name after I shared my view.
manager-ignored,my manager ignored me|my manager didn't acknowledge me|my manager looked past me|ignored me|didn't acknowledge me|looked past me,lonely|sad|hurt|anxious,inclusion|belonging|To be seen|respect,My manager they looked past me when I greeted them.
manager-talked-over,my manager talked over me|my manager spoke over me|my manager cut me off|talked over me|spoke over me|cut me off,hurt|anxious|tense|angry,respect|To be heard|consideration|honor,My manager they started speaking while I was mid‑sentence.
manager-blamed,my manager blamed me for it|my manager said it was my fault|my manager put the blame on me|blamed me for it|said it was my fault|put the blame on me,hurt|anxious|tense|angry,justice|fairness|respect|acknowledgement,My manager they said it was my fault without checking facts.
manager-accused-lying,my manager accused me of lying|my manager said I lied|my manager called me a liar|accused me of lying|said I lied|called me a liar,hurt|anxious|tense|angry,trust|reliability|commitment|dependability,My manager they said I was lying about the timeline.
manager-lied,my manager lied to me|my manager was dishonest with me|my manager hid the truth|lied to me|was dishonest with me|hid the truth,hurt|anxious|tense|angry,trust|reliability|commitment|dependability,My manager i learned the story they told me wasn't true.
manager-made-fun,my manager made fun of me|my manager mocked me|my manager ridiculed me|made fun of me|mocked me|ridiculed me,hurt|anxious|tense|angry,respect|To be heard|consideration|honor,My manager they mimicked my voice to get laughs.
manager-humiliated,my manager humiliated me in public|my manager embarrassed me in front of others|my manager exposed me in front of people|humiliated me in public|embarrassed me in front of others|exposed me in front of people,hurt|anxious|tense|angry,inclusion|belonging|To be seen|respect,My manager they pointed out a mistake loudly in front of others.
manager-broke-promise,my manager broke a promise to me|my manager didn't do what they said|my manager failed to follow through|broke a promise to me|didn't do what they said|failed to follow through,disappointed|sad|frustrated|hurt,trust|reliability|commitment|dependability,My manager they didn't do the thing they promised yesterday.
manager-silent-treatment,my manager gave me the silent treatment|my manager refused to speak to me|my manager stonewalled me|gave me the silent treatment|refused to speak to me|stonewalled me,lonely|sad|hurt|anxious,support|consideration|care|connection,My manager they wouldn't answer my texts or talk to me.
manager-canceled-last-minute,my manager canceled plans last minute|my manager backed out at the last minute|my manager pulled out with short notice|canceled plans last minute|backed out at the last minute|pulled out with short notice,disappointed|pressured|frustrated|sad,trust|reliability|commitment|dependability,My manager they canceled 20 minutes before we were supposed to meet.
generalization-listen,never listens to me|you never listen|they never listen,dismissed|hurt|lonely|frustrated,respect|To be heard|consideration|honor,"They said, 'You never listen,' during the conflict."
generalization-help,never helps|doesn't help me ever|never offers help,lonely|sad|hurt|anxious,support|consideration|care|connection,They said they never get any help from me.
generalization-apologize,never apologizes|doesn't say sorry ever|never says sorry,frustrated|resentful|pressured|tired,accountability|integrity|repair|honesty,"After mistakes, they never apologize."
generalization-on-time,never on time|always late to everything|never punctual,frustrated|resentful|pressured|tired,fairness|order|predictability|respect,They said I'm never on time for plans.
generalization-reply,never replies|doesn't reply ever|never texts back,lonely|sad|hurt|anxious,inclusion|belonging|To be seen|respect,They never replied to my messages last month.
generalization-clean-up,never cleans up|always leaves a mess|never tidies shared space,frustrated|resentful|pressured|tired,order|consideration|support|respect,They always leave dishes in the sink.
generalization-take-responsibility,never takes responsibility|always blames others|never owns mistakes,hurt|anxious|tense|angry,accountability|integrity|repair|honesty,They said he never takes responsibility at work.
generalization-keep-promises,never keeps promises|always breaks promises|never follows through,disappointed|sad|frustrated|hurt,trust|reliability|commitment|dependability,They always break promises about plans.
generalization-be-honest,never honest|always lies|never tells the truth,hurt|anxious|tense|angry,trust|reliability|commitment|dependability,They said I'm never honest with them.
i-yelled,I yelled at them|I raised my voice|I shouted during the argument,anxious|sad|tense|concerned,accountability|integrity|repair|honesty,I raised my voice during the argument and wish I hadn't.
i-missed-deadline,I missed the deadline|I turned it in late|I didn't finish on time,anxious|pressured|tired|worried,clarity|support|repair|learning,I missed the deadline by a day.
i-forgot-to-reply,I forgot to reply|I never texted back|I didn't respond,concerned|anxious|sad|uneasy,repair|acknowledgement|consideration|respect,I never replied to their message.
i-broke-promise,I broke a promise|I didn't do what I said|I failed to follow through,sad|anxious|tense|concerned,accountability|integrity|repair|honesty,I said I'd call and I didn't.
i-interrupted,I interrupted them|I talked over them|I cut them off,concerned|anxious|tense|sad,accountability|integrity|repair|honesty,I cut them off while they were speaking.
i-canceled-last-minute,I canceled last minute|I backed out with short notice|I pulled out at the last minute,concerned|anxious|tense|sad,repair|consideration|respect|acknowledgement,I canceled 15 minutes before we were supposed to meet.
i-ignored-message,I ignored their message|I left them on read|I didn't respond to their text,concerned|uneasy|anxious|sad,repair|consideration|respect|To be seen,I saw their message and didn't reply.
i-forgot-important-date,I forgot their birthday|I forgot our anniversary|I missed an important date,sad|anxious|concerned|uneasy,repair|acknowledgement|respect|Love/Caring,I forgot their birthday.
i-shared-without-consent,I shared their message without asking|I forwarded their email without consent|I posted their photo without permission,concerned|anxious|uneasy|sad,privacy|respect|repair|integrity,I posted a photo of them without checking first.
stranger-kindness,stranger helped me|someone held the door|someone paid for my coffee,joyful|happy|grateful|moved,community|connection|care|appreciation,A stranger paid for my coffee.
nature-calm,watched the sunrise|listened to birds|saw a beautiful sky,relieved|calm|grateful|content,peace|serenity|rest|connection,I watched the sunrise before work.
team-supported,team covered for me|coworker offered to help|manager protected my time,relieved|calm|grateful|content,support|consideration|care|trust,My teammate offered to take a task off my plate.
feeling-agitated-work,feedback given in public|credit taken by someone else|deadline moved earlier without asking,Agitated|anxious|hurt,Accountability|Justice|To be heard|Peer Respect,Feedback about me was given publicly without any heads-up.
feeling-agitated-relationship,stopped replying for days|canceled plans last minute|compared me to an ex,Agitated|anxious|hurt,Closeness|To be seen|Love/Caring|Acceptance,They canceled our plan at the last minute and stopped replying.
feeling-agitated-public,cut in line at checkout|crowded train pressed against me|someone shouted near my ear,Agitated|anxious|hurt,Equality|Respect|Safety|Community,Someone cut in front of me in a long line at the store.
feeling-agitated-digital,posted my photo without consent|forwarded my email to others|tagged me publicly without context,Agitated|anxious|hurt,Privacy|To be seen|Accountability|Justice,A photo of me was posted publicly without asking first.
feeling-antagonistic-work,feedback given in public|credit taken by someone else|deadline moved earlier without asking,Antagonistic|anxious|hurt,Accountability|Justice|To be heard|Peer Respect,Feedback about me was given publicly without any heads-up.
feeling-antagonistic-relationship,stopped replying for days|canceled plans last minute|compared me to an ex,Antagonistic|anxious|hurt,Closeness|To be seen|Love/Caring|Acceptance,They canceled our plan at the last minute and stopped replying.
feeling-antagonistic-public,cut in line at checkout|crowded train pressed against me|someone shouted near my ear,Antagonistic|anxious|hurt,Equality|Respect|Safety|Community,Someone cut in front of me in a long line at the store.
feeling-antagonistic-digital,posted my photo without consent|forwarded my email to others|tagged me publicly without context,Antagonistic|anxious|hurt,Privacy|To be seen|Accountability|Justice,A photo of me was posted publicly without asking first.
feeling-anxiety-work,feedback given in public|credit taken by someone else|deadline moved earlier without asking,Anxiety|anxious|hurt,Accountability|Justice|To be heard|Peer Respect,Feedback about me was given publicly without any heads-up.
feeling-anxiety-relationship,stopped replying for days|canceled plans last minute|compared me to an ex,Anxiety|anxious|hurt,Closeness|To be seen|Love/Caring|Acceptance,They canceled our plan at the last minute and stopped replying.
feeling-anxiety-public,cut in line at checkout|crowded train pressed against me|someone shouted near my ear,Anxiety|anxious|hurt,Equality|Respect|Safety|Community,Someone cut in front of me in a long line at the store.
feeling-anxiety-digital,posted my photo without consent|forwarded my email to others|tagged me publicly without context,Anxiety|anxious|hurt,Privacy|To be seen|Accountability|Justice,A photo of me was posted publicly without asking first.
feeling-defiant-work,feedback given in public|credit taken by someone else|deadline moved earlier without asking,Defiant|anxious|hurt,Accountability|Justice|To be heard|Peer Respect,Feedback about me was given publicly without any heads-up.
feeling-defiant-relationship,stopped replying for days|canceled plans last minute|compared me to an ex,Defiant|anxious|hurt,Closeness|To be seen|Love/Caring|Acceptance,They canceled our plan at the last minute and stopped replying.
feeling-defiant-public,cut in line at checkout|crowded train pressed against me|someone shouted near my ear,Defiant|anxious|hurt,Equality|Respect|Safety|Community,Someone cut in front of me in a long line at the store.
feeling-defiant-digital,posted my photo without consent|forwarded my email to others|tagged me publicly without context,Defiant|anxious|hurt,Privacy|To be seen|Accountability|Justice,A photo of me was posted publicly without asking first.
feeling-desperation-work,feedback given in public|credit taken by someone else|deadline moved earlier without asking,Desperation|anxious|hurt,Accountability|Justice|To be heard|Peer Respect,Feedback about me was given publicly without any heads-up.
feeling-desperation-relationship,stopped replying for days|canceled plans last minute|compared me to an ex,Desperation|anxious|hurt,Closeness|To be seen|Love/Caring|Acceptance,They canceled our plan at the last minute and stopped replying.
feeling-desperation-public,cut in line at checkout|crowded train pressed against me|someone shouted near my ear,Desperation|anxious|hurt,Equality|Respect|Safety|Community,Someone cut in front of me in a long line at the store.
feeling-desperation-digital,posted my photo without consent|forwarded my email to others|tagged me publicly without context,Desperation|anxious|hurt,Privacy|To be seen|Accountability|Justice,A photo of me was posted publicly without asking first.
feeling-distressed-work,feedback given in public|credit taken by someone else|deadline moved earlier without asking,Distressed|anxious|hurt,Accountability|Justice|To be heard|Peer Respect,Feedback about me was given publicly without any heads-up.
feeling-distressed-relationship,stopped replying for days|canceled plans last minute|compared me to an ex,Distressed|anxious|hurt,Closeness|To be seen|Love/Caring|Acceptance,They canceled our plan at the last minute and stopped replying.
feeling-distressed-public,cut in line at checkout|crowded train pressed against me|someone shouted near my ear,Distressed|anxious|hurt,Equality|Respect|Safety|Community,Someone cut in front of me in a long line at the store.
feeling-distressed-digital,posted my photo without consent|forwarded my email to others|tagged me publicly without context,Distressed|anxious|hurt,Privacy|To be seen|Accountability|Justice,A photo of me was posted publicly without asking first.
feeling-enraged-work,feedback given in public|credit taken by someone else|deadline moved earlier without asking,Enraged|anxious|hurt,Accountability|Justice|To be heard|Peer Respect,Feedback about me was given publicly without any heads-up.
feeling-enraged-relationship,stopped replying for days|canceled plans last minute|compared me to an ex,Enraged|anxious|hurt,Closeness|To be seen|Love/Caring|Acceptance,They canceled our plan at the last minute and stopped replying.
feeling-enraged-public,cut in line at checkout|crowded train pressed against me|someone shouted near my ear,Enraged|anxious|hurt,Equality|Respect|Safety|Community,Someone cut in front of me in a long line at the store.
feeling-enraged-digital,posted my photo without consent|forwarded my email to others|tagged me publicly without context,Enraged|anxious|hurt,Privacy|To be seen|Accountability|Justice,A photo of me was posted publicly without asking first.
feeling-fear-work,feedback given in public|credit taken by someone else|deadline moved earlier without asking,Fear|anxious|hurt,Accountability|Justice|To be heard|Peer Respect,Feedback about me was given publicly without any heads-up.
feeling-fear-relationship,stopped replying for days|canceled plans last minute|compared me to an ex,Fear|anxious|hurt,Closeness|To be seen|Love/Caring|Acceptance,They canceled our plan at the last minute and stopped replying.
feeling-fear-public,cut in line at checkout|crowded train pressed against me|someone shouted near my ear,Fear|anxious|hurt,Equality|Respect|Safety|Community,Someone cut in front of me in a long line at the store.
feeling-fear-digital,posted my photo without consent|forwarded my email to others|tagged me publicly without context,Fear|anxious|hurt,Privacy|To be seen|Accountability|Justice,A photo of me was posted publicly without asking first.
feeling-frightened-work,feedback given in public|credit taken by someone else|deadline moved earlier without asking,Frightened|anxious|hurt,Accountability|Justice|To be heard|Peer Respect,Feedback about me was given publicly without any heads-up.
feeling-frightened-relationship,stopped replying for days|canceled plans last minute|compared me to an ex,Frightened|anxious|hurt,Closeness|To be seen|Love/Caring|Acceptance,They canceled our plan at the last minute and stopped replying.
feeling-frightened-public,cut in line at checkout|crowded train pressed against me|someone shouted near my ear,Frightened|anxious|hurt,Equality|Respect|Safety|Community,Someone cut in front of me in a long line at the store.
feeling-frightened-digital,posted my photo without consent|forwarded my email to others|tagged me publicly without context,Frightened|anxious|hurt,Privacy|To be seen|Accountability|Justice,A photo of me was posted publicly without asking first.
feeling-helpless-work,feedback given in public|credit taken by someone else|deadline moved earlier without asking,Helpless|anxious|hurt,Accountability|Justice|To be heard|Peer Respect,Feedback about me was given publicly without any heads-up.
feeling-helpless-relationship,stopped replying for days|canceled plans last minute|compared me to an ex,Helpless|anxious|hurt,Closeness|To be seen|Love/Caring|Acceptance,They canceled our plan at the last minute and stopped replying.
feeling-helpless-public,cut in line at checkout|crowded train pressed against me|someone shouted near my ear,Helpless|anxious|hurt,Equality|Respect|Safety|Community,Someone cut in front of me in a long line at the store.
feeling-helpless-digital,posted my photo without consent|forwarded my email to others|tagged me publicly without context,Helpless|anxious|hurt,Privacy|To be seen|Accountability|Justice,A photo of me was posted publicly without asking first.
feeling-hostile-work,feedback given in public|credit taken by someone else|deadline moved earlier without asking,Hostile|anxious|hurt,Accountability|Justice|To be heard|Peer Respect,Feedback about me was given publicly without any heads-up.
feeling-hostile-relationship,stopped replying for days|canceled plans last minute|compared me to an ex,Hostile|anxious|hurt,Closeness|To be seen|Love/Caring|Acceptance,They canceled our plan at the last minute and stopped replying.
feeling-hostile-public,cut in line at checkout|crowded train pressed against me|someone shouted near my ear,Hostile|anxious|hurt,Equality|Respect|Safety|Community,Someone cut in front of me in a long line at the store.
feeling-hostile-digital,posted my photo without consent|forwarded my email to others|tagged me publicly without context,Hostile|anxious|hurt,Privacy|To be seen|Accountability|Justice,A photo of me was posted publicly without asking first.
feeling-impotent-work,feedback given in public|credit taken by someone else|deadline moved earlier without asking,Impotent|anxious|hurt,Accountability|Justice|To be heard|Peer Respect,Feedback about me was given publicly without any heads-up.
feeling-impotent-relationship,stopped replying for days|canceled plans last minute|compared me to an ex,Impotent|anxious|hurt,Closeness|To be seen|Love/Caring|Acceptance,They canceled our plan at the last minute and stopped replying.
feeling-impotent-public,cut in line at checkout|crowded train pressed against me|someone shouted near my ear,Impotent|anxious|hurt,Equality|Respect|Safety|Community,Someone cut in front of me in a long line at the store.
feeling-impotent-digital,posted my photo without consent|forwarded my email to others|tagged me publicly without context,Impotent|anxious|hurt,Privacy|To be seen|Accountability|Justice,A photo of me was posted publicly without asking first.
feeling-in pain-work,feedback given in public|credit taken by someone else|deadline moved earlier without asking,In pain|anxious|hurt,Accountability|Justice|To be heard|Peer Respect,Feedback about me was given publicly without any heads-up.
feeling-in pain-relationship,stopped replying for days|canceled plans last minute|compared me to an ex,In pain|anxious|hurt,Closeness|To be seen|Love/Caring|Acceptance,They canceled our plan at the last minute and stopped replying.
feeling-in pain-public,cut in line at checkout|crowded train pressed against me|someone shouted near my ear,In pain|anxious|hurt,Equality|Respect|Safety|Community,Someone cut in front of me in a long line at the store.
feeling-in pain-digital,posted my photo without consent|forwarded my email to others|tagged me publicly without context,In pain|anxious|hurt,Privacy|To be seen|Accountability|Justice,A photo of me was posted publicly without asking first.
feeling-jealous-work,feedback given in public|credit taken by someone else|deadline moved earlier without asking,Jealous|anxious|hurt,Accountability|Justice|To be heard|Peer Respect,Feedback about me was given publicly without any heads-up.
feeling-jealous-relationship,stopped replying for days|canceled plans last minute|compared me to an ex,Jealous|anxious|hurt,Closeness|To be seen|Love/Caring|Acceptance,They canceled our plan at the last minute and stopped replying.
feeling-jealous-public,cut in line at checkout|crowded train pressed against me|someone shouted near my ear,Jealous|anxious|hurt,Equality|Respect|Safety|Community,Someone cut in front of me in a long line at the store.
feeling-jealous-digital,posted my photo without consent|forwarded my email to others|tagged me publicly without context,Jealous|anxious|hurt,Privacy|To be seen|Accountability|Justice,A photo of me was posted publicly without asking first.
feeling-terrified-work,feedback given in public|credit taken by someone else|deadline moved earlier without asking,Terrified|anxious|hurt,Accountability|Justice|To be heard|Peer Respect,Feedback about me was given publicly without any heads-up.
feeling-terrified-relationship,stopped replying for days|canceled plans last minute|compared me to an ex,Terrified|anxious|hurt,Closeness|To be seen|Love/Caring|Acceptance,They canceled our plan at the last minute and stopped replying.
feeling-terrified-public,cut in line at checkout|crowded train pressed against me|someone shouted near my ear,Terrified|anxious|hurt,Equality|Respect|Safety|Community,Someone cut in front of me in a long line at the store.
feeling-terrified-digital,posted my photo without consent|forwarded my email to others|tagged me publicly without context,Terrified|anxious|hurt,Privacy|To be seen|Accountability|Justice,A photo of me was posted publicly without asking first.
feeling-thwarted-work,feedback given in public|credit taken by someone else|deadline moved earlier without asking,Thwarted|anxious|hurt,Accountability|Justice|To be heard|Peer Respect,Feedback about me was given publicly without any heads-up.
feeling-thwarted-relationship,stopped replying for days|canceled plans last minute|compared me to an ex,Thwarted|anxious|hurt,Closeness|To be seen|Love/Caring|Acceptance,They canceled our plan at the last minute and stopped replying.
feeling-thwarted-public,cut in line at checkout|crowded train pressed against me|someone shouted near my ear,Thwarted|anxious|hurt,Equality|Respect|Safety|Community,Someone cut in front of me in a long line at the store.
feeling-thwarted-digital,posted my photo without consent|forwarded my email to others|tagged me publicly without context,Thwarted|anxious|hurt,Privacy|To be seen|Accountability|Justice,A photo of me was posted publicly without asking first.
need-acceptance-community,no ramp available|group event not inclusive|public tag without consent,anxious|tense|worried,Acceptance|Equality|Community,The venue had no ramp even though accessibility was requested.
need-acceptance-health,appointment started late|results portal not updated|discussed private details in public,anxious|tense|worried,Acceptance|Privacy|Respect,The appointment started 45 minutes late and test results still show pending.
need-accomplishment-community,no ramp available|group event not inclusive|public tag without consent,anxious|tense|worried,Accomplishment|Equality|Community,The venue had no ramp even though accessibility was requested.
need-accomplishment-health,appointment started late|results portal not updated|discussed private details in public,anxious|tense|worried,Accomplishment|Privacy|Respect,The appointment started 45 minutes late and test results still show pending.
need-accountability-home,noise during quiet hours|shared space left messy|thermostat changed without asking,anxious|tense|worried,Accountability|Consistency|Respect,The thermostat was changed several degrees without checking with me.
need-accountability-work,meeting started early without me|decision made before I arrived|scope expanded without check‑in,anxious|frustrated|hurt,Accountability|To be heard|Peer Respect,A decision about my work was made before I joined the meeting.
need-act-freely-relationship,no response after heartfelt share|forgot important date|withheld affection for weeks,anxious|frustrated|hurt,Act Freely|Closeness|Love/Caring,I shared something personal and received no response for days.
need-act-freely-home,noise during quiet hours|shared space left messy|thermostat changed without asking,anxious|tense|worried,Act Freely|Consistency|Respect,The thermostat was changed several degrees without checking with me.
need-appreciation-work,meeting started early without me|decision made before I arrived|scope expanded without check‑in,anxious|frustrated|hurt,Appreciation|To be heard|Peer Respect,A decision about my work was made before I joined the meeting.
need-appreciation-community,no ramp available|group event not inclusive|public tag without consent,anxious|tense|worried,Appreciation|Equality|Community,The venue had no ramp even though accessibility was requested.
need-authenticity-work,meeting started early without me|decision made before I arrived|scope expanded without check‑in,anxious|frustrated|hurt,Authenticity|To be heard|Peer Respect,A decision about my work was made before I joined the meeting.
need-authenticity-community,no ramp available|group event not inclusive|public tag without consent,anxious|tense|worried,Authenticity|Equality|Community,The venue had no ramp even though accessibility was requested.
need-beauty-community,no ramp available|group event not inclusive|public tag without consent,anxious|tense|worried,Beauty|Equality|Community,The venue had no ramp even though accessibility was requested.
need-beauty-health,appointment started late|results portal not updated|discussed private details in public,anxious|tense|worried,Beauty|Privacy|Respect,The appointment started 45 minutes late and test results still show pending.
need-causality-community,no ramp available|group event not inclusive|public tag without consent,anxious|tense|worried,Causality|Equality|Community,The venue had no ramp even though accessibility was requested.
need-causality-health,appointment started late|results portal not updated|discussed private details in public,anxious|tense|worried,Causality|Privacy|Respect,The appointment started 45 minutes late and test results still show pending.
need-choose-freely-home,noise during quiet hours|shared space left messy|thermostat changed without asking,anxious|tense|worried,Choose Freely|Consistency|Respect,The thermostat was changed several degrees without checking with me.
need-choose-freely-work,meeting started early without me|decision made before I arrived|scope expanded without check‑in,anxious|frustrated|hurt,Choose Freely|To be heard|Peer Respect,A decision about my work was made before I joined the meeting.
need-closeness-work,meeting started early without me|decision made before I arrived|scope expanded without check‑in,anxious|frustrated|hurt,Closeness|To be heard|Peer Respect,A decision about my work was made before I joined the meeting.
need-closeness-community,no ramp available|group event not inclusive|public tag without consent,anxious|tense|worried,Closeness|Equality|Community,The venue had no ramp even though accessibility was requested.
need-community-health,appointment started late|results portal not updated|discussed private details in public,anxious|tense|worried,Community|Privacy|Respect,The appointment started 45 minutes late and test results still show pending.
need-community-relationship,no response after heartfelt share|forgot important date|withheld affection for weeks,anxious|frustrated|hurt,Community|Closeness|Love/Caring,I shared something personal and received no response for days.
need-consistency-relationship,no response after heartfelt share|forgot important date|withheld affection for weeks,anxious|frustrated|hurt,Consistency|Closeness|Love/Caring,I shared something personal and received no response for days.
need-consistency-home,noise during quiet hours|shared space left messy|thermostat changed without asking,anxious|tense|worried,Consistency|Consistency|Respect,The thermostat was changed several degrees without checking with me.
need-contribution-work,meeting started early without me|decision made before I arrived|scope expanded without check‑in,anxious|frustrated|hurt,Contribution|To be heard|Peer Respect,A decision about my work was made before I joined the meeting.
need-contribution-community,no ramp available|group event not inclusive|public tag without consent,anxious|tense|worried,Contribution|Equality|Community,The venue had no ramp even though accessibility was requested.
need-do-things-at-my-own-pace-and-in-my-own-way-health,appointment started late|results portal not updated|discussed private details in public,anxious|tense|worried,Do things at my own pace and in my own way|Privacy|Respect,The appointment started 45 minutes late and test results still show pending.
need-do-things-at-my-own-pace-and-in-my-own-way-relationship,no response after heartfelt share|forgot important date|withheld affection for weeks,anxious|frustrated|hurt,Do things at my own pace and in my own way|Closeness|Love/Caring,I shared something personal and received no response for days.
need-equality-work,meeting started early without me|decision made before I arrived|scope expanded without check‑in,anxious|frustrated|hurt,Equality|To be heard|Peer Respect,A decision about my work was made before I joined the meeting.
need-equality-community,no ramp available|group event not inclusive|public tag without consent,anxious|tense|worried,Equality|Equality|Community,The venue had no ramp even though accessibility was requested.
need-friendship-relationship,no response after heartfelt share|forgot important date|withheld affection for weeks,anxious|frustrated|hurt,Friendship|Closeness|Love/Caring,I shared something personal and received no response for days.
need-friendship-home,noise during quiet hours|shared space left messy|thermostat changed without asking,anxious|tense|worried,Friendship|Consistency|Respect,The thermostat was changed several degrees without checking with me.
need-genuineness-home,noise during quiet hours|shared space left messy|thermostat changed without asking,anxious|tense|worried,Genuineness|Consistency|Respect,The thermostat was changed several degrees without checking with me.
need-genuineness-work,meeting started early without me|decision made before I arrived|scope expanded without check‑in,anxious|frustrated|hurt,Genuineness|To be heard|Peer Respect,A decision about my work was made before I joined the meeting.
need-growth-community,no ramp available|group event not inclusive|public tag without consent,anxious|tense|worried,Growth|Equality|Community,The venue had no ramp even though accessibility was requested.
need-growth-health,appointment started late|results portal not updated|discussed private details in public,anxious|tense|worried,Growth|Privacy|Respect,The appointment started 45 minutes late and test results still show pending.
need-justice-health,appointment started late|results portal not updated|discussed private details in public,anxious|tense|worried,Justice|Privacy|Respect,The appointment started 45 minutes late and test results still show pending.
need-justice-relationship,no response after heartfelt share|forgot important date|withheld affection for weeks,anxious|frustrated|hurt,Justice|Closeness|Love/Caring,I shared something personal and received no response for days.
need-love-caring-home,noise during quiet hours|shared space left messy|thermostat changed without asking,anxious|tense|worried,Love/Caring|Consistency|Respect,The thermostat was changed several degrees without checking with me.
need-love-caring-work,meeting started early without me|decision made before I arrived|scope expanded without check‑in,anxious|frustrated|hurt,Love/Caring|To be heard|Peer Respect,A decision about my work was made before I joined the meeting.
need-mattering-home,noise during quiet hours|shared space left messy|thermostat changed without asking,anxious|tense|worried,Mattering|Consistency|Respect,The thermostat was changed several degrees without checking with me.
need-mattering-work,meeting started early without me|decision made before I arrived|scope expanded without check‑in,anxious|frustrated|hurt,Mattering|To be heard|Peer Respect,A decision about my work was made before I joined the meeting.
need-need-for-all-living-things-to-flourish-home,noise during quiet hours|shared space left messy|thermostat changed without asking,anxious|tense|worried,Need for all living things to flourish|Consistency|Respect,The thermostat was changed several degrees without checking with me.
need-need-for-all-living-things-to-flourish-work,meeting started early without me|decision made before I arrived|scope expanded without check‑in,anxious|frustrated|hurt,Need for all living things to flourish|To be heard|Peer Respect,A decision about my work was made before I joined the meeting.
need-need-to-matter-home,noise during quiet hours|shared space left messy|thermostat changed without asking,anxious|tense|worried,Need to matter|Consistency|Respect,The thermostat was changed several degrees without checking with me.
need-need-to-matter-work,meeting started early without me|decision made before I arrived|scope expanded without check‑in,anxious|frustrated|hurt,Need to matter|To be heard|Peer Respect,A decision about my work was made before I joined the meeting.
need-non-judgmental-communication-community,no ramp available|group event not inclusive|public tag without consent,anxious|tense|worried,Non-judgmental Communication|Equality|Community,The venue had no ramp even though accessibility was requested.
need-non-judgmental-communication-health,appointment started late|results portal not updated|discussed private details in public,anxious|tense|worried,Non-judgmental Communication|Privacy|Respect,The appointment started 45 minutes late and test results still show pending.
need-nurturing-community,no ramp available|group event not inclusive|public tag without consent,anxious|tense|worried,Nurturing|Equality|Community,The venue had no ramp even though accessibility was requested.
need-nurturing-health,appointment started late|results portal not updated|discussed private details in public,anxious|tense|worried,Nurturing|Privacy|Respect,The appointment started 45 minutes late and test results still show pending.
need-peer-respect-home,noise during quiet hours|shared space left messy|thermostat changed without asking,anxious|tense|worried,Peer Respect|Consistency|Respect,The thermostat was changed several degrees without checking with me.
need-peer-respect-work,meeting started early without me|decision made before I arrived|scope expanded without check‑in,anxious|frustrated|hurt,Peer Respect|To be heard|Peer Respect,A decision about my work was made before I joined the meeting.
need-physical-fitness-relationship,no response after heartfelt share|forgot important date|withheld affection for weeks,anxious|frustrated|hurt,Physical Fitness|Closeness|Love/Caring,I shared something personal and received no response for days.
need-physical-fitness-home,noise during quiet hours|shared space left messy|thermostat changed without asking,anxious|tense|worried,Physical Fitness|Consistency|Respect,The thermostat was changed several degrees without checking with me.
need-relaxation-home,noise during quiet hours|shared space left messy|thermostat changed without asking,anxious|tense|worried,Relaxation|Consistency|Respect,The thermostat was changed several degrees without checking with me.
need-relaxation-work,meeting started early without me|decision made before I arrived|scope expanded without check‑in,anxious|frustrated|hurt,Relaxation|To be heard|Peer Respect,A decision about my work was made before I joined the meeting.
need-self-expression-work,meeting started early without me|decision made before I arrived|scope expanded without check‑in,anxious|frustrated|hurt,Self expression|To be heard|Peer Respect,A decision about my work was made before I joined the meeting.
need-self-expression-community,no ramp available|group event not inclusive|public tag without consent,anxious|tense|worried,Self expression|Equality|Community,The venue had no ramp even though accessibility was requested.
need-to-be-heard-work,meeting started early without me|decision made before I arrived|scope expanded without check‑in,anxious|frustrated|hurt,To be heard|To be heard|Peer Respect,A decision about my work was made before I joined the meeting.
need-to-be-heard-community,no ramp available|group event not inclusive|public tag without consent,anxious|tense|worried,To be heard|Equality|Community,The venue had no ramp even though accessibility was requested.
need-to-be-seen-community,no ramp available|group event not inclusive|public tag without consent,anxious|tense|worried,To be seen|Equality|Community,The venue had no ramp even though accessibility was requested.
need-to-be-seen-health,appointment started late|results portal not updated|discussed private details in public,anxious|tense|worried,To be seen|Privacy|Respect,The appointment started 45 minutes late and test results still show pending.
my-boss-dismissed-me,my boss dismissed my concern|my boss said I'm overreacting|my boss brushed me off|dismissed my concern|said I'm overreacting|brushed me off,Agitated|hurt|frustrated,To be heard|Acceptance|Respect,"After I shared, they said I was overreacting."
my-boss-ignored-boundary,my boss crossed my boundary|my boss kept pushing after I said no|my boss insisted after I declined|crossed my boundary|kept pushing after I said no|insisted after I declined,Defiant|tense|anxious,Act Freely|Autonomy|Respect,"I said no, and they kept pushing."
my-boss-public-critique,my boss criticized me publicly|my boss called me out in front of others|my boss pointed at my mistake loudly|criticized me publicly|called me out in front of others|pointed at my mistake loudly,Distressed|embarrassed|anxious,Peer Respect|Justice|To be seen,They highlighted my mistake in front of everyone.
my-boss-took-credit,my boss took credit for my work|my boss presented my work as theirs|my boss left my name off|took credit for my work|presented my work as theirs|left my name off,Jealous|hurt|angry,Accomplishment|Acknowledgement|Justice,My contribution was presented without my name.
my-boss-excluded,my boss left me out of the invite|my boss didn't include me|my boss planned without telling me|left me out of the invite|didn't include me|planned without telling me,Helpless|lonely|sad,Community|Friendship|To be seen,An event was planned without inviting me.
my-manager-dismissed-me,my manager dismissed my concern|my manager said I'm overreacting|my manager brushed me off|dismissed my concern|said I'm overreacting|brushed me off,Agitated|hurt|frustrated,To be heard|Acceptance|Respect,"After I shared, they said I was overreacting."
my-manager-ignored-boundary,my manager crossed my boundary|my manager kept pushing after I said no|my manager insisted after I declined|crossed my boundary|kept pushing after I said no|insisted after I declined,Defiant|tense|anxious,Act Freely|Autonomy|Respect,"I said no, and they kept pushing."
my-manager-public-critique,my manager criticized me publicly|my manager called me out in front of others|my manager pointed at my mistake loudly|criticized me publicly|called me out in front of others|pointed at my mistake loudly,Distressed|embarrassed|anxious,Peer Respect|Justice|To be seen,They highlighted my mistake in front of everyone.
my-manager-took-credit,my manager took credit for my work|my manager presented my work as theirs|my manager left my name off|took credit for my work|presented my work as theirs|left my name off,Jealous|hurt|angry,Accomplishment|Acknowledgement|Justice,My contribution was presented without my name.
my-manager-excluded,my manager left me out of the invite|my manager didn't include me|my manager planned without telling me|left me out of the invite|didn't include me|planned without telling me,Helpless|lonely|sad,Community|Friendship|To be seen,An event was planned without inviting me.
my-coworker-dismissed-me,my coworker dismissed my concern|my coworker said I'm overreacting|my coworker brushed me off|dismissed my concern|said I'm overreacting|brushed me off,Agitated|hurt|frustrated,To be heard|Acceptance|Respect,"After I shared, they said I was overreacting."
my-coworker-ignored-boundary,my coworker crossed my boundary|my coworker kept pushing after I said no|my coworker insisted after I declined|crossed my boundary|kept pushing after I said no|insisted after I declined,Defiant|tense|anxious,Act Freely|Autonomy|Respect,"I said no, and they kept pushing."
my-coworker-public-critique,my coworker criticized me publicly|my coworker called me out in front of others|my coworker pointed at my mistake loudly|criticized me publicly|called me out in front of others|pointed at my mistake loudly,Distressed|embarrassed|anxious,Peer Respect|Justice|To be seen,They highlighted my mistake in front of everyone.
my-coworker-took-credit,my coworker took credit for my work|my coworker presented my work as theirs|my coworker left my name off|took credit for my work|presented my work as theirs|left my name off,Jealous|hurt|angry,Accomplishment|Acknowledgement|Justice,My contribution was presented without my name.
my-coworker-excluded,my coworker left me out of the invite|my coworker didn't include me|my coworker planned without telling me|left me out of the invite|didn't include me|planned without telling me,Helpless|lonely|sad,Community|Friendship|To be seen,An event was planned without inviting me.
my-partner-dismissed-me,my partner dismissed my concern|my partner said I'm overreacting|my partner brushed me off|dismissed my concern|said I'm overreacting|brushed me off,Agitated|hurt|frustrated,To be heard|Acceptance|Respect,"After I shared, they said I was overreacting."
my-partner-ignored-boundary,my partner crossed my boundary|my partner kept pushing after I said no|my partner insisted after I declined|crossed my boundary|kept pushing after I said no|insisted after I declined,Defiant|tense|anxious,Act Freely|Autonomy|Respect,"I said no, and they kept pushing."
my-partner-public-critique,my partner criticized me publicly|my partner called me out in front of others|my partner pointed at my mistake loudly|criticized me publicly|called me out in front of others|pointed at my mistake loudly,Distressed|embarrassed|anxious,Peer Respect|Justice|To be seen,They highlighted my mistake in front of everyone.
my-partner-took-credit,my partner took credit for my work|my partner presented my work as theirs|my partner left my name off|took credit for my work|presented my work as theirs|left my name off,Jealous|hurt|angry,Accomplishment|Acknowledgement|Justice,My contribution was presented without my name.
my-partner-excluded,my partner left me out of the invite|my partner didn't include me|my partner planned without telling me|left me out of the invite|didn't include me|planned without telling me,Helpless|lonely|sad,Community|Friendship|To be seen,An event was planned without inviting me.
my-friend-dismissed-me,my friend dismissed my concern|my friend said I'm overreacting|my friend brushed me off|dismissed my concern|said I'm overreacting|brushed me off,Agitated|hurt|frustrated,To be heard|Acceptance|Respect,"After I shared, they said I was overreacting."
my-friend-ignored-boundary,my friend crossed my boundary|my friend kept pushing after I said no|my friend insisted after I declined|crossed my boundary|kept pushing after I said no|insisted after I declined,Defiant|tense|anxious,Act Freely|Autonomy|Respect,"I said no, and they kept pushing."
my-friend-public-critique,my friend criticized me publicly|my friend called me out in front of others|my friend pointed at my mistake loudly|criticized me publicly|called me out in front of others|pointed at my mistake loudly,Distressed|embarrassed|anxious,Peer Respect|Justice|To be seen,They highlighted my mistake in front of everyone.
my-friend-took-credit,my friend took credit for my work|my friend presented my work as theirs|my friend left my name off|took credit for my work|presented my work as theirs|left my name off,Jealous|hurt|angry,Accomplishment|Acknowledgement|Justice,My contribution was presented without my name.
my-friend-excluded,my friend left me out of the invite|my friend didn't include me|my friend planned without telling me|left me out of the invite|didn't include me|planned without telling me,Helpless|lonely|sad,Community|Friendship|To be seen,An event was planned without inviting me.
my-parent-dismissed-me,my parent dismissed my concern|my parent said I'm overreacting|my parent brushed me off|dismissed my concern|said I'm overreacting|brushed me off,Agitated|hurt|frustrated,To be heard|Acceptance|Respect,"After I shared, they said I was overreacting."
my-parent-ignored-boundary,my parent crossed my boundary|my parent kept pushing after I said no|my parent insisted after I declined|crossed my boundary|kept pushing after I said no|insisted after I declined,Defiant|tense|anxious,Act Freely|Autonomy|Respect,"I said no, and they kept pushing."
my-parent-public-critique,my parent criticized me publicly|my parent called me out in front of others|my parent pointed at my mistake loudly|criticized me publicly|called me out in front of others|pointed at my mistake loudly,Distressed|embarrassed|anxious,Peer Respect|Justice|To be seen,They highlighted my mistake in front of everyone.
my-parent-took-credit,my parent took credit for my work|my parent presented my work as theirs|my parent left my name off|took credit for my work|presented my work as theirs|left my name off,Jealous|hurt|angry,Accomplishment|Acknowledgement|Justice,My contribution was presented without my name.
my-parent-excluded,my parent left me out of the invite|my parent didn't include me|my parent planned without telling me|left me out of the invite|didn't include me|planned without telling me,Helpless|lonely|sad,Community|Friendship|To be seen,An event was planned without inviting me.
my-sibling-dismissed-me,my sibling dismissed my concern|my sibling said I'm overreacting|my sibling brushed me off|dismissed my concern|said I'm overreacting|brushed me off,Agitated|hurt|frustrated,To be heard|Acceptance|Respect,"After I shared, they said I was overreacting."
my-sibling-ignored-boundary,my sibling crossed my boundary|my sibling kept pushing after I said no|my sibling insisted after I declined|crossed my boundary|kept pushing after I said no|insisted after I declined,Defiant|tense|anxious,Act Freely|Autonomy|Respect,"I said no, and they kept pushing."
my-sibling-public-critique,my sibling criticized me publicly|my sibling called me out in front of others|my sibling pointed at my mistake loudly|criticized me publicly|called me out in front of others|pointed at my mistake loudly,Distressed|embarrassed|anxious,Peer Respect|Justice|To be seen,They highlighted my mistake in front of everyone.
my-sibling-took-credit,my sibling took credit for my work|my sibling presented my work as theirs|my sibling left my name off|took credit for my work|presented my work as theirs|left my name off,Jealous|hurt|angry,Accomplishment|Acknowledgement|Justice,My contribution was presented without my name.
my-sibling-excluded,my sibling left me out of the invite|my sibling didn't include me|my sibling planned without telling me|left me out of the invite|didn't include me|planned without telling me,Helpless|lonely|sad,Community|Friendship|To be seen,An event was planned without inviting me.
my-roommate-dismissed-me,my roommate dismissed my concern|my roommate said I'm overreacting|my roommate brushed me off|dismissed my concern|said I'm overreacting|brushed me off,Agitated|hurt|frustrated,To be heard|Acceptance|Respect,"After I shared, they said I was overreacting."
my-roommate-ignored-boundary,my roommate crossed my boundary|my roommate kept pushing after I said no|my roommate insisted after I declined|crossed my boundary|kept pushing after I said no|insisted after I declined,Defiant|tense|anxious,Act Freely|Autonomy|Respect,"I said no, and they kept pushing."
my-roommate-public-critique,my roommate criticized me publicly|my roommate called me out in front of others|my roommate pointed at my mistake loudly|criticized me publicly|called me out in front of others|pointed at my mistake loudly,Distressed|embarrassed|anxious,Peer Respect|Justice|To be seen,They highlighted my mistake in front of everyone.
my-roommate-took-credit,my roommate took credit for my work|my roommate presented my work as theirs|my roommate left my name off|took credit for my work|presented my work as theirs|left my name off,Jealous|hurt|angry,Accomplishment|Acknowledgement|Justice,My contribution was presented without my name.
my-roommate-excluded,my roommate left me out of the invite|my roommate didn't include me|my roommate planned without telling me|left me out of the invite|didn't include me|planned without telling me,Helpless|lonely|sad,Community|Friendship|To be seen,An event was planned without inviting me.
a-neighbor-dismissed-me,a neighbor dismissed my concern|a neighbor said I'm overreacting|a neighbor brushed me off|dismissed my concern|said I'm overreacting|brushed me off,Agitated|hurt|frustrated,To be heard|Acceptance|Respect,"After I shared, they said I was overreacting."
a-neighbor-ignored-boundary,a neighbor crossed my boundary|a neighbor kept pushing after I said no|a neighbor insisted after I declined|crossed my boundary|kept pushing after I said no|insisted after I declined,Defiant|tense|anxious,Act Freely|Autonomy|Respect,"I said no, and they kept pushing."
a-neighbor-public-critique,a neighbor criticized me publicly|a neighbor called me out in front of others|a neighbor pointed at my mistake loudly|criticized me publicly|called me out in front of others|pointed at my mistake loudly,Distressed|embarrassed|anxious,Peer Respect|Justice|To be seen,They highlighted my mistake in front of everyone.
a-neighbor-took-credit,a neighbor took credit for my work|a neighbor presented my work as theirs|a neighbor left my name off|took credit for my work|presented my work as theirs|left my name off,Jealous|hurt|angry,Accomplishment|Acknowledgement|Justice,My contribution was presented without my name.
a-neighbor-excluded,a neighbor left me out of the invite|a neighbor didn't include me|a neighbor planned without telling me|left me out of the invite|didn't include me|planned without telling me,Helpless|lonely|sad,Community|Friendship|To be seen,An event was planned without inviting me.
a-teacher-dismissed-me,a teacher dismissed my concern|a teacher said I'm overreacting|a teacher brushed me off|dismissed my concern|said I'm overreacting|brushed me off,Agitated|hurt|frustrated,To be heard|Acceptance|Respect,"After I shared, they said I was overreacting."
a-teacher-ignored-boundary,a teacher crossed my boundary|a teacher kept pushing after I said no|a teacher insisted after I declined|crossed my boundary|kept pushing after I said no|insisted after I declined,Defiant|tense|anxious,Act Freely|Autonomy|Respect,"I said no, and they kept pushing."
a-teacher-public-critique,a teacher criticized me publicly|a teacher called me out in front of others|a teacher pointed at my mistake loudly|criticized me publicly|called me out in front of others|pointed at my mistake loudly,Distressed|embarrassed|anxious,Peer Respect|Justice|To be seen,They highlighted my mistake in front of everyone.
a-teacher-took-credit,a teacher took credit for my work|a teacher presented my work as theirs|a teacher left my name off|took credit for my work|presented my work as theirs|left my name off,Jealous|hurt|angry,Accomplishment|Acknowledgement|Justice,My contribution was presented without my name.
a-teacher-excluded,a teacher left me out of the invite|a teacher didn't include me|a teacher planned without telling me|left me out of the invite|didn't include me|planned without telling me,Helpless|lonely|sad,Community|Friendship|To be seen,An event was planned without inviting me.
a-landlord-dismissed-me,a landlord dismissed my concern|a landlord said I'm overreacting|a landlord brushed me off|dismissed my concern|said I'm overreacting|brushed me off,Agitated|hurt|frustrated,To be heard|Acceptance|Respect,"After I shared, they said I was overreacting."
a-landlord-ignored-boundary,a landlord crossed my boundary|a landlord kept pushing after I said no|a landlord insisted after I declined|crossed my boundary|kept pushing after I said no|insisted after I declined,Defiant|tense|anxious,Act Freely|Autonomy|Respect,"I said no, and they kept pushing."
a-landlord-public-critique,a landlord criticized me publicly|a landlord called me out in front of others|a landlord pointed at my mistake loudly|criticized me publicly|called me out in front of others|pointed at my mistake loudly,Distressed|embarrassed|anxious,Peer Respect|Justice|To be seen,They highlighted my mistake in front of everyone.
a-landlord-took-credit,a landlord took credit for my work|a landlord presented my work as theirs|a landlord left my name off|took credit for my work|presented my work as theirs|left my name off,Jealous|hurt|angry,Accomplishment|Acknowledgement|Justice,My contribution was presented without my name.
a-landlord-excluded,a landlord left me out of the invite|a landlord didn't include me|a landlord planned without telling me|left me out of the invite|didn't include me|planned without telling me,Helpless|lonely|sad,Community|Friendship|To be seen,An event was planned without inviting me.
a-cashier-dismissed-me,a cashier dismissed my concern|a cashier said I'm overreacting|a cashier brushed me off|dismissed my concern|said I'm overreacting|brushed me off,Agitated|hurt|frustrated,To be heard|Acceptance|Respect,"After I shared, they said I was overreacting."
a-cashier-ignored-boundary,a cashier crossed my boundary|a cashier kept pushing after I said no|a cashier insisted after I declined|crossed my boundary|kept pushing after I said no|insisted after I declined,Defiant|tense|anxious,Act Freely|Autonomy|Respect,"I said no, and they kept pushing."
a-cashier-public-critique,a cashier criticized me publicly|a cashier called me out in front of others|a cashier pointed at my mistake loudly|criticized me publicly|called me out in front of others|pointed at my mistake loudly,Distressed|embarrassed|anxious,Peer Respect|Justice|To be seen,They highlighted my mistake in front of everyone.
a-cashier-took-credit,a cashier took credit for my work|a cashier presented my work as theirs|a cashier left my name off|took credit for my work|presented my work as theirs|left my name off,Jealous|hurt|angry,Accomplishment|Acknowledgement|Justice,My contribution was presented without my name.
a-cashier-excluded,a cashier left me out of the invite|a cashier didn't include me|a cashier planned without telling me|left me out of the invite|didn't include me|planned without telling me,Helpless|lonely|sad,Community|Friendship|To be seen,An event was planned without inviting me.
