cue,patterns (|),feelings (|),needs (|),example
boss-ignored-message,boss ignored my message|boss left me on read|boss did not reply|seen .* no reply from boss|I feel like boss ignored me|ignored my message|left me on read|did not reply|I feel like ignored me,hurt|sad|lonely|anxious,to-be-seen|connection|belonging|consideration,I sent two messages to boss and saw 'seen' with no reply for 48 hours.
boss-changed-plan-without-asking,boss changed the plan without asking|boss decided for me|boss made plans without me|boss told me I had to|changed the plan without asking|decided for me|made plans without me|told me I had to,frustrated|pressured|tired|resentful,autonomy|choice|freedom|mutuality,boss changed the plan and told me what I'd be doing without checking.
boss-overcharged,charged .* extra at checkout|price higher than quoted by boss|fee added after total|tip changed after payment,confused|uncertain|anxious|unsettled,clarity|fairness|trust|honesty,The final bill from boss included a fee that wasn't in the quote.
boss-lost-item,lost my .*|my .* was misplaced|boss can't find my paperwork|boss lost my paperwork|can't find my paperwork|lost my paperwork,frustrated|pressured|tired|resentful,care|clarity|acknowledgement|responsibility,boss couldn't find the paperwork I handed them last week.
boss-breach-privacy,boss shared my info without consent|boss forwarded my email|boss posted my photo without asking|screenshot of our chat shared by boss|shared my info without consent|forwarded my email|posted my photo without asking,confused|uncertain|anxious|unsettled,privacy|autonomy|respect|safety,boss posted a screenshot of our chat in a group without asking.
boss-public-criticism,boss criticized me in public|boss called me out in front of others|boss pointed out my mistake loudly|criticized me in public|called me out in front of others|pointed out my mistake loudly,embarrassed|hurt|anxious|lonely,respect|to-be-heard|consideration|honor,boss highlighted my mistake during the meeting while others watched.
boss-credit-taken,boss took credit for my work|boss presented my work as theirs|boss left my name off|took credit for my work|presented my work as theirs|left my name off,jealous|hurt|angry|anxious,acknowledgement|recognition|fairness|respect,My contribution was presented by boss without my name mentioned.
boss-deadline-moved-earlier,deadline moved up by boss|due date pulled earlier by boss|asked for delivery sooner than agreed by boss,overwhelmed|pressured|tired|anxious,support|do-things-at-my-own-pace-and-in-my-own-way|consideration|rest,The due date was moved from Friday to Wednesday without checking my capacity.
boss-muted-or-removed,boss muted me|boss removed me from the call|boss kicked me from the channel|muted me|removed me from the call|kicked me from the channel,embarrassed|hurt|anxious|lonely,respect|autonomy|consideration|to-be-heard,boss muted me while I was speaking.
boss-meeting-started-without-me,meeting started early|decisions made before I joined|boss began before scheduled time|began before scheduled time,confused|uncertain|anxious|unsettled,consideration|inclusion|predictability|respect,"When I joined at the scheduled time, they were already on agenda item two."
boss-form-closed-early,form closed early|submission window ended early|link closed before deadline,confused|uncertain|anxious|unsettled,fairness|clarity|respect|predictability,The application portal closed hours before the stated deadline.
boss-appointment-canceled-last-minute,appointment canceled last minute by boss|canceled same day|backed out with short notice,hurt|sad|lonely|anxious,reliability|support|consideration|security,boss canceled 30 minutes before the appointment.
boss-name-misspelled-after-correction,kept misspelling my name|used the wrong name after I corrected it|name still wrong in records,hurt|sad|lonely|anxious,respect|honor|to-be-seen|belonging,"After I corrected them, boss kept spelling my name wrong."
boss-conditional-invite,invited only if .*|'you can come if' from boss|included conditionally in plans,hurt|sad|lonely|anxious,belonging|inclusion|to-be-seen|respect,boss said I could come only if I handled the driving.
boss-backhanded-compliment,boss gave a backhanded compliment|'for someone like you' comment from boss|compliment with a dig|gave a backhanded compliment,embarrassed|hurt|anxious|lonely,respect|to-be-heard|consideration|honor,"boss said, 'You're articulate for someone so young.'"
boss-gaslight-phrases,boss said 'that's not what happened' after I described it|boss said I'm imagining things|'you're crazy' from boss|said 'that's not what happened' after I described it|said I'm imagining things,confused|uncertain|anxious|unsettled,understanding|honesty|trust|respect,"After I described the email, boss said it never happened."
boss-omitted-context,boss left out key info|boss didn't share the requirement|boss omitted the deadline|left out key info|didn't share the requirement|omitted the deadline,confused|uncertain|anxious|unsettled,clarity|honesty|support|fairness,I learned the requirement only after the submission closed.
boss-policy-enforced-selectively,rule applied to me not others|selective enforcement by boss|inconsistent policy enforcement,frustrated|pressured|tired|resentful,justice|fairness|respect|acknowledgement,Others got exceptions that I was denied.
boss-moderation-removed-no-reason,boss removed my post without reason|thread locked by boss|comment deleted without explanation|removed my post without reason,silenced|frustrated|lonely|powerless,participation|to-be-heard|consideration|mutuality,A moderator removed my post without any reason.
boss-algorithm-shadowban,my posts get no views|content hidden without notice|no one can see my posts,confused|uncertain|anxious|unsettled,clarity|predictability|justice|respect,My post views dropped to zero with no explanation.
boss-accessibility-gap,no captions provided|slides not accessible|no ramp available at venue,excluded|anxious|discouraged|frustrated,access|inclusion|respect|support,The webinar had no captions despite prior requests.
boss-parking-issue,parking spot taken despite permit|assigned spot occupied|blocked my car,frustrated|pressured|tired|resentful,fairness|clarity|respect|predictability,My assigned spot was taken and no alternative was offered.
boss-noise-violation-night,loud noise during quiet hours|party past quiet hours|music kept me up,overwhelmed|pressured|tired|anxious,rest|consideration|peace|respect,Music played loudly past midnight through the shared wall.
boss-thermostat-changed,thermostat changed without asking|temperature changed without checking|ac set very cold without asking,frustrated|pressured|tired|resentful,comfort|consideration|communication|respect,The thermostat was turned down while I was still working.
boss-paperwork-lost-agency,agency lost my documents|office misplaced my file|documents missing after submission,frustrated|pressured|tired|resentful,clarity|responsibility|acknowledgement|support,The office couldn't find the forms I submitted last month.
boss-immigration-appointment-changed,appointment rescheduled without notice|time changed after I confirmed|new date assigned without asking,anxious|tense|worried|uneasy,predictability|consideration|respect|clarity,The appointment was moved to a weekday morning without checking my availability.
boss-bank-fee-added,unexpected bank fee|maintenance fee added|account charged without explanation,confused|uncertain|anxious|unsettled,clarity|fairness|trust|honesty,A fee appeared on my account with no explanation.
boss-customer-service-loop,stuck in automated loop|can't reach a person|support bot replies only,frustrated|pressured|tired|resentful,support|access|clarity|consideration,The support line kept sending automated messages without connecting me to a person.
boss-safety-ignored,ignored safety protocol|didn't wear required gear|skipped the safety step,alarmed|scared|tense|anxious,safety|predictability|trust|care,boss began the procedure without wearing the required gloves.
boss-appointment-overbooked,double-booked my slot|two appointments at same time|overbooked schedule,anxious|tense|worried|uneasy,order|predictability|consideration|respect,Two appointments were booked at the same time for me.
boss-refused-accommodation,refused accommodation request|declined interpreter|didn't allow extra time,excluded|tense|anxious|frustrated,access|inclusion|respect|support,My request for captions was declined without alternatives.
boss-returned-item-denied,return denied without reason|store refused my return|policy not posted but used,confused|uncertain|anxious|unsettled,fairness|clarity|respect|predictability,The return was denied and no policy was shown.
boss-room-entered-without-consent,entered my room without knocking|opened my door without asking|came in unannounced,alarmed|scared|tense|anxious,space|privacy|safety|respect,boss opened my door and stepped in without knocking.
boss-belongings-moved,moved my things without asking|rearranged my desk|tidied my items without checking,frustrated|pressured|tired|resentful,autonomy|space|respect|consideration,My labeled folders were moved to a cabinet.
boss-back-to-back-meetings,scheduled meetings back to back|no breaks between calls|stacked calendar without space,overwhelmed|pressured|tired|anxious,support|do-things-at-my-own-pace-and-in-my-own-way|consideration|rest,Three meetings were booked with no buffer in between.
boss-i-feel-like-phrasing,I feel like they ignored me|I feel like no one cares|I feel like they did this on purpose,hurt|sad|lonely|anxious,to-be-heard|acknowledgement|understanding|connection,I feel like no one cared about my message today.
boss-because-clause,they left because I spoke up|they changed plans because of me|they did it because I said no,hurt|sad|lonely|anxious,to-be-heard|respect|mutuality|understanding,"They left right after I spoke up, saying it was because I challenged the idea."
boss-after-clause,"after I shared, no response|after I asked, they went silent|after I arrived, the plan changed",confused|uncertain|anxious|unsettled,clarity|respect|consideration|predictability,"After I asked a question, they went silent."
boss-comparison-better-than,"compared me to someone else|'unlike X, you' from boss|said others do it better",hurt|sad|lonely|anxious,to-be-seen|fairness|acknowledgement|respect,boss said someone else handles it better than me.
boss-apology-missing,no apology after mistake|never apologized|didn't say sorry,hurt|sad|lonely|anxious,accountability|repair|respect|honesty,"After the mistake, there was no apology from boss."
manager-ignored-message,manager ignored my message|manager left me on read|manager did not reply|seen .* no reply from manager|I feel like manager ignored me|ignored my message|left me on read|did not reply|I feel like ignored me,hurt|sad|lonely|anxious,to-be-seen|connection|belonging|consideration,I sent two messages to manager and saw 'seen' with no reply for 48 hours.
manager-changed-plan-without-asking,manager changed the plan without asking|manager decided for me|manager made plans without me|manager told me I had to|changed the plan without asking|decided for me|made plans without me|told me I had to,frustrated|pressured|tired|resentful,autonomy|choice|freedom|mutuality,manager changed the plan and told me what I'd be doing without checking.
manager-overcharged,charged .* extra at checkout|price higher than quoted by manager|fee added after total|tip changed after payment,confused|uncertain|anxious|unsettled,clarity|fairness|trust|honesty,The final bill from manager included a fee that wasn't in the quote.
manager-lost-item,lost my .*|my .* was misplaced|manager can't find my paperwork|manager lost my paperwork|can't find my paperwork|lost my paperwork,frustrated|pressured|tired|resentful,care|clarity|acknowledgement|responsibility,manager couldn't find the paperwork I handed them last week.
manager-breach-privacy,manager shared my info without consent|manager forwarded my email|manager posted my photo without asking|screenshot of our chat shared by manager|shared my info without consent|forwarded my email|posted my photo without asking,confused|uncertain|anxious|unsettled,privacy|autonomy|respect|safety,manager posted a screenshot of our chat in a group without asking.
manager-public-criticism,manager criticized me in public|manager called me out in front of others|manager pointed out my mistake loudly|criticized me in public|called me out in front of others|pointed out my mistake loudly,embarrassed|hurt|anxious|lonely,respect|to-be-heard|consideration|honor,manager highlighted my mistake during the meeting while others watched.
manager-credit-taken,manager took credit for my work|manager presented my work as theirs|manager left my name off|took credit for my work|presented my work as theirs|left my name off,jealous|hurt|angry|anxious,acknowledgement|recognition|fairness|respect,My contribution was presented by manager without my name mentioned.
manager-deadline-moved-earlier,deadline moved up by manager|due date pulled earlier by manager|asked for delivery sooner than agreed by manager,overwhelmed|pressured|tired|anxious,support|do-things-at-my-own-pace-and-in-my-own-way|consideration|rest,The due date was moved from Friday to Wednesday without checking my capacity.
manager-muted-or-removed,manager muted me|manager removed me from the call|manager kicked me from the channel|muted me|removed me from the call|kicked me from the channel,embarrassed|hurt|anxious|lonely,respect|autonomy|consideration|to-be-heard,manager muted me while I was speaking.
manager-meeting-started-without-me,meeting started early|decisions made before I joined|manager began before scheduled time|began before scheduled time,confused|uncertain|anxious|unsettled,consideration|inclusion|predictability|respect,"When I joined at the scheduled time, they were already on agenda item two."
manager-form-closed-early,form closed early|submission window ended early|link closed before deadline,confused|uncertain|anxious|unsettled,fairness|clarity|respect|predictability,The application portal closed hours before the stated deadline.
manager-appointment-canceled-last-minute,appointment canceled last minute by manager|canceled same day|backed out with short notice,hurt|sad|lonely|anxious,reliability|support|consideration|security,manager canceled 30 minutes before the appointment.
manager-name-misspelled-after-correction,kept misspelling my name|used the wrong name after I corrected it|name still wrong in records,hurt|sad|lonely|anxious,respect|honor|to-be-seen|belonging,"After I corrected them, manager kept spelling my name wrong."
manager-conditional-invite,invited only if .*|'you can come if' from manager|included conditionally in plans,hurt|sad|lonely|anxious,belonging|inclusion|to-be-seen|respect,manager said I could come only if I handled the driving.
manager-backhanded-compliment,manager gave a backhanded compliment|'for someone like you' comment from manager|compliment with a dig|gave a backhanded compliment,embarrassed|hurt|anxious|lonely,respect|to-be-heard|consideration|honor,"manager said, 'You're articulate for someone so young.'"
manager-gaslight-phrases,manager said 'that's not what happened' after I described it|manager said I'm imagining things|'you're crazy' from manager|said 'that's not what happened' after I described it|said I'm imagining things,confused|uncertain|anxious|unsettled,understanding|honesty|trust|respect,"After I described the email, manager said it never happened."
manager-omitted-context,manager left out key info|manager didn't share the requirement|manager omitted the deadline|left out key info|didn't share the requirement|omitted the deadline,confused|uncertain|anxious|unsettled,clarity|honesty|support|fairness,I learned the requirement only after the submission closed.
manager-policy-enforced-selectively,rule applied to me not others|selective enforcement by manager|inconsistent policy enforcement,frustrated|pressured|tired|resentful,justice|fairness|respect|acknowledgement,Others got exceptions that I was denied.
manager-moderation-removed-no-reason,manager removed my post without reason|thread locked by manager|comment deleted without explanation|removed my post without reason,silenced|frustrated|lonely|powerless,participation|to-be-heard|consideration|mutuality,A moderator removed my post without any reason.
manager-algorithm-shadowban,my posts get no views|content hidden without notice|no one can see my posts,confused|uncertain|anxious|unsettled,clarity|predictability|justice|respect,My post views dropped to zero with no explanation.
manager-accessibility-gap,no captions provided|slides not accessible|no ramp available at venue,excluded|anxious|discouraged|frustrated,access|inclusion|respect|support,The webinar had no captions despite prior requests.
manager-parking-issue,parking spot taken despite permit|assigned spot occupied|blocked my car,frustrated|pressured|tired|resentful,fairness|clarity|respect|predictability,My assigned spot was taken and no alternative was offered.
manager-noise-violation-night,loud noise during quiet hours|party past quiet hours|music kept me up,overwhelmed|pressured|tired|anxious,rest|consideration|peace|respect,Music played loudly past midnight through the shared wall.
manager-thermostat-changed,thermostat changed without asking|temperature changed without checking|ac set very cold without asking,frustrated|pressured|tired|resentful,comfort|consideration|communication|respect,The thermostat was turned down while I was still working.
manager-paperwork-lost-agency,agency lost my documents|office misplaced my file|documents missing after submission,frustrated|pressured|tired|resentful,clarity|responsibility|acknowledgement|support,The office couldn't find the forms I submitted last month.
manager-immigration-appointment-changed,appointment rescheduled without notice|time changed after I confirmed|new date assigned without asking,anxious|tense|worried|uneasy,predictability|consideration|respect|clarity,The appointment was moved to a weekday morning without checking my availability.
manager-bank-fee-added,unexpected bank fee|maintenance fee added|account charged without explanation,confused|uncertain|anxious|unsettled,clarity|fairness|trust|honesty,A fee appeared on my account with no explanation.
manager-customer-service-loop,stuck in automated loop|can't reach a person|support bot replies only,frustrated|pressured|tired|resentful,support|access|clarity|consideration,The support line kept sending automated messages without connecting me to a person.
manager-safety-ignored,ignored safety protocol|didn't wear required gear|skipped the safety step,alarmed|scared|tense|anxious,safety|predictability|trust|care,manager began the procedure without wearing the required gloves.
manager-appointment-overbooked,double-booked my slot|two appointments at same time|overbooked schedule,anxious|tense|worried|uneasy,order|predictability|consideration|respect,Two appointments were booked at the same time for me.
manager-refused-accommodation,refused accommodation request|declined interpreter|didn't allow extra time,excluded|tense|anxious|frustrated,access|inclusion|respect|support,My request for captions was declined without alternatives.
manager-returned-item-denied,return denied without reason|store refused my return|policy not posted but used,confused|uncertain|anxious|unsettled,fairness|clarity|respect|predictability,The return was denied and no policy was shown.
manager-room-entered-without-consent,entered my room without knocking|opened my door without asking|came in unannounced,alarmed|scared|tense|anxious,space|privacy|safety|respect,manager opened my door and stepped in without knocking.
manager-belongings-moved,moved my things without asking|rearranged my desk|tidied my items without checking,frustrated|pressured|tired|resentful,autonomy|space|respect|consideration,My labeled folders were moved to a cabinet.
manager-back-to-back-meetings,scheduled meetings back to back|no breaks between calls|stacked calendar without space,overwhelmed|pressured|tired|anxious,support|do-things-at-my-own-pace-and-in-my-own-way|consideration|rest,Three meetings were booked with no buffer in between.
manager-i-feel-like-phrasing,I feel like they ignored me|I feel like no one cares|I feel like they did this on purpose,hurt|sad|lonely|anxious,to-be-heard|acknowledgement|understanding|connection,I feel like no one cared about my message today.
manager-because-clause,they left because I spoke up|they changed plans because of me|they did it because I said no,hurt|sad|lonely|anxious,to-be-heard|respect|mutuality|understanding,"They left right after I spoke up, saying it was because I challenged the idea."
manager-after-clause,"after I shared, no response|after I asked, they went silent|after I arrived, the plan changed",confused|uncertain|anxious|unsettled,clarity|respect|consideration|predictability,"After I asked a question, they went silent."
manager-comparison-better-than,"compared me to someone else|'unlike X, you' from manager|said others do it better",hurt|sad|lonely|anxious,to-be-seen|fairness|acknowledgement|respect,manager said someone else handles it better than me.
manager-apology-missing,no apology after mistake|never apologized|didn't say sorry,hurt|sad|lonely|anxious,accountability|repair|respect|honesty,"After the mistake, there was no apology from manager."
coworker-ignored-message,coworker ignored my message|coworker left me on read|coworker did not reply|seen .* no reply from coworker|I feel like coworker ignored me|ignored my message|left me on read|did not reply|I feel like ignored me,hurt|sad|lonely|anxious,to-be-seen|connection|belonging|consideration,I sent two messages to coworker and saw 'seen' with no reply for 48 hours.
coworker-changed-plan-without-asking,coworker changed the plan without asking|coworker decided for me|coworker made plans without me|coworker told me I had to|changed the plan without asking|decided for me|made plans without me|told me I had to,frustrated|pressured|tired|resentful,autonomy|choice|freedom|mutuality,coworker changed the plan and told me what I'd be doing without checking.
coworker-overcharged,charged .* extra at checkout|price higher than quoted by coworker|fee added after total|tip changed after payment,confused|uncertain|anxious|unsettled,clarity|fairness|trust|honesty,The final bill from coworker included a fee that wasn't in the quote.
coworker-lost-item,lost my .*|my .* was misplaced|coworker can't find my paperwork|coworker lost my paperwork|can't find my paperwork|lost my paperwork,frustrated|pressured|tired|resentful,care|clarity|acknowledgement|responsibility,coworker couldn't find the paperwork I handed them last week.
coworker-breach-privacy,coworker shared my info without consent|coworker forwarded my email|coworker posted my photo without asking|screenshot of our chat shared by coworker|shared my info without consent|forwarded my email|posted my photo without asking,confused|uncertain|anxious|unsettled,privacy|autonomy|respect|safety,coworker posted a screenshot of our chat in a group without asking.
coworker-public-criticism,coworker criticized me in public|coworker called me out in front of others|coworker pointed out my mistake loudly|criticized me in public|called me out in front of others|pointed out my mistake loudly,embarrassed|hurt|anxious|lonely,respect|to-be-heard|consideration|honor,coworker highlighted my mistake during the meeting while others watched.
coworker-credit-taken,coworker took credit for my work|coworker presented my work as theirs|coworker left my name off|took credit for my work|presented my work as theirs|left my name off,jealous|hurt|angry|anxious,acknowledgement|recognition|fairness|respect,My contribution was presented by coworker without my name mentioned.
coworker-deadline-moved-earlier,deadline moved up by coworker|due date pulled earlier by coworker|asked for delivery sooner than agreed by coworker,overwhelmed|pressured|tired|anxious,support|do-things-at-my-own-pace-and-in-my-own-way|consideration|rest,The due date was moved from Friday to Wednesday without checking my capacity.
coworker-muted-or-removed,coworker muted me|coworker removed me from the call|coworker kicked me from the channel|muted me|removed me from the call|kicked me from the channel,embarrassed|hurt|anxious|lonely,respect|autonomy|consideration|to-be-heard,coworker muted me while I was speaking.
coworker-meeting-started-without-me,meeting started early|decisions made before I joined|coworker began before scheduled time|began before scheduled time,confused|uncertain|anxious|unsettled,consideration|inclusion|predictability|respect,"When I joined at the scheduled time, they were already on agenda item two."
coworker-form-closed-early,form closed early|submission window ended early|link closed before deadline,confused|uncertain|anxious|unsettled,fairness|clarity|respect|predictability,The application portal closed hours before the stated deadline.
coworker-appointment-canceled-last-minute,appointment canceled last minute by coworker|canceled same day|backed out with short notice,hurt|sad|lonely|anxious,reliability|support|consideration|security,coworker canceled 30 minutes before the appointment.
coworker-name-misspelled-after-correction,kept misspelling my name|used the wrong name after I corrected it|name still wrong in records,hurt|sad|lonely|anxious,respect|honor|to-be-seen|belonging,"After I corrected them, coworker kept spelling my name wrong."
coworker-conditional-invite,invited only if .*|'you can come if' from coworker|included conditionally in plans,hurt|sad|lonely|anxious,belonging|inclusion|to-be-seen|respect,coworker said I could come only if I handled the driving.
coworker-backhanded-compliment,coworker gave a backhanded compliment|'for someone like you' comment from coworker|compliment with a dig|gave a backhanded compliment,embarrassed|hurt|anxious|lonely,respect|to-be-heard|consideration|honor,"coworker said, 'You're articulate for someone so young.'"
coworker-gaslight-phrases,coworker said 'that's not what happened' after I described it|coworker said I'm imagining things|'you're crazy' from coworker|said 'that's not what happened' after I described it|said I'm imagining things,confused|uncertain|anxious|unsettled,understanding|honesty|trust|respect,"After I described the email, coworker said it never happened."
coworker-omitted-context,coworker left out key info|coworker didn't share the requirement|coworker omitted the deadline|left out key info|didn't share the requirement|omitted the deadline,confused|uncertain|anxious|unsettled,clarity|honesty|support|fairness,I learned the requirement only after the submission closed.
coworker-policy-enforced-selectively,rule applied to me not others|selective enforcement by coworker|inconsistent policy enforcement,frustrated|pressured|tired|resentful,justice|fairness|respect|acknowledgement,Others got exceptions that I was denied.
coworker-moderation-removed-no-reason,coworker removed my post without reason|thread locked by coworker|comment deleted without explanation|removed my post without reason,silenced|frustrated|lonely|powerless,participation|to-be-heard|consideration|mutuality,A moderator removed my post without any reason.
coworker-algorithm-shadowban,my posts get no views|content hidden without notice|no one can see my posts,confused|uncertain|anxious|unsettled,clarity|predictability|justice|respect,My post views dropped to zero with no explanation.
coworker-accessibility-gap,no captions provided|slides not accessible|no ramp available at venue,excluded|anxious|discouraged|frustrated,access|inclusion|respect|support,The webinar had no captions despite prior requests.
coworker-parking-issue,parking spot taken despite permit|assigned spot occupied|blocked my car,frustrated|pressured|tired|resentful,fairness|clarity|respect|predictability,My assigned spot was taken and no alternative was offered.
coworker-noise-violation-night,loud noise during quiet hours|party past quiet hours|music kept me up,overwhelmed|pressured|tired|anxious,rest|consideration|peace|respect,Music played loudly past midnight through the shared wall.
coworker-thermostat-changed,thermostat changed without asking|temperature changed without checking|ac set very cold without asking,frustrated|pressured|tired|resentful,comfort|consideration|communication|respect,The thermostat was turned down while I was still working.
coworker-paperwork-lost-agency,agency lost my documents|office misplaced my file|documents missing after submission,frustrated|pressured|tired|resentful,clarity|responsibility|acknowledgement|support,The office couldn't find the forms I submitted last month.
coworker-immigration-appointment-changed,appointment rescheduled without notice|time changed after I confirmed|new date assigned without asking,anxious|tense|worried|uneasy,predictability|consideration|respect|clarity,The appointment was moved to a weekday morning without checking my availability.
coworker-bank-fee-added,unexpected bank fee|maintenance fee added|account charged without explanation,confused|uncertain|anxious|unsettled,clarity|fairness|trust|honesty,A fee appeared on my account with no explanation.
coworker-customer-service-loop,stuck in automated loop|can't reach a person|support bot replies only,frustrated|pressured|tired|resentful,support|access|clarity|consideration,The support line kept sending automated messages without connecting me to a person.
coworker-safety-ignored,ignored safety protocol|didn't wear required gear|skipped the safety step,alarmed|scared|tense|anxious,safety|predictability|trust|care,coworker began the procedure without wearing the required gloves.
coworker-appointment-overbooked,double-booked my slot|two appointments at same time|overbooked schedule,anxious|tense|worried|uneasy,order|predictability|consideration|respect,Two appointments were booked at the same time for me.
coworker-refused-accommodation,refused accommodation request|declined interpreter|didn't allow extra time,excluded|tense|anxious|frustrated,access|inclusion|respect|support,My request for captions was declined without alternatives.
coworker-returned-item-denied,return denied without reason|store refused my return|policy not posted but used,confused|uncertain|anxious|unsettled,fairness|clarity|respect|predictability,The return was denied and no policy was shown.
coworker-room-entered-without-consent,entered my room without knocking|opened my door without asking|came in unannounced,alarmed|scared|tense|anxious,space|privacy|safety|respect,coworker opened my door and stepped in without knocking.
coworker-belongings-moved,moved my things without asking|rearranged my desk|tidied my items without checking,frustrated|pressured|tired|resentful,autonomy|space|respect|consideration,My labeled folders were moved to a cabinet.
coworker-back-to-back-meetings,scheduled meetings back to back|no breaks between calls|stacked calendar without space,overwhelmed|pressured|tired|anxious,support|do-things-at-my-own-pace-and-in-my-own-way|consideration|rest,Three meetings were booked with no buffer in between.
coworker-i-feel-like-phrasing,I feel like they ignored me|I feel like no one cares|I feel like they did this on purpose,hurt|sad|lonely|anxious,to-be-heard|acknowledgement|understanding|connection,I feel like no one cared about my message today.
coworker-because-clause,they left because I spoke up|they changed plans because of me|they did it because I said no,hurt|sad|lonely|anxious,to-be-heard|respect|mutuality|understanding,"They left right after I spoke up, saying it was because I challenged the idea."
coworker-after-clause,"after I shared, no response|after I asked, they went silent|after I arrived, the plan changed",confused|uncertain|anxious|unsettled,clarity|respect|consideration|predictability,"After I asked a question, they went silent."
coworker-comparison-better-than,"compared me to someone else|'unlike X, you' from coworker|said others do it better",hurt|sad|lonely|anxious,to-be-seen|fairness|acknowledgement|respect,coworker said someone else handles it better than me.
coworker-apology-missing,no apology after mistake|never apologized|didn't say sorry,hurt|sad|lonely|anxious,accountability|repair|respect|honesty,"After the mistake, there was no apology from coworker."
hr-ignored-message,hr ignored my message|hr left me on read|hr did not reply|seen .* no reply from hr|I feel like hr ignored me|ignored my message|left me on read|did not reply|I feel like ignored me,hurt|sad|lonely|anxious,to-be-seen|connection|belonging|consideration,I sent two messages to hr and saw 'seen' with no reply for 48 hours.
hr-changed-plan-without-asking,hr changed the plan without asking|hr decided for me|hr made plans without me|hr told me I had to|changed the plan without asking|decided for me|made plans without me|told me I had to,frustrated|pressured|tired|resentful,autonomy|choice|freedom|mutuality,hr changed the plan and told me what I'd be doing without checking.
hr-overcharged,charged .* extra at checkout|price higher than quoted by hr|fee added after total|tip changed after payment,confused|uncertain|anxious|unsettled,clarity|fairness|trust|honesty,The final bill from hr included a fee that wasn't in the quote.
hr-lost-item,lost my .*|my .* was misplaced|hr can't find my paperwork|hr lost my paperwork|can't find my paperwork|lost my paperwork,frustrated|pressured|tired|resentful,care|clarity|acknowledgement|responsibility,hr couldn't find the paperwork I handed them last week.
hr-breach-privacy,hr shared my info without consent|hr forwarded my email|hr posted my photo without asking|screenshot of our chat shared by hr|shared my info without consent|forwarded my email|posted my photo without asking,confused|uncertain|anxious|unsettled,privacy|autonomy|respect|safety,hr posted a screenshot of our chat in a group without asking.
hr-public-criticism,hr criticized me in public|hr called me out in front of others|hr pointed out my mistake loudly|criticized me in public|called me out in front of others|pointed out my mistake loudly,embarrassed|hurt|anxious|lonely,respect|to-be-heard|consideration|honor,hr highlighted my mistake during the meeting while others watched.
hr-credit-taken,hr took credit for my work|hr presented my work as theirs|hr left my name off|took credit for my work|presented my work as theirs|left my name off,jealous|hurt|angry|anxious,acknowledgement|recognition|fairness|respect,My contribution was presented by hr without my name mentioned.
hr-deadline-moved-earlier,deadline moved up by hr|due date pulled earlier by hr|asked for delivery sooner than agreed by hr,overwhelmed|pressured|tired|anxious,support|do-things-at-my-own-pace-and-in-my-own-way|consideration|rest,The due date was moved from Friday to Wednesday without checking my capacity.
hr-muted-or-removed,hr muted me|hr removed me from the call|hr kicked me from the channel|muted me|removed me from the call|kicked me from the channel,embarrassed|hurt|anxious|lonely,respect|autonomy|consideration|to-be-heard,hr muted me while I was speaking.
hr-meeting-started-without-me,meeting started early|decisions made before I joined|hr began before scheduled time|began before scheduled time,confused|uncertain|anxious|unsettled,consideration|inclusion|predictability|respect,"When I joined at the scheduled time, they were already on agenda item two."
hr-form-closed-early,form closed early|submission window ended early|link closed before deadline,confused|uncertain|anxious|unsettled,fairness|clarity|respect|predictability,The application portal closed hours before the stated deadline.
hr-appointment-canceled-last-minute,appointment canceled last minute by hr|canceled same day|backed out with short notice,hurt|sad|lonely|anxious,reliability|support|consideration|security,hr canceled 30 minutes before the appointment.
hr-name-misspelled-after-correction,kept misspelling my name|used the wrong name after I corrected it|name still wrong in records,hurt|sad|lonely|anxious,respect|honor|to-be-seen|belonging,"After I corrected them, hr kept spelling my name wrong."
hr-conditional-invite,invited only if .*|'you can come if' from hr|included conditionally in plans,hurt|sad|lonely|anxious,belonging|inclusion|to-be-seen|respect,hr said I could come only if I handled the driving.
hr-backhanded-compliment,hr gave a backhanded compliment|'for someone like you' comment from hr|compliment with a dig|gave a backhanded compliment,embarrassed|hurt|anxious|lonely,respect|to-be-heard|consideration|honor,"hr said, 'You're articulate for someone so young.'"
hr-gaslight-phrases,hr said 'that's not what happened' after I described it|hr said I'm imagining things|'you're crazy' from hr|said 'that's not what happened' after I described it|said I'm imagining things,confused|uncertain|anxious|unsettled,understanding|honesty|trust|respect,"After I described the email, hr said it never happened."
hr-omitted-context,hr left out key info|hr didn't share the requirement|hr omitted the deadline|left out key info|didn't share the requirement|omitted the deadline,confused|uncertain|anxious|unsettled,clarity|honesty|support|fairness,I learned the requirement only after the submission closed.
hr-policy-enforced-selectively,rule applied to me not others|selective enforcement by hr|inconsistent policy enforcement,frustrated|pressured|tired|resentful,justice|fairness|respect|acknowledgement,Others got exceptions that I was denied.
hr-moderation-removed-no-reason,hr removed my post without reason|thread locked by hr|comment deleted without explanation|removed my post without reason,silenced|frustrated|lonely|powerless,participation|to-be-heard|consideration|mutuality,A moderator removed my post without any reason.
hr-algorithm-shadowban,my posts get no views|content hidden without notice|no one can see my posts,confused|uncertain|anxious|unsettled,clarity|predictability|justice|respect,My post views dropped to zero with no explanation.
hr-accessibility-gap,no captions provided|slides not accessible|no ramp available at venue,excluded|anxious|discouraged|frustrated,access|inclusion|respect|support,The webinar had no captions despite prior requests.
hr-parking-issue,parking spot taken despite permit|assigned spot occupied|blocked my car,frustrated|pressured|tired|resentful,fairness|clarity|respect|predictability,My assigned spot was taken and no alternative was offered.
hr-noise-violation-night,loud noise during quiet hours|party past quiet hours|music kept me up,overwhelmed|pressured|tired|anxious,rest|consideration|peace|respect,Music played loudly past midnight through the shared wall.
hr-thermostat-changed,thermostat changed without asking|temperature changed without checking|ac set very cold without asking,frustrated|pressured|tired|resentful,comfort|consideration|communication|respect,The thermostat was turned down while I was still working.
hr-paperwork-lost-agency,agency lost my documents|office misplaced my file|documents missing after submission,frustrated|pressured|tired|resentful,clarity|responsibility|acknowledgement|support,The office couldn't find the forms I submitted last month.
hr-immigration-appointment-changed,appointment rescheduled without notice|time changed after I confirmed|new date assigned without asking,anxious|tense|worried|uneasy,predictability|consideration|respect|clarity,The appointment was moved to a weekday morning without checking my availability.
hr-bank-fee-added,unexpected bank fee|maintenance fee added|account charged without explanation,confused|uncertain|anxious|unsettled,clarity|fairness|trust|honesty,A fee appeared on my account with no explanation.
hr-customer-service-loop,stuck in automated loop|can't reach a person|support bot replies only,frustrated|pressured|tired|resentful,support|access|clarity|consideration,The support line kept sending automated messages without connecting me to a person.
hr-safety-ignored,ignored safety protocol|didn't wear required gear|skipped the safety step,alarmed|scared|tense|anxious,safety|predictability|trust|care,hr began the procedure without wearing the required gloves.
hr-appointment-overbooked,double-booked my slot|two appointments at same time|overbooked schedule,anxious|tense|worried|uneasy,order|predictability|consideration|respect,Two appointments were booked at the same time for me.
hr-refused-accommodation,refused accommodation request|declined interpreter|didn't allow extra time,excluded|tense|anxious|frustrated,access|inclusion|respect|support,My request for captions was declined without alternatives.
hr-returned-item-denied,return denied without reason|store refused my return|policy not posted but used,confused|uncertain|anxious|unsettled,fairness|clarity|respect|predictability,The return was denied and no policy was shown.
hr-room-entered-without-consent,entered my room without knocking|opened my door without asking|came in unannounced,alarmed|scared|tense|anxious,space|privacy|safety|respect,hr opened my door and stepped in without knocking.
hr-belongings-moved,moved my things without asking|rearranged my desk|tidied my items without checking,frustrated|pressured|tired|resentful,autonomy|space|respect|consideration,My labeled folders were moved to a cabinet.
hr-back-to-back-meetings,scheduled meetings back to back|no breaks between calls|stacked calendar without space,overwhelmed|pressured|tired|anxious,support|do-things-at-my-own-pace-and-in-my-own-way|consideration|rest,Three meetings were booked with no buffer in between.
hr-i-feel-like-phrasing,I feel like they ignored me|I feel like no one cares|I feel like they did this on purpose,hurt|sad|lonely|anxious,to-be-heard|acknowledgement|understanding|connection,I feel like no one cared about my message today.
hr-because-clause,they left because I spoke up|they changed plans because of me|they did it because I said no,hurt|sad|lonely|anxious,to-be-heard|respect|mutuality|understanding,"They left right after I spoke up, saying it was because I challenged the idea."
hr-after-clause,"after I shared, no response|after I asked, they went silent|after I arrived, the plan changed",confused|uncertain|anxious|unsettled,clarity|respect|consideration|predictability,"After I asked a question, they went silent."
hr-comparison-better-than,"compared me to someone else|'unlike X, you' from hr|said others do it better",hurt|sad|lonely|anxious,to-be-seen|fairness|acknowledgement|respect,hr said someone else handles it better than me.
hr-apology-missing,no apology after mistake|never apologized|didn't say sorry,hurt|sad|lonely|anxious,accountability|repair|respect|honesty,"After the mistake, there was no apology from hr."
teammate-ignored-message,teammate ignored my message|teammate left me on read|teammate did not reply|seen .* no reply from teammate|I feel like teammate ignored me|ignored my message|left me on read|did not reply|I feel like ignored me,hurt|sad|lonely|anxious,to-be-seen|connection|belonging|consideration,I sent two messages to teammate and saw 'seen' with no reply for 48 hours.
teammate-changed-plan-without-asking,teammate changed the plan without asking|teammate decided for me|teammate made plans without me|teammate told me I had to|changed the plan without asking|decided for me|made plans without me|told me I had to,frustrated|pressured|tired|resentful,autonomy|choice|freedom|mutuality,teammate changed the plan and told me what I'd be doing without checking.
teammate-overcharged,charged .* extra at checkout|price higher than quoted by teammate|fee added after total|tip changed after payment,confused|uncertain|anxious|unsettled,clarity|fairness|trust|honesty,The final bill from teammate included a fee that wasn't in the quote.
teammate-lost-item,lost my .*|my .* was misplaced|teammate can't find my paperwork|teammate lost my paperwork|can't find my paperwork|lost my paperwork,frustrated|pressured|tired|resentful,care|clarity|acknowledgement|responsibility,teammate couldn't find the paperwork I handed them last week.
teammate-breach-privacy,teammate shared my info without consent|teammate forwarded my email|teammate posted my photo without asking|screenshot of our chat shared by teammate|shared my info without consent|forwarded my email|posted my photo without asking,confused|uncertain|anxious|unsettled,privacy|autonomy|respect|safety,teammate posted a screenshot of our chat in a group without asking.
teammate-public-criticism,teammate criticized me in public|teammate called me out in front of others|teammate pointed out my mistake loudly|criticized me in public|called me out in front of others|pointed out my mistake loudly,embarrassed|hurt|anxious|lonely,respect|to-be-heard|consideration|honor,teammate highlighted my mistake during the meeting while others watched.
teammate-credit-taken,teammate took credit for my work|teammate presented my work as theirs|teammate left my name off|took credit for my work|presented my work as theirs|left my name off,jealous|hurt|angry|anxious,acknowledgement|recognition|fairness|respect,My contribution was presented by teammate without my name mentioned.
teammate-deadline-moved-earlier,deadline moved up by teammate|due date pulled earlier by teammate|asked for delivery sooner than agreed by teammate,overwhelmed|pressured|tired|anxious,support|do-things-at-my-own-pace-and-in-my-own-way|consideration|rest,The due date was moved from Friday to Wednesday without checking my capacity.
teammate-muted-or-removed,teammate muted me|teammate removed me from the call|teammate kicked me from the channel|muted me|removed me from the call|kicked me from the channel,embarrassed|hurt|anxious|lonely,respect|autonomy|consideration|to-be-heard,teammate muted me while I was speaking.
teammate-meeting-started-without-me,meeting started early|decisions made before I joined|teammate began before scheduled time|began before scheduled time,confused|uncertain|anxious|unsettled,consideration|inclusion|predictability|respect,"When I joined at the scheduled time, they were already on agenda item two."
teammate-form-closed-early,form closed early|submission window ended early|link closed before deadline,confused|uncertain|anxious|unsettled,fairness|clarity|respect|predictability,The application portal closed hours before the stated deadline.
teammate-appointment-canceled-last-minute,appointment canceled last minute by teammate|canceled same day|backed out with short notice,hurt|sad|lonely|anxious,reliability|support|consideration|security,teammate canceled 30 minutes before the appointment.
teammate-name-misspelled-after-correction,kept misspelling my name|used the wrong name after I corrected it|name still wrong in records,hurt|sad|lonely|anxious,respect|honor|to-be-seen|belonging,"After I corrected them, teammate kept spelling my name wrong."
teammate-conditional-invite,invited only if .*|'you can come if' from teammate|included conditionally in plans,hurt|sad|lonely|anxious,belonging|inclusion|to-be-seen|respect,teammate said I could come only if I handled the driving.
teammate-backhanded-compliment,teammate gave a backhanded compliment|'for someone like you' comment from teammate|compliment with a dig|gave a backhanded compliment,embarrassed|hurt|anxious|lonely,respect|to-be-heard|consideration|honor,"teammate said, 'You're articulate for someone so young.'"
teammate-gaslight-phrases,teammate said 'that's not what happened' after I described it|teammate said I'm imagining things|'you're crazy' from teammate|said 'that's not what happened' after I described it|said I'm imagining things,confused|uncertain|anxious|unsettled,understanding|honesty|trust|respect,"After I described the email, teammate said it never happened."
teammate-omitted-context,teammate left out key info|teammate didn't share the requirement|teammate omitted the deadline|left out key info|didn't share the requirement|omitted the deadline,confused|uncertain|anxious|unsettled,clarity|honesty|support|fairness,I learned the requirement only after the submission closed.
teammate-policy-enforced-selectively,rule applied to me not others|selective enforcement by teammate|inconsistent policy enforcement,frustrated|pressured|tired|resentful,justice|fairness|respect|acknowledgement,Others got exceptions that I was denied.
teammate-moderation-removed-no-reason,teammate removed my post without reason|thread locked by teammate|comment deleted without explanation|removed my post without reason,silenced|frustrated|lonely|powerless,participation|to-be-heard|consideration|mutuality,A moderator removed my post without any reason.
teammate-algorithm-shadowban,my posts get no views|content hidden without notice|no one can see my posts,confused|uncertain|anxious|unsettled,clarity|predictability|justice|respect,My post views dropped to zero with no explanation.
teammate-accessibility-gap,no captions provided|slides not accessible|no ramp available at venue,excluded|anxious|discouraged|frustrated,access|inclusion|respect|support,The webinar had no captions despite prior requests.
teammate-parking-issue,parking spot taken despite permit|assigned spot occupied|blocked my car,frustrated|pressured|tired|resentful,fairness|clarity|respect|predictability,My assigned spot was taken and no alternative was offered.
teammate-noise-violation-night,loud noise during quiet hours|party past quiet hours|music kept me up,overwhelmed|pressured|tired|anxious,rest|consideration|peace|respect,Music played loudly past midnight through the shared wall.
teammate-thermostat-changed,thermostat changed without asking|temperature changed without checking|ac set very cold without asking,frustrated|pressured|tired|resentful,comfort|consideration|communication|respect,The thermostat was turned down while I was still working.
teammate-paperwork-lost-agency,agency lost my documents|office misplaced my file|documents missing after submission,frustrated|pressured|tired|resentful,clarity|responsibility|acknowledgement|support,The office couldn't find the forms I submitted last month.
teammate-immigration-appointment-changed,appointment rescheduled without notice|time changed after I confirmed|new date assigned without asking,anxious|tense|worried|uneasy,predictability|consideration|respect|clarity,The appointment was moved to a weekday morning without checking my availability.
teammate-bank-fee-added,unexpected bank fee|maintenance fee added|account charged without explanation,confused|uncertain|anxious|unsettled,clarity|fairness|trust|honesty,A fee appeared on my account with no explanation.
teammate-customer-service-loop,stuck in automated loop|can't reach a person|support bot replies only,frustrated|pressured|tired|resentful,support|access|clarity|consideration,The support line kept sending automated messages without connecting me to a person.
teammate-safety-ignored,ignored safety protocol|didn't wear required gear|skipped the safety step,alarmed|scared|tense|anxious,safety|predictability|trust|care,teammate began the procedure without wearing the required gloves.
teammate-appointment-overbooked,double-booked my slot|two appointments at same time|overbooked schedule,anxious|tense|worried|uneasy,order|predictability|consideration|respect,Two appointments were booked at the same time for me.
teammate-refused-accommodation,refused accommodation request|declined interpreter|didn't allow extra time,excluded|tense|anxious|frustrated,access|inclusion|respect|support,My request for captions was declined without alternatives.
teammate-returned-item-denied,return denied without reason|store refused my return|policy not posted but used,confused|uncertain|anxious|unsettled,fairness|clarity|respect|predictability,The return was denied and no policy was shown.
teammate-room-entered-without-consent,entered my room without knocking|opened my door without asking|came in unannounced,alarmed|scared|tense|anxious,space|privacy|safety|respect,teammate opened my door and stepped in without knocking.
teammate-belongings-moved,moved my things without asking|rearranged my desk|tidied my items without checking,frustrated|pressured|tired|resentful,autonomy|space|respect|consideration,My labeled folders were moved to a cabinet.
teammate-back-to-back-meetings,scheduled meetings back to back|no breaks between calls|stacked calendar without space,overwhelmed|pressured|tired|anxious,support|do-things-at-my-own-pace-and-in-my-own-way|consideration|rest,Three meetings were booked with no buffer in between.
teammate-i-feel-like-phrasing,I feel like they ignored me|I feel like no one cares|I feel like they did this on purpose,hurt|sad|lonely|anxious,to-be-heard|acknowledgement|understanding|connection,I feel like no one cared about my message today.
teammate-because-clause,they left because I spoke up|they changed plans because of me|they did it because I said no,hurt|sad|lonely|anxious,to-be-heard|respect|mutuality|understanding,"They left right after I spoke up, saying it was because I challenged the idea."
teammate-after-clause,"after I shared, no response|after I asked, they went silent|after I arrived, the plan changed",confused|uncertain|anxious|unsettled,clarity|respect|consideration|predictability,"After I asked a question, they went silent."
teammate-comparison-better-than,"compared me to someone else|'unlike X, you' from teammate|said others do it better",hurt|sad|lonely|anxious,to-be-seen|fairness|acknowledgement|respect,teammate said someone else handles it better than me.
teammate-apology-missing,no apology after mistake|never apologized|didn't say sorry,hurt|sad|lonely|anxious,accountability|repair|respect|honesty,"After the mistake, there was no apology from teammate."
friend-ignored-message,friend ignored my message|friend left me on read|friend did not reply|seen .* no reply from friend|I feel like friend ignored me|ignored my message|left me on read|did not reply|I feel like ignored me,hurt|sad|lonely|anxious,to-be-seen|connection|belonging|consideration,I sent two messages to friend and saw 'seen' with no reply for 48 hours.
friend-changed-plan-without-asking,friend changed the plan without asking|friend decided for me|friend made plans without me|friend told me I had to|changed the plan without asking|decided for me|made plans without me|told me I had to,frustrated|pressured|tired|resentful,autonomy|choice|freedom|mutuality,friend changed the plan and told me what I'd be doing without checking.
friend-overcharged,charged .* extra at checkout|price higher than quoted by friend|fee added after total|tip changed after payment,confused|uncertain|anxious|unsettled,clarity|fairness|trust|honesty,The final bill from friend included a fee that wasn't in the quote.
friend-lost-item,lost my .*|my .* was misplaced|friend can't find my paperwork|friend lost my paperwork|can't find my paperwork|lost my paperwork,frustrated|pressured|tired|resentful,care|clarity|acknowledgement|responsibility,friend couldn't find the paperwork I handed them last week.
friend-breach-privacy,friend shared my info without consent|friend forwarded my email|friend posted my photo without asking|screenshot of our chat shared by friend|shared my info without consent|forwarded my email|posted my photo without asking,confused|uncertain|anxious|unsettled,privacy|autonomy|respect|safety,friend posted a screenshot of our chat in a group without asking.
friend-public-criticism,friend criticized me in public|friend called me out in front of others|friend pointed out my mistake loudly|criticized me in public|called me out in front of others|pointed out my mistake loudly,embarrassed|hurt|anxious|lonely,respect|to-be-heard|consideration|honor,friend highlighted my mistake during the meeting while others watched.
friend-credit-taken,friend took credit for my work|friend presented my work as theirs|friend left my name off|took credit for my work|presented my work as theirs|left my name off,jealous|hurt|angry|anxious,acknowledgement|recognition|fairness|respect,My contribution was presented by friend without my name mentioned.
friend-deadline-moved-earlier,deadline moved up by friend|due date pulled earlier by friend|asked for delivery sooner than agreed by friend,overwhelmed|pressured|tired|anxious,support|do-things-at-my-own-pace-and-in-my-own-way|consideration|rest,The due date was moved from Friday to Wednesday without checking my capacity.
friend-muted-or-removed,friend muted me|friend removed me from the call|friend kicked me from the channel|muted me|removed me from the call|kicked me from the channel,embarrassed|hurt|anxious|lonely,respect|autonomy|consideration|to-be-heard,friend muted me while I was speaking.
friend-meeting-started-without-me,meeting started early|decisions made before I joined|friend began before scheduled time|began before scheduled time,confused|uncertain|anxious|unsettled,consideration|inclusion|predictability|respect,"When I joined at the scheduled time, they were already on agenda item two."
friend-form-closed-early,form closed early|submission window ended early|link closed before deadline,confused|uncertain|anxious|unsettled,fairness|clarity|respect|predictability,The application portal closed hours before the stated deadline.
friend-appointment-canceled-last-minute,appointment canceled last minute by friend|canceled same day|backed out with short notice,hurt|sad|lonely|anxious,reliability|support|consideration|security,friend canceled 30 minutes before the appointment.
friend-name-misspelled-after-correction,kept misspelling my name|used the wrong name after I corrected it|name still wrong in records,hurt|sad|lonely|anxious,respect|honor|to-be-seen|belonging,"After I corrected them, friend kept spelling my name wrong."
friend-conditional-invite,invited only if .*|'you can come if' from friend|included conditionally in plans,hurt|sad|lonely|anxious,belonging|inclusion|to-be-seen|respect,friend said I could come only if I handled the driving.
friend-backhanded-compliment,friend gave a backhanded compliment|'for someone like you' comment from friend|compliment with a dig|gave a backhanded compliment,embarrassed|hurt|anxious|lonely,respect|to-be-heard|consideration|honor,"friend said, 'You're articulate for someone so young.'"
friend-gaslight-phrases,friend said 'that's not what happened' after I described it|friend said I'm imagining things|'you're crazy' from friend|said 'that's not what happened' after I described it|said I'm imagining things,confused|uncertain|anxious|unsettled,understanding|honesty|trust|respect,"After I described the email, friend said it never happened."
friend-omitted-context,friend left out key info|friend didn't share the requirement|friend omitted the deadline|left out key info|didn't share the requirement|omitted the deadline,confused|uncertain|anxious|unsettled,clarity|honesty|support|fairness,I learned the requirement only after the submission closed.
friend-policy-enforced-selectively,rule applied to me not others|selective enforcement by friend|inconsistent policy enforcement,frustrated|pressured|tired|resentful,justice|fairness|respect|acknowledgement,Others got exceptions that I was denied.
friend-moderation-removed-no-reason,friend removed my post without reason|thread locked by friend|comment deleted without explanation|removed my post without reason,silenced|frustrated|lonely|powerless,participation|to-be-heard|consideration|mutuality,A moderator removed my post without any reason.
friend-algorithm-shadowban,my posts get no views|content hidden without notice|no one can see my posts,confused|uncertain|anxious|unsettled,clarity|predictability|justice|respect,My post views dropped to zero with no explanation.
friend-accessibility-gap,no captions provided|slides not accessible|no ramp available at venue,excluded|anxious|discouraged|frustrated,access|inclusion|respect|support,The webinar had no captions despite prior requests.
friend-parking-issue,parking spot taken despite permit|assigned spot occupied|blocked my car,frustrated|pressured|tired|resentful,fairness|clarity|respect|predictability,My assigned spot was taken and no alternative was offered.
friend-noise-violation-night,loud noise during quiet hours|party past quiet hours|music kept me up,overwhelmed|pressured|tired|anxious,rest|consideration|peace|respect,Music played loudly past midnight through the shared wall.
friend-thermostat-changed,thermostat changed without asking|temperature changed without checking|ac set very cold without asking,frustrated|pressured|tired|resentful,comfort|consideration|communication|respect,The thermostat was turned down while I was still working.
friend-paperwork-lost-agency,agency lost my documents|office misplaced my file|documents missing after submission,frustrated|pressured|tired|resentful,clarity|responsibility|acknowledgement|support,The office couldn't find the forms I submitted last month.
friend-immigration-appointment-changed,appointment rescheduled without notice|time changed after I confirmed|new date assigned without asking,anxious|tense|worried|uneasy,predictability|consideration|respect|clarity,The appointment was moved to a weekday morning without checking my availability.
friend-bank-fee-added,unexpected bank fee|maintenance fee added|account charged without explanation,confused|uncertain|anxious|unsettled,clarity|fairness|trust|honesty,A fee appeared on my account with no explanation.
friend-customer-service-loop,stuck in automated loop|can't reach a person|support bot replies only,frustrated|pressured|tired|resentful,support|access|clarity|consideration,The support line kept sending automated messages without connecting me to a person.
friend-safety-ignored,ignored safety protocol|didn't wear required gear|skipped the safety step,alarmed|scared|tense|anxious,safety|predictability|trust|care,friend began the procedure without wearing the required gloves.
friend-appointment-overbooked,double-booked my slot|two appointments at same time|overbooked schedule,anxious|tense|worried|uneasy,order|predictability|consideration|respect,Two appointments were booked at the same time for me.
friend-refused-accommodation,refused accommodation request|declined interpreter|didn't allow extra time,excluded|tense|anxious|frustrated,access|inclusion|respect|support,My request for captions was declined without alternatives.
friend-returned-item-denied,return denied without reason|store refused my return|policy not posted but used,confused|uncertain|anxious|unsettled,fairness|clarity|respect|predictability,The return was denied and no policy was shown.
friend-room-entered-without-consent,entered my room without knocking|opened my door without asking|came in unannounced,alarmed|scared|tense|anxious,space|privacy|safety|respect,friend opened my door and stepped in without knocking.
friend-belongings-moved,moved my things without asking|rearranged my desk|tidied my items without checking,frustrated|pressured|tired|resentful,autonomy|space|respect|consideration,My labeled folders were moved to a cabinet.
friend-back-to-back-meetings,scheduled meetings back to back|no breaks between calls|stacked calendar without space,overwhelmed|pressured|tired|anxious,support|do-things-at-my-own-pace-and-in-my-own-way|consideration|rest,Three meetings were booked with no buffer in between.
friend-i-feel-like-phrasing,I feel like they ignored me|I feel like no one cares|I feel like they did this on purpose,hurt|sad|lonely|anxious,to-be-heard|acknowledgement|understanding|connection,I feel like no one cared about my message today.
friend-because-clause,they left because I spoke up|they changed plans because of me|they did it because I said no,hurt|sad|lonely|anxious,to-be-heard|respect|mutuality|understanding,"They left right after I spoke up, saying it was because I challenged the idea."
friend-after-clause,"after I shared, no response|after I asked, they went silent|after I arrived, the plan changed",confused|uncertain|anxious|unsettled,clarity|respect|consideration|predictability,"After I asked a question, they went silent."
friend-comparison-better-than,"compared me to someone else|'unlike X, you' from friend|said others do it better",hurt|sad|lonely|anxious,to-be-seen|fairness|acknowledgement|respect,friend said someone else handles it better than me.
friend-apology-missing,no apology after mistake|never apologized|didn't say sorry,hurt|sad|lonely|anxious,accountability|repair|respect|honesty,"After the mistake, there was no apology from friend."
partner-ignored-message,partner ignored my message|partner left me on read|partner did not reply|seen .* no reply from partner|I feel like partner ignored me|ignored my message|left me on read|did not reply|I feel like ignored me,hurt|sad|lonely|anxious,to-be-seen|connection|belonging|consideration,I sent two messages to partner and saw 'seen' with no reply for 48 hours.
partner-changed-plan-without-asking,partner changed the plan without asking|partner decided for me|partner made plans without me|partner told me I had to|changed the plan without asking|decided for me|made plans without me|told me I had to,frustrated|pressured|tired|resentful,autonomy|choice|freedom|mutuality,partner changed the plan and told me what I'd be doing without checking.
partner-overcharged,charged .* extra at checkout|price higher than quoted by partner|fee added after total|tip changed after payment,confused|uncertain|anxious|unsettled,clarity|fairness|trust|honesty,The final bill from partner included a fee that wasn't in the quote.
partner-lost-item,lost my .*|my .* was misplaced|partner can't find my paperwork|partner lost my paperwork|can't find my paperwork|lost my paperwork,frustrated|pressured|tired|resentful,care|clarity|acknowledgement|responsibility,partner couldn't find the paperwork I handed them last week.
partner-breach-privacy,partner shared my info without consent|partner forwarded my email|partner posted my photo without asking|screenshot of our chat shared by partner|shared my info without consent|forwarded my email|posted my photo without asking,confused|uncertain|anxious|unsettled,privacy|autonomy|respect|safety,partner posted a screenshot of our chat in a group without asking.
partner-public-criticism,partner criticized me in public|partner called me out in front of others|partner pointed out my mistake loudly|criticized me in public|called me out in front of others|pointed out my mistake loudly,embarrassed|hurt|anxious|lonely,respect|to-be-heard|consideration|honor,partner highlighted my mistake during the meeting while others watched.
partner-credit-taken,partner took credit for my work|partner presented my work as theirs|partner left my name off|took credit for my work|presented my work as theirs|left my name off,jealous|hurt|angry|anxious,acknowledgement|recognition|fairness|respect,My contribution was presented by partner without my name mentioned.
partner-deadline-moved-earlier,deadline moved up by partner|due date pulled earlier by partner|asked for delivery sooner than agreed by partner,overwhelmed|pressured|tired|anxious,support|do-things-at-my-own-pace-and-in-my-own-way|consideration|rest,The due date was moved from Friday to Wednesday without checking my capacity.
partner-muted-or-removed,partner muted me|partner removed me from the call|partner kicked me from the channel|muted me|removed me from the call|kicked me from the channel,embarrassed|hurt|anxious|lonely,respect|autonomy|consideration|to-be-heard,partner muted me while I was speaking.
partner-meeting-started-without-me,meeting started early|decisions made before I joined|partner began before scheduled time|began before scheduled time,confused|uncertain|anxious|unsettled,consideration|inclusion|predictability|respect,"When I joined at the scheduled time, they were already on agenda item two."
partner-form-closed-early,form closed early|submission window ended early|link closed before deadline,confused|uncertain|anxious|unsettled,fairness|clarity|respect|predictability,The application portal closed hours before the stated deadline.
partner-appointment-canceled-last-minute,appointment canceled last minute by partner|canceled same day|backed out with short notice,hurt|sad|lonely|anxious,reliability|support|consideration|security,partner canceled 30 minutes before the appointment.
partner-name-misspelled-after-correction,kept misspelling my name|used the wrong name after I corrected it|name still wrong in records,hurt|sad|lonely|anxious,respect|honor|to-be-seen|belonging,"After I corrected them, partner kept spelling my name wrong."
partner-conditional-invite,invited only if .*|'you can come if' from partner|included conditionally in plans,hurt|sad|lonely|anxious,belonging|inclusion|to-be-seen|respect,partner said I could come only if I handled the driving.
partner-backhanded-compliment,partner gave a backhanded compliment|'for someone like you' comment from partner|compliment with a dig|gave a backhanded compliment,embarrassed|hurt|anxious|lonely,respect|to-be-heard|consideration|honor,"partner said, 'You're articulate for someone so young.'"
partner-gaslight-phrases,partner said 'that's not what happened' after I described it|partner said I'm imagining things|'you're crazy' from partner|said 'that's not what happened' after I described it|said I'm imagining things,confused|uncertain|anxious|unsettled,understanding|honesty|trust|respect,"After I described the email, partner said it never happened."
partner-omitted-context,partner left out key info|partner didn't share the requirement|partner omitted the deadline|left out key info|didn't share the requirement|omitted the deadline,confused|uncertain|anxious|unsettled,clarity|honesty|support|fairness,I learned the requirement only after the submission closed.
partner-policy-enforced-selectively,rule applied to me not others|selective enforcement by partner|inconsistent policy enforcement,frustrated|pressured|tired|resentful,justice|fairness|respect|acknowledgement,Others got exceptions that I was denied.
partner-moderation-removed-no-reason,partner removed my post without reason|thread locked by partner|comment deleted without explanation|removed my post without reason,silenced|frustrated|lonely|powerless,participation|to-be-heard|consideration|mutuality,A moderator removed my post without any reason.
partner-algorithm-shadowban,my posts get no views|content hidden without notice|no one can see my posts,confused|uncertain|anxious|unsettled,clarity|predictability|justice|respect,My post views dropped to zero with no explanation.
partner-accessibility-gap,no captions provided|slides not accessible|no ramp available at venue,excluded|anxious|discouraged|frustrated,access|inclusion|respect|support,The webinar had no captions despite prior requests.
partner-parking-issue,parking spot taken despite permit|assigned spot occupied|blocked my car,frustrated|pressured|tired|resentful,fairness|clarity|respect|predictability,My assigned spot was taken and no alternative was offered.
partner-noise-violation-night,loud noise during quiet hours|party past quiet hours|music kept me up,overwhelmed|pressured|tired|anxious,rest|consideration|peace|respect,Music played loudly past midnight through the shared wall.
partner-thermostat-changed,thermostat changed without asking|temperature changed without checking|ac set very cold without asking,frustrated|pressured|tired|resentful,comfort|consideration|communication|respect,The thermostat was turned down while I was still working.
partner-paperwork-lost-agency,agency lost my documents|office misplaced my file|documents missing after submission,frustrated|pressured|tired|resentful,clarity|responsibility|acknowledgement|support,The office couldn't find the forms I submitted last month.
partner-immigration-appointment-changed,appointment rescheduled without notice|time changed after I confirmed|new date assigned without asking,anxious|tense|worried|uneasy,predictability|consideration|respect|clarity,The appointment was moved to a weekday morning without checking my availability.
partner-bank-fee-added,unexpected bank fee|maintenance fee added|account charged without explanation,confused|uncertain|anxious|unsettled,clarity|fairness|trust|honesty,A fee appeared on my account with no explanation.
partner-customer-service-loop,stuck in automated loop|can't reach a person|support bot replies only,frustrated|pressured|tired|resentful,support|access|clarity|consideration,The support line kept sending automated messages without connecting me to a person.
partner-safety-ignored,ignored safety protocol|didn't wear required gear|skipped the safety step,alarmed|scared|tense|anxious,safety|predictability|trust|care,partner began the procedure without wearing the required gloves.
partner-appointment-overbooked,double-booked my slot|two appointments at same time|overbooked schedule,anxious|tense|worried|uneasy,order|predictability|consideration|respect,Two appointments were booked at the same time for me.
partner-refused-accommodation,refused accommodation request|declined interpreter|didn't allow extra time,excluded|tense|anxious|frustrated,access|inclusion|respect|support,My request for captions was declined without alternatives.
partner-returned-item-denied,return denied without reason|store refused my return|policy not posted but used,confused|uncertain|anxious|unsettled,fairness|clarity|respect|predictability,The return was denied and no policy was shown.
partner-room-entered-without-consent,entered my room without knocking|opened my door without asking|came in unannounced,alarmed|scared|tense|anxious,space|privacy|safety|respect,partner opened my door and stepped in without knocking.
partner-belongings-moved,moved my things without asking|rearranged my desk|tidied my items without checking,frustrated|pressured|tired|resentful,autonomy|space|respect|consideration,My labeled folders were moved to a cabinet.
partner-back-to-back-meetings,scheduled meetings back to back|no breaks between calls|stacked calendar without space,overwhelmed|pressured|tired|anxious,support|do-things-at-my-own-pace-and-in-my-own-way|consideration|rest,Three meetings were booked with no buffer in between.
partner-i-feel-like-phrasing,I feel like they ignored me|I feel like no one cares|I feel like they did this on purpose,hurt|sad|lonely|anxious,to-be-heard|acknowledgement|understanding|connection,I feel like no one cared about my message today.
partner-because-clause,they left because I spoke up|they changed plans because of me|they did it because I said no,hurt|sad|lonely|anxious,to-be-heard|respect|mutuality|understanding,"They left right after I spoke up, saying it was because I challenged the idea."
partner-after-clause,"after I shared, no response|after I asked, they went silent|after I arrived, the plan changed",confused|uncertain|anxious|unsettled,clarity|respect|consideration|predictability,"After I asked a question, they went silent."
partner-comparison-better-than,"compared me to someone else|'unlike X, you' from partner|said others do it better",hurt|sad|lonely|anxious,to-be-seen|fairness|acknowledgement|respect,partner said someone else handles it better than me.
partner-apology-missing,no apology after mistake|never apologized|didn't say sorry,hurt|sad|lonely|anxious,accountability|repair|respect|honesty,"After the mistake, there was no apology from partner."
parent-ignored-message,parent ignored my message|parent left me on read|parent did not reply|seen .* no reply from parent|I feel like parent ignored me|ignored my message|left me on read|did not reply|I feel like ignored me,hurt|sad|lonely|anxious,to-be-seen|connection|belonging|consideration,I sent two messages to parent and saw 'seen' with no reply for 48 hours.
parent-changed-plan-without-asking,parent changed the plan without asking|parent decided for me|parent made plans without me|parent told me I had to|changed the plan without asking|decided for me|made plans without me|told me I had to,frustrated|pressured|tired|resentful,autonomy|choice|freedom|mutuality,parent changed the plan and told me what I'd be doing without checking.
parent-overcharged,charged .* extra at checkout|price higher than quoted by parent|fee added after total|tip changed after payment,confused|uncertain|anxious|unsettled,clarity|fairness|trust|honesty,The final bill from parent included a fee that wasn't in the quote.
parent-lost-item,lost my .*|my .* was misplaced|parent can't find my paperwork|parent lost my paperwork|can't find my paperwork|lost my paperwork,frustrated|pressured|tired|resentful,care|clarity|acknowledgement|responsibility,parent couldn't find the paperwork I handed them last week.
parent-breach-privacy,parent shared my info without consent|parent forwarded my email|parent posted my photo without asking|screenshot of our chat shared by parent|shared my info without consent|forwarded my email|posted my photo without asking,confused|uncertain|anxious|unsettled,privacy|autonomy|respect|safety,parent posted a screenshot of our chat in a group without asking.
parent-public-criticism,parent criticized me in public|parent called me out in front of others|parent pointed out my mistake loudly|criticized me in public|called me out in front of others|pointed out my mistake loudly,embarrassed|hurt|anxious|lonely,respect|to-be-heard|consideration|honor,parent highlighted my mistake during the meeting while others watched.
parent-credit-taken,parent took credit for my work|parent presented my work as theirs|parent left my name off|took credit for my work|presented my work as theirs|left my name off,jealous|hurt|angry|anxious,acknowledgement|recognition|fairness|respect,My contribution was presented by parent without my name mentioned.
parent-deadline-moved-earlier,deadline moved up by parent|due date pulled earlier by parent|asked for delivery sooner than agreed by parent,overwhelmed|pressured|tired|anxious,support|do-things-at-my-own-pace-and-in-my-own-way|consideration|rest,The due date was moved from Friday to Wednesday without checking my capacity.
parent-muted-or-removed,parent muted me|parent removed me from the call|parent kicked me from the channel|muted me|removed me from the call|kicked me from the channel,embarrassed|hurt|anxious|lonely,respect|autonomy|consideration|to-be-heard,parent muted me while I was speaking.
parent-meeting-started-without-me,meeting started early|decisions made before I joined|parent began before scheduled time|began before scheduled time,confused|uncertain|anxious|unsettled,consideration|inclusion|predictability|respect,"When I joined at the scheduled time, they were already on agenda item two."
parent-form-closed-early,form closed early|submission window ended early|link closed before deadline,confused|uncertain|anxious|unsettled,fairness|clarity|respect|predictability,The application portal closed hours before the stated deadline.
parent-appointment-canceled-last-minute,appointment canceled last minute by parent|canceled same day|backed out with short notice,hurt|sad|lonely|anxious,reliability|support|consideration|security,parent canceled 30 minutes before the appointment.
parent-name-misspelled-after-correction,kept misspelling my name|used the wrong name after I corrected it|name still wrong in records,hurt|sad|lonely|anxious,respect|honor|to-be-seen|belonging,"After I corrected them, parent kept spelling my name wrong."
parent-conditional-invite,invited only if .*|'you can come if' from parent|included conditionally in plans,hurt|sad|lonely|anxious,belonging|inclusion|to-be-seen|respect,parent said I could come only if I handled the driving.
parent-backhanded-compliment,parent gave a backhanded compliment|'for someone like you' comment from parent|compliment with a dig|gave a backhanded compliment,embarrassed|hurt|anxious|lonely,respect|to-be-heard|consideration|honor,"parent said, 'You're articulate for someone so young.'"
parent-gaslight-phrases,parent said 'that's not what happened' after I described it|parent said I'm imagining things|'you're crazy' from parent|said 'that's not what happened' after I described it|said I'm imagining things,confused|uncertain|anxious|unsettled,understanding|honesty|trust|respect,"After I described the email, parent said it never happened."
parent-omitted-context,parent left out key info|parent didn't share the requirement|parent omitted the deadline|left out key info|didn't share the requirement|omitted the deadline,confused|uncertain|anxious|unsettled,clarity|honesty|support|fairness,I learned the requirement only after the submission closed.
parent-policy-enforced-selectively,rule applied to me not others|selective enforcement by parent|inconsistent policy enforcement,frustrated|pressured|tired|resentful,justice|fairness|respect|acknowledgement,Others got exceptions that I was denied.
parent-moderation-removed-no-reason,parent removed my post without reason|thread locked by parent|comment deleted without explanation|removed my post without reason,silenced|frustrated|lonely|powerless,participation|to-be-heard|consideration|mutuality,A moderator removed my post without any reason.
parent-algorithm-shadowban,my posts get no views|content hidden without notice|no one can see my posts,confused|uncertain|anxious|unsettled,clarity|predictability|justice|respect,My post views dropped to zero with no explanation.
parent-accessibility-gap,no captions provided|slides not accessible|no ramp available at venue,excluded|anxious|discouraged|frustrated,access|inclusion|respect|support,The webinar had no captions despite prior requests.
parent-parking-issue,parking spot taken despite permit|assigned spot occupied|blocked my car,frustrated|pressured|tired|resentful,fairness|clarity|respect|predictability,My assigned spot was taken and no alternative was offered.
parent-noise-violation-night,loud noise during quiet hours|party past quiet hours|music kept me up,overwhelmed|pressured|tired|anxious,rest|consideration|peace|respect,Music played loudly past midnight through the shared wall.
parent-thermostat-changed,thermostat changed without asking|temperature changed without checking|ac set very cold without asking,frustrated|pressured|tired|resentful,comfort|consideration|communication|respect,The thermostat was turned down while I was still working.
parent-paperwork-lost-agency,agency lost my documents|office misplaced my file|documents missing after submission,frustrated|pressured|tired|resentful,clarity|responsibility|acknowledgement|support,The office couldn't find the forms I submitted last month.
parent-immigration-appointment-changed,appointment rescheduled without notice|time changed after I confirmed|new date assigned without asking,anxious|tense|worried|uneasy,predictability|consideration|respect|clarity,The appointment was moved to a weekday morning without checking my availability.
parent-bank-fee-added,unexpected bank fee|maintenance fee added|account charged without explanation,confused|uncertain|anxious|unsettled,clarity|fairness|trust|honesty,A fee appeared on my account with no explanation.
parent-customer-service-loop,stuck in automated loop|can't reach a person|support bot replies only,frustrated|pressured|tired|resentful,support|access|clarity|consideration,The support line kept sending automated messages without connecting me to a person.
parent-safety-ignored,ignored safety protocol|didn't wear required gear|skipped the safety step,alarmed|scared|tense|anxious,safety|predictability|trust|care,parent began the procedure without wearing the required gloves.
parent-appointment-overbooked,double-booked my slot|two appointments at same time|overbooked schedule,anxious|tense|worried|uneasy,order|predictability|consideration|respect,Two appointments were booked at the same time for me.
parent-refused-accommodation,refused accommodation request|declined interpreter|didn't allow extra time,excluded|tense|anxious|frustrated,access|inclusion|respect|support,My request for captions was declined without alternatives.
parent-returned-item-denied,return denied without reason|store refused my return|policy not posted but used,confused|uncertain|anxious|unsettled,fairness|clarity|respect|predictability,The return was denied and no policy was shown.
parent-room-entered-without-consent,entered my room without knocking|opened my door without asking|came in unannounced,alarmed|scared|tense|anxious,space|privacy|safety|respect,parent opened my door and stepped in without knocking.
parent-belongings-moved,moved my things without asking|rearranged my desk|tidied my items without checking,frustrated|pressured|tired|resentful,autonomy|space|respect|consideration,My labeled folders were moved to a cabinet.
parent-back-to-back-meetings,scheduled meetings back to back|no breaks between calls|stacked calendar without space,overwhelmed|pressured|tired|anxious,support|do-things-at-my-own-pace-and-in-my-own-way|consideration|rest,Three meetings were booked with no buffer in between.
parent-i-feel-like-phrasing,I feel like they ignored me|I feel like no one cares|I feel like they did this on purpose,hurt|sad|lonely|anxious,to-be-heard|acknowledgement|understanding|connection,I feel like no one cared about my message today.
parent-because-clause,they left because I spoke up|they changed plans because of me|they did it because I said no,hurt|sad|lonely|anxious,to-be-heard|respect|mutuality|understanding,"They left right after I spoke up, saying it was because I challenged the idea."
parent-after-clause,"after I shared, no response|after I asked, they went silent|after I arrived, the plan changed",confused|uncertain|anxious|unsettled,clarity|respect|consideration|predictability,"After I asked a question, they went silent."
parent-comparison-better-than,"compared me to someone else|'unlike X, you' from parent|said others do it better",hurt|sad|lonely|anxious,to-be-seen|fairness|acknowledgement|respect,parent said someone else handles it better than me.
parent-apology-missing,no apology after mistake|never apologized|didn't say sorry,hurt|sad|lonely|anxious,accountability|repair|respect|honesty,"After the mistake, there was no apology from parent."
sibling-ignored-message,sibling ignored my message|sibling left me on read|sibling did not reply|seen .* no reply from sibling|I feel like sibling ignored me|ignored my message|left me on read|did not reply|I feel like ignored me,hurt|sad|lonely|anxious,to-be-seen|connection|belonging|consideration,I sent two messages to sibling and saw 'seen' with no reply for 48 hours.
sibling-changed-plan-without-asking,sibling changed the plan without asking|sibling decided for me|sibling made plans without me|sibling told me I had to|changed the plan without asking|decided for me|made plans without me|told me I had to,frustrated|pressured|tired|resentful,autonomy|choice|freedom|mutuality,sibling changed the plan and told me what I'd be doing without checking.
sibling-overcharged,charged .* extra at checkout|price higher than quoted by sibling|fee added after total|tip changed after payment,confused|uncertain|anxious|unsettled,clarity|fairness|trust|honesty,The final bill from sibling included a fee that wasn't in the quote.
sibling-lost-item,lost my .*|my .* was misplaced|sibling can't find my paperwork|sibling lost my paperwork|can't find my paperwork|lost my paperwork,frustrated|pressured|tired|resentful,care|clarity|acknowledgement|responsibility,sibling couldn't find the paperwork I handed them last week.
sibling-breach-privacy,sibling shared my info without consent|sibling forwarded my email|sibling posted my photo without asking|screenshot of our chat shared by sibling|shared my info without consent|forwarded my email|posted my photo without asking,confused|uncertain|anxious|unsettled,privacy|autonomy|respect|safety,sibling posted a screenshot of our chat in a group without asking.
sibling-public-criticism,sibling criticized me in public|sibling called me out in front of others|sibling pointed out my mistake loudly|criticized me in public|called me out in front of others|pointed out my mistake loudly,embarrassed|hurt|anxious|lonely,respect|to-be-heard|consideration|honor,sibling highlighted my mistake during the meeting while others watched.
sibling-credit-taken,sibling took credit for my work|sibling presented my work as theirs|sibling left my name off|took credit for my work|presented my work as theirs|left my name off,jealous|hurt|angry|anxious,acknowledgement|recognition|fairness|respect,My contribution was presented by sibling without my name mentioned.
sibling-deadline-moved-earlier,deadline moved up by sibling|due date pulled earlier by sibling|asked for delivery sooner than agreed by sibling,overwhelmed|pressured|tired|anxious,support|do-things-at-my-own-pace-and-in-my-own-way|consideration|rest,The due date was moved from Friday to Wednesday without checking my capacity.
sibling-muted-or-removed,sibling muted me|sibling removed me from the call|sibling kicked me from the channel|muted me|removed me from the call|kicked me from the channel,embarrassed|hurt|anxious|lonely,respect|autonomy|consideration|to-be-heard,sibling muted me while I was speaking.
sibling-meeting-started-without-me,meeting started early|decisions made before I joined|sibling began before scheduled time|began before scheduled time,confused|uncertain|anxious|unsettled,consideration|inclusion|predictability|respect,"When I joined at the scheduled time, they were already on agenda item two."
sibling-form-closed-early,form closed early|submission window ended early|link closed before deadline,confused|uncertain|anxious|unsettled,fairness|clarity|respect|predictability,The application portal closed hours before the stated deadline.
sibling-appointment-canceled-last-minute,appointment canceled last minute by sibling|canceled same day|backed out with short notice,hurt|sad|lonely|anxious,reliability|support|consideration|security,sibling canceled 30 minutes before the appointment.
sibling-name-misspelled-after-correction,kept misspelling my name|used the wrong name after I corrected it|name still wrong in records,hurt|sad|lonely|anxious,respect|honor|to-be-seen|belonging,"After I corrected them, sibling kept spelling my name wrong."
sibling-conditional-invite,invited only if .*|'you can come if' from sibling|included conditionally in plans,hurt|sad|lonely|anxious,belonging|inclusion|to-be-seen|respect,sibling said I could come only if I handled the driving.
sibling-backhanded-compliment,sibling gave a backhanded compliment|'for someone like you' comment from sibling|compliment with a dig|gave a backhanded compliment,embarrassed|hurt|anxious|lonely,respect|to-be-heard|consideration|honor,"sibling said, 'You're articulate for someone so young.'"
sibling-gaslight-phrases,sibling said 'that's not what happened' after I described it|sibling said I'm imagining things|'you're crazy' from sibling|said 'that's not what happened' after I described it|said I'm imagining things,confused|uncertain|anxious|unsettled,understanding|honesty|trust|respect,"After I described the email, sibling said it never happened."
sibling-omitted-context,sibling left out key info|sibling didn't share the requirement|sibling omitted the deadline|left out key info|didn't share the requirement|omitted the deadline,confused|uncertain|anxious|unsettled,clarity|honesty|support|fairness,I learned the requirement only after the submission closed.
sibling-policy-enforced-selectively,rule applied to me not others|selective enforcement by sibling|inconsistent policy enforcement,frustrated|pressured|tired|resentful,justice|fairness|respect|acknowledgement,Others got exceptions that I was denied.
sibling-moderation-removed-no-reason,sibling removed my post without reason|thread locked by sibling|comment deleted without explanation|removed my post without reason,silenced|frustrated|lonely|powerless,participation|to-be-heard|consideration|mutuality,A moderator removed my post without any reason.
sibling-algorithm-shadowban,my posts get no views|content hidden without notice|no one can see my posts,confused|uncertain|anxious|unsettled,clarity|predictability|justice|respect,My post views dropped to zero with no explanation.
sibling-accessibility-gap,no captions provided|slides not accessible|no ramp available at venue,excluded|anxious|discouraged|frustrated,access|inclusion|respect|support,The webinar had no captions despite prior requests.
sibling-parking-issue,parking spot taken despite permit|assigned spot occupied|blocked my car,frustrated|pressured|tired|resentful,fairness|clarity|respect|predictability,My assigned spot was taken and no alternative was offered.
sibling-noise-violation-night,loud noise during quiet hours|party past quiet hours|music kept me up,overwhelmed|pressured|tired|anxious,rest|consideration|peace|respect,Music played loudly past midnight through the shared wall.
sibling-thermostat-changed,thermostat changed without asking|temperature changed without checking|ac set very cold without asking,frustrated|pressured|tired|resentful,comfort|consideration|communication|respect,The thermostat was turned down while I was still working.
sibling-paperwork-lost-agency,agency lost my documents|office misplaced my file|documents missing after submission,frustrated|pressured|tired|resentful,clarity|responsibility|acknowledgement|support,The office couldn't find the forms I submitted last month.
sibling-immigration-appointment-changed,appointment rescheduled without notice|time changed after I confirmed|new date assigned without asking,anxious|tense|worried|uneasy,predictability|consideration|respect|clarity,The appointment was moved to a weekday morning without checking my availability.
sibling-bank-fee-added,unexpected bank fee|maintenance fee added|account charged without explanation,confused|uncertain|anxious|unsettled,clarity|fairness|trust|honesty,A fee appeared on my account with no explanation.
sibling-customer-service-loop,stuck in automated loop|can't reach a person|support bot replies only,frustrated|pressured|tired|resentful,support|access|clarity|consideration,The support line kept sending automated messages without connecting me to a person.
sibling-safety-ignored,ignored safety protocol|didn't wear required gear|skipped the safety step,alarmed|scared|tense|anxious,safety|predictability|trust|care,sibling began the procedure without wearing the required gloves.
sibling-appointment-overbooked,double-booked my slot|two appointments at same time|overbooked schedule,anxious|tense|worried|uneasy,order|predictability|consideration|respect,Two appointments were booked at the same time for me.
sibling-refused-accommodation,refused accommodation request|declined interpreter|didn't allow extra time,excluded|tense|anxious|frustrated,access|inclusion|respect|support,My request for captions was declined without alternatives.
sibling-returned-item-denied,return denied without reason|store refused my return|policy not posted but used,confused|uncertain|anxious|unsettled,fairness|clarity|respect|predictability,The return was denied and no policy was shown.
sibling-room-entered-without-consent,entered my room without knocking|opened my door without asking|came in unannounced,alarmed|scared|tense|anxious,space|privacy|safety|respect,sibling opened my door and stepped in without knocking.
sibling-belongings-moved,moved my things without asking|rearranged my desk|tidied my items without checking,frustrated|pressured|tired|resentful,autonomy|space|respect|consideration,My labeled folders were moved to a cabinet.
sibling-back-to-back-meetings,scheduled meetings back to back|no breaks between calls|stacked calendar without space,overwhelmed|pressured|tired|anxious,support|do-things-at-my-own-pace-and-in-my-own-way|consideration|rest,Three meetings were booked with no buffer in between.
sibling-i-feel-like-phrasing,I feel like they ignored me|I feel like no one cares|I feel like they did this on purpose,hurt|sad|lonely|anxious,to-be-heard|acknowledgement|understanding|connection,I feel like no one cared about my message today.
sibling-because-clause,they left because I spoke up|they changed plans because of me|they did it because I said no,hurt|sad|lonely|anxious,to-be-heard|respect|mutuality|understanding,"They left right after I spoke up, saying it was because I challenged the idea."
sibling-after-clause,"after I shared, no response|after I asked, they went silent|after I arrived, the plan changed",confused|uncertain|anxious|unsettled,clarity|respect|consideration|predictability,"After I asked a question, they went silent."
sibling-comparison-better-than,"compared me to someone else|'unlike X, you' from sibling|said others do it better",hurt|sad|lonely|anxious,to-be-seen|fairness|acknowledgement|respect,sibling said someone else handles it better than me.
sibling-apology-missing,no apology after mistake|never apologized|didn't say sorry,hurt|sad|lonely|anxious,accountability|repair|respect|honesty,"After the mistake, there was no apology from sibling."
roommate-ignored-message,roommate ignored my message|roommate left me on read|roommate did not reply|seen .* no reply from roommate|I feel like roommate ignored me|ignored my message|left me on read|did not reply|I feel like ignored me,hurt|sad|lonely|anxious,to-be-seen|connection|belonging|consideration,I sent two messages to roommate and saw 'seen' with no reply for 48 hours.
roommate-changed-plan-without-asking,roommate changed the plan without asking|roommate decided for me|roommate made plans without me|roommate told me I had to|changed the plan without asking|decided for me|made plans without me|told me I had to,frustrated|pressured|tired|resentful,autonomy|choice|freedom|mutuality,roommate changed the plan and told me what I'd be doing without checking.
roommate-overcharged,charged .* extra at checkout|price higher than quoted by roommate|fee added after total|tip changed after payment,confused|uncertain|anxious|unsettled,clarity|fairness|trust|honesty,The final bill from roommate included a fee that wasn't in the quote.
roommate-lost-item,lost my .*|my .* was misplaced|roommate can't find my paperwork|roommate lost my paperwork|can't find my paperwork|lost my paperwork,frustrated|pressured|tired|resentful,care|clarity|acknowledgement|responsibility,roommate couldn't find the paperwork I handed them last week.
roommate-breach-privacy,roommate shared my info without consent|roommate forwarded my email|roommate posted my photo without asking|screenshot of our chat shared by roommate|shared my info without consent|forwarded my email|posted my photo without asking,confused|uncertain|anxious|unsettled,privacy|autonomy|respect|safety,roommate posted a screenshot of our chat in a group without asking.
roommate-public-criticism,roommate criticized me in public|roommate called me out in front of others|roommate pointed out my mistake loudly|criticized me in public|called me out in front of others|pointed out my mistake loudly,embarrassed|hurt|anxious|lonely,respect|to-be-heard|consideration|honor,roommate highlighted my mistake during the meeting while others watched.
roommate-credit-taken,roommate took credit for my work|roommate presented my work as theirs|roommate left my name off|took credit for my work|presented my work as theirs|left my name off,jealous|hurt|angry|anxious,acknowledgement|recognition|fairness|respect,My contribution was presented by roommate without my name mentioned.
roommate-deadline-moved-earlier,deadline moved up by roommate|due date pulled earlier by roommate|asked for delivery sooner than agreed by roommate,overwhelmed|pressured|tired|anxious,support|do-things-at-my-own-pace-and-in-my-own-way|consideration|rest,The due date was moved from Friday to Wednesday without checking my capacity.
roommate-muted-or-removed,roommate muted me|roommate removed me from the call|roommate kicked me from the channel|muted me|removed me from the call|kicked me from the channel,embarrassed|hurt|anxious|lonely,respect|autonomy|consideration|to-be-heard,roommate muted me while I was speaking.
roommate-meeting-started-without-me,meeting started early|decisions made before I joined|roommate began before scheduled time|began before scheduled time,confused|uncertain|anxious|unsettled,consideration|inclusion|predictability|respect,"When I joined at the scheduled time, they were already on agenda item two."
roommate-form-closed-early,form closed early|submission window ended early|link closed before deadline,confused|uncertain|anxious|unsettled,fairness|clarity|respect|predictability,The application portal closed hours before the stated deadline.
roommate-appointment-canceled-last-minute,appointment canceled last minute by roommate|canceled same day|backed out with short notice,hurt|sad|lonely|anxious,reliability|support|consideration|security,roommate canceled 30 minutes before the appointment.
roommate-name-misspelled-after-correction,kept misspelling my name|used the wrong name after I corrected it|name still wrong in records,hurt|sad|lonely|anxious,respect|honor|to-be-seen|belonging,"After I corrected them, roommate kept spelling my name wrong."
roommate-conditional-invite,invited only if .*|'you can come if' from roommate|included conditionally in plans,hurt|sad|lonely|anxious,belonging|inclusion|to-be-seen|respect,roommate said I could come only if I handled the driving.
roommate-backhanded-compliment,roommate gave a backhanded compliment|'for someone like you' comment from roommate|compliment with a dig|gave a backhanded compliment,embarrassed|hurt|anxious|lonely,respect|to-be-heard|consideration|honor,"roommate said, 'You're articulate for someone so young.'"
roommate-gaslight-phrases,roommate said 'that's not what happened' after I described it|roommate said I'm imagining things|'you're crazy' from roommate|said 'that's not what happened' after I described it|said I'm imagining things,confused|uncertain|anxious|unsettled,understanding|honesty|trust|respect,"After I described the email, roommate said it never happened."
roommate-omitted-context,roommate left out key info|roommate didn't share the requirement|roommate omitted the deadline|left out key info|didn't share the requirement|omitted the deadline,confused|uncertain|anxious|unsettled,clarity|honesty|support|fairness,I learned the requirement only after the submission closed.
roommate-policy-enforced-selectively,rule applied to me not others|selective enforcement by roommate|inconsistent policy enforcement,frustrated|pressured|tired|resentful,justice|fairness|respect|acknowledgement,Others got exceptions that I was denied.
roommate-moderation-removed-no-reason,roommate removed my post without reason|thread locked by roommate|comment deleted without explanation|removed my post without reason,silenced|frustrated|lonely|powerless,participation|to-be-heard|consideration|mutuality,A moderator removed my post without any reason.
roommate-algorithm-shadowban,my posts get no views|content hidden without notice|no one can see my posts,confused|uncertain|anxious|unsettled,clarity|predictability|justice|respect,My post views dropped to zero with no explanation.
roommate-accessibility-gap,no captions provided|slides not accessible|no ramp available at venue,excluded|anxious|discouraged|frustrated,access|inclusion|respect|support,The webinar had no captions despite prior requests.
roommate-parking-issue,parking spot taken despite permit|assigned spot occupied|blocked my car,frustrated|pressured|tired|resentful,fairness|clarity|respect|predictability,My assigned spot was taken and no alternative was offered.
roommate-noise-violation-night,loud noise during quiet hours|party past quiet hours|music kept me up,overwhelmed|pressured|tired|anxious,rest|consideration|peace|respect,Music played loudly past midnight through the shared wall.
roommate-thermostat-changed,thermostat changed without asking|temperature changed without checking|ac set very cold without asking,frustrated|pressured|tired|resentful,comfort|consideration|communication|respect,The thermostat was turned down while I was still working.
roommate-paperwork-lost-agency,agency lost my documents|office misplaced my file|documents missing after submission,frustrated|pressured|tired|resentful,clarity|responsibility|acknowledgement|support,The office couldn't find the forms I submitted last month.
roommate-immigration-appointment-changed,appointment rescheduled without notice|time changed after I confirmed|new date assigned without asking,anxious|tense|worried|uneasy,predictability|consideration|respect|clarity,The appointment was moved to a weekday morning without checking my availability.
roommate-bank-fee-added,unexpected bank fee|maintenance fee added|account charged without explanation,confused|uncertain|anxious|unsettled,clarity|fairness|trust|honesty,A fee appeared on my account with no explanation.
roommate-customer-service-loop,stuck in automated loop|can't reach a person|support bot replies only,frustrated|pressured|tired|resentful,support|access|clarity|consideration,The support line kept sending automated messages without connecting me to a person.
roommate-safety-ignored,ignored safety protocol|didn't wear required gear|skipped the safety step,alarmed|scared|tense|anxious,safety|predictability|trust|care,roommate began the procedure without wearing the required gloves.
roommate-appointment-overbooked,double-booked my slot|two appointments at same time|overbooked schedule,anxious|tense|worried|uneasy,order|predictability|consideration|respect,Two appointments were booked at the same time for me.
roommate-refused-accommodation,refused accommodation request|declined interpreter|didn't allow extra time,excluded|tense|anxious|frustrated,access|inclusion|respect|support,My request for captions was declined without alternatives.
roommate-returned-item-denied,return denied without reason|store refused my return|policy not posted but used,confused|uncertain|anxious|unsettled,fairness|clarity|respect|predictability,The return was denied and no policy was shown.
roommate-room-entered-without-consent,entered my room without knocking|opened my door without asking|came in unannounced,alarmed|scared|tense|anxious,space|privacy|safety|respect,roommate opened my door and stepped in without knocking.
roommate-belongings-moved,moved my things without asking|rearranged my desk|tidied my items without checking,frustrated|pressured|tired|resentful,autonomy|space|respect|consideration,My labeled folders were moved to a cabinet.
roommate-back-to-back-meetings,scheduled meetings back to back|no breaks between calls|stacked calendar without space,overwhelmed|pressured|tired|anxious,support|do-things-at-my-own-pace-and-in-my-own-way|consideration|rest,Three meetings were booked with no buffer in between.
roommate-i-feel-like-phrasing,I feel like they ignored me|I feel like no one cares|I feel like they did this on purpose,hurt|sad|lonely|anxious,to-be-heard|acknowledgement|understanding|connection,I feel like no one cared about my message today.
roommate-because-clause,they left because I spoke up|they changed plans because of me|they did it because I said no,hurt|sad|lonely|anxious,to-be-heard|respect|mutuality|understanding,"They left right after I spoke up, saying it was because I challenged the idea."
roommate-after-clause,"after I shared, no response|after I asked, they went silent|after I arrived, the plan changed",confused|uncertain|anxious|unsettled,clarity|respect|consideration|predictability,"After I asked a question, they went silent."
roommate-comparison-better-than,"compared me to someone else|'unlike X, you' from roommate|said others do it better",hurt|sad|lonely|anxious,to-be-seen|fairness|acknowledgement|respect,roommate said someone else handles it better than me.
roommate-apology-missing,no apology after mistake|never apologized|didn't say sorry,hurt|sad|lonely|anxious,accountability|repair|respect|honesty,"After the mistake, there was no apology from roommate."
neighbor-ignored-message,neighbor ignored my message|neighbor left me on read|neighbor did not reply|seen .* no reply from neighbor|I feel like neighbor ignored me|ignored my message|left me on read|did not reply|I feel like ignored me,hurt|sad|lonely|anxious,to-be-seen|connection|belonging|consideration,I sent two messages to neighbor and saw 'seen' with no reply for 48 hours.
neighbor-changed-plan-without-asking,neighbor changed the plan without asking|neighbor decided for me|neighbor made plans without me|neighbor told me I had to|changed the plan without asking|decided for me|made plans without me|told me I had to,frustrated|pressured|tired|resentful,autonomy|choice|freedom|mutuality,neighbor changed the plan and told me what I'd be doing without checking.
neighbor-overcharged,charged .* extra at checkout|price higher than quoted by neighbor|fee added after total|tip changed after payment,confused|uncertain|anxious|unsettled,clarity|fairness|trust|honesty,The final bill from neighbor included a fee that wasn't in the quote.
neighbor-lost-item,lost my .*|my .* was misplaced|neighbor can't find my paperwork|neighbor lost my paperwork|can't find my paperwork|lost my paperwork,frustrated|pressured|tired|resentful,care|clarity|acknowledgement|responsibility,neighbor couldn't find the paperwork I handed them last week.
neighbor-breach-privacy,neighbor shared my info without consent|neighbor forwarded my email|neighbor posted my photo without asking|screenshot of our chat shared by neighbor|shared my info without consent|forwarded my email|posted my photo without asking,confused|uncertain|anxious|unsettled,privacy|autonomy|respect|safety,neighbor posted a screenshot of our chat in a group without asking.
neighbor-public-criticism,neighbor criticized me in public|neighbor called me out in front of others|neighbor pointed out my mistake loudly|criticized me in public|called me out in front of others|pointed out my mistake loudly,embarrassed|hurt|anxious|lonely,respect|to-be-heard|consideration|honor,neighbor highlighted my mistake during the meeting while others watched.
neighbor-credit-taken,neighbor took credit for my work|neighbor presented my work as theirs|neighbor left my name off|took credit for my work|presented my work as theirs|left my name off,jealous|hurt|angry|anxious,acknowledgement|recognition|fairness|respect,My contribution was presented by neighbor without my name mentioned.
neighbor-deadline-moved-earlier,deadline moved up by neighbor|due date pulled earlier by neighbor|asked for delivery sooner than agreed by neighbor,overwhelmed|pressured|tired|anxious,support|do-things-at-my-own-pace-and-in-my-own-way|consideration|rest,The due date was moved from Friday to Wednesday without checking my capacity.
neighbor-muted-or-removed,neighbor muted me|neighbor removed me from the call|neighbor kicked me from the channel|muted me|removed me from the call|kicked me from the channel,embarrassed|hurt|anxious|lonely,respect|autonomy|consideration|to-be-heard,neighbor muted me while I was speaking.
neighbor-meeting-started-without-me,meeting started early|decisions made before I joined|neighbor began before scheduled time|began before scheduled time,confused|uncertain|anxious|unsettled,consideration|inclusion|predictability|respect,"When I joined at the scheduled time, they were already on agenda item two."
neighbor-form-closed-early,form closed early|submission window ended early|link closed before deadline,confused|uncertain|anxious|unsettled,fairness|clarity|respect|predictability,The application portal closed hours before the stated deadline.
neighbor-appointment-canceled-last-minute,appointment canceled last minute by neighbor|canceled same day|backed out with short notice,hurt|sad|lonely|anxious,reliability|support|consideration|security,neighbor canceled 30 minutes before the appointment.
neighbor-name-misspelled-after-correction,kept misspelling my name|used the wrong name after I corrected it|name still wrong in records,hurt|sad|lonely|anxious,respect|honor|to-be-seen|belonging,"After I corrected them, neighbor kept spelling my name wrong."
neighbor-conditional-invite,invited only if .*|'you can come if' from neighbor|included conditionally in plans,hurt|sad|lonely|anxious,belonging|inclusion|to-be-seen|respect,neighbor said I could come only if I handled the driving.
neighbor-backhanded-compliment,neighbor gave a backhanded compliment|'for someone like you' comment from neighbor|compliment with a dig|gave a backhanded compliment,embarrassed|hurt|anxious|lonely,respect|to-be-heard|consideration|honor,"neighbor said, 'You're articulate for someone so young.'"
neighbor-gaslight-phrases,neighbor said 'that's not what happened' after I described it|neighbor said I'm imagining things|'you're crazy' from neighbor|said 'that's not what happened' after I described it|said I'm imagining things,confused|uncertain|anxious|unsettled,understanding|honesty|trust|respect,"After I described the email, neighbor said it never happened."
neighbor-omitted-context,neighbor left out key info|neighbor didn't share the requirement|neighbor omitted the deadline|left out key info|didn't share the requirement|omitted the deadline,confused|uncertain|anxious|unsettled,clarity|honesty|support|fairness,I learned the requirement only after the submission closed.
neighbor-policy-enforced-selectively,rule applied to me not others|selective enforcement by neighbor|inconsistent policy enforcement,frustrated|pressured|tired|resentful,justice|fairness|respect|acknowledgement,Others got exceptions that I was denied.
neighbor-moderation-removed-no-reason,neighbor removed my post without reason|thread locked by neighbor|comment deleted without explanation|removed my post without reason,silenced|frustrated|lonely|powerless,participation|to-be-heard|consideration|mutuality,A moderator removed my post without any reason.
neighbor-algorithm-shadowban,my posts get no views|content hidden without notice|no one can see my posts,confused|uncertain|anxious|unsettled,clarity|predictability|justice|respect,My post views dropped to zero with no explanation.
neighbor-accessibility-gap,no captions provided|slides not accessible|no ramp available at venue,excluded|anxious|discouraged|frustrated,access|inclusion|respect|support,The webinar had no captions despite prior requests.
neighbor-parking-issue,parking spot taken despite permit|assigned spot occupied|blocked my car,frustrated|pressured|tired|resentful,fairness|clarity|respect|predictability,My assigned spot was taken and no alternative was offered.
neighbor-noise-violation-night,loud noise during quiet hours|party past quiet hours|music kept me up,overwhelmed|pressured|tired|anxious,rest|consideration|peace|respect,Music played loudly past midnight through the shared wall.
neighbor-thermostat-changed,thermostat changed without asking|temperature changed without checking|ac set very cold without asking,frustrated|pressured|tired|resentful,comfort|consideration|communication|respect,The thermostat was turned down while I was still working.
neighbor-paperwork-lost-agency,agency lost my documents|office misplaced my file|documents missing after submission,frustrated|pressured|tired|resentful,clarity|responsibility|acknowledgement|support,The office couldn't find the forms I submitted last month.
neighbor-immigration-appointment-changed,appointment rescheduled without notice|time changed after I confirmed|new date assigned without asking,anxious|tense|worried|uneasy,predictability|consideration|respect|clarity,The appointment was moved to a weekday morning without checking my availability.
neighbor-bank-fee-added,unexpected bank fee|maintenance fee added|account charged without explanation,confused|uncertain|anxious|unsettled,clarity|fairness|trust|honesty,A fee appeared on my account with no explanation.
neighbor-customer-service-loop,stuck in automated loop|can't reach a person|support bot replies only,frustrated|pressured|tired|resentful,support|access|clarity|consideration,The support line kept sending automated messages without connecting me to a person.
neighbor-safety-ignored,ignored safety protocol|didn't wear required gear|skipped the safety step,alarmed|scared|tense|anxious,safety|predictability|trust|care,neighbor began the procedure without wearing the required gloves.
neighbor-appointment-overbooked,double-booked my slot|two appointments at same time|overbooked schedule,anxious|tense|worried|uneasy,order|predictability|consideration|respect,Two appointments were booked at the same time for me.
neighbor-refused-accommodation,refused accommodation request|declined interpreter|didn't allow extra time,excluded|tense|anxious|frustrated,access|inclusion|respect|support,My request for captions was declined without alternatives.
neighbor-returned-item-denied,return denied without reason|store refused my return|policy not posted but used,confused|uncertain|anxious|unsettled,fairness|clarity|respect|predictability,The return was denied and no policy was shown.
neighbor-room-entered-without-consent,entered my room without knocking|opened my door without asking|came in unannounced,alarmed|scared|tense|anxious,space|privacy|safety|respect,neighbor opened my door and stepped in without knocking.
neighbor-belongings-moved,moved my things without asking|rearranged my desk|tidied my items without checking,frustrated|pressured|tired|resentful,autonomy|space|respect|consideration,My labeled folders were moved to a cabinet.
neighbor-back-to-back-meetings,scheduled meetings back to back|no breaks between calls|stacked calendar without space,overwhelmed|pressured|tired|anxious,support|do-things-at-my-own-pace-and-in-my-own-way|consideration|rest,Three meetings were booked with no buffer in between.
neighbor-i-feel-like-phrasing,I feel like they ignored me|I feel like no one cares|I feel like they did this on purpose,hurt|sad|lonely|anxious,to-be-heard|acknowledgement|understanding|connection,I feel like no one cared about my message today.
neighbor-because-clause,they left because I spoke up|they changed plans because of me|they did it because I said no,hurt|sad|lonely|anxious,to-be-heard|respect|mutuality|understanding,"They left right after I spoke up, saying it was because I challenged the idea."
neighbor-after-clause,"after I shared, no response|after I asked, they went silent|after I arrived, the plan changed",confused|uncertain|anxious|unsettled,clarity|respect|consideration|predictability,"After I asked a question, they went silent."
neighbor-comparison-better-than,"compared me to someone else|'unlike X, you' from neighbor|said others do it better",hurt|sad|lonely|anxious,to-be-seen|fairness|acknowledgement|respect,neighbor said someone else handles it better than me.
neighbor-apology-missing,no apology after mistake|never apologized|didn't say sorry,hurt|sad|lonely|anxious,accountability|repair|respect|honesty,"After the mistake, there was no apology from neighbor."
landlord-ignored-message,landlord ignored my message|landlord left me on read|landlord did not reply|seen .* no reply from landlord|I feel like landlord ignored me|ignored my message|left me on read|did not reply|I feel like ignored me,hurt|sad|lonely|anxious,to-be-seen|connection|belonging|consideration,I sent two messages to landlord and saw 'seen' with no reply for 48 hours.
landlord-changed-plan-without-asking,landlord changed the plan without asking|landlord decided for me|landlord made plans without me|landlord told me I had to|changed the plan without asking|decided for me|made plans without me|told me I had to,frustrated|pressured|tired|resentful,autonomy|choice|freedom|mutuality,landlord changed the plan and told me what I'd be doing without checking.
landlord-overcharged,charged .* extra at checkout|price higher than quoted by landlord|fee added after total|tip changed after payment,confused|uncertain|anxious|unsettled,clarity|fairness|trust|honesty,The final bill from landlord included a fee that wasn't in the quote.
landlord-lost-item,lost my .*|my .* was misplaced|landlord can't find my paperwork|landlord lost my paperwork|can't find my paperwork|lost my paperwork,frustrated|pressured|tired|resentful,care|clarity|acknowledgement|responsibility,landlord couldn't find the paperwork I handed them last week.
landlord-breach-privacy,landlord shared my info without consent|landlord forwarded my email|landlord posted my photo without asking|screenshot of our chat shared by landlord|shared my info without consent|forwarded my email|posted my photo without asking,confused|uncertain|anxious|unsettled,privacy|autonomy|respect|safety,landlord posted a screenshot of our chat in a group without asking.
landlord-public-criticism,landlord criticized me in public|landlord called me out in front of others|landlord pointed out my mistake loudly|criticized me in public|called me out in front of others|pointed out my mistake loudly,embarrassed|hurt|anxious|lonely,respect|to-be-heard|consideration|honor,landlord highlighted my mistake during the meeting while others watched.
landlord-credit-taken,landlord took credit for my work|landlord presented my work as theirs|landlord left my name off|took credit for my work|presented my work as theirs|left my name off,jealous|hurt|angry|anxious,acknowledgement|recognition|fairness|respect,My contribution was presented by landlord without my name mentioned.
landlord-deadline-moved-earlier,deadline moved up by landlord|due date pulled earlier by landlord|asked for delivery sooner than agreed by landlord,overwhelmed|pressured|tired|anxious,support|do-things-at-my-own-pace-and-in-my-own-way|consideration|rest,The due date was moved from Friday to Wednesday without checking my capacity.
landlord-muted-or-removed,landlord muted me|landlord removed me from the call|landlord kicked me from the channel|muted me|removed me from the call|kicked me from the channel,embarrassed|hurt|anxious|lonely,respect|autonomy|consideration|to-be-heard,landlord muted me while I was speaking.
landlord-meeting-started-without-me,meeting started early|decisions made before I joined|landlord began before scheduled time|began before scheduled time,confused|uncertain|anxious|unsettled,consideration|inclusion|predictability|respect,"When I joined at the scheduled time, they were already on agenda item two."
landlord-form-closed-early,form closed early|submission window ended early|link closed before deadline,confused|uncertain|anxious|unsettled,fairness|clarity|respect|predictability,The application portal closed hours before the stated deadline.
landlord-appointment-canceled-last-minute,appointment canceled last minute by landlord|canceled same day|backed out with short notice,hurt|sad|lonely|anxious,reliability|support|consideration|security,landlord canceled 30 minutes before the appointment.
landlord-name-misspelled-after-correction,kept misspelling my name|used the wrong name after I corrected it|name still wrong in records,hurt|sad|lonely|anxious,respect|honor|to-be-seen|belonging,"After I corrected them, landlord kept spelling my name wrong."
landlord-conditional-invite,invited only if .*|'you can come if' from landlord|included conditionally in plans,hurt|sad|lonely|anxious,belonging|inclusion|to-be-seen|respect,landlord said I could come only if I handled the driving.
landlord-backhanded-compliment,landlord gave a backhanded compliment|'for someone like you' comment from landlord|compliment with a dig|gave a backhanded compliment,embarrassed|hurt|anxious|lonely,respect|to-be-heard|consideration|honor,"landlord said, 'You're articulate for someone so young.'"
landlord-gaslight-phrases,landlord said 'that's not what happened' after I described it|landlord said I'm imagining things|'you're crazy' from landlord|said 'that's not what happened' after I described it|said I'm imagining things,confused|uncertain|anxious|unsettled,understanding|honesty|trust|respect,"After I described the email, landlord said it never happened."
landlord-omitted-context,landlord left out key info|landlord didn't share the requirement|landlord omitted the deadline|left out key info|didn't share the requirement|omitted the deadline,confused|uncertain|anxious|unsettled,clarity|honesty|support|fairness,I learned the requirement only after the submission closed.
landlord-policy-enforced-selectively,rule applied to me not others|selective enforcement by landlord|inconsistent policy enforcement,frustrated|pressured|tired|resentful,justice|fairness|respect|acknowledgement,Others got exceptions that I was denied.
landlord-moderation-removed-no-reason,landlord removed my post without reason|thread locked by landlord|comment deleted without explanation|removed my post without reason,silenced|frustrated|lonely|powerless,participation|to-be-heard|consideration|mutuality,A moderator removed my post without any reason.
landlord-algorithm-shadowban,my posts get no views|content hidden without notice|no one can see my posts,confused|uncertain|anxious|unsettled,clarity|predictability|justice|respect,My post views dropped to zero with no explanation.
landlord-accessibility-gap,no captions provided|slides not accessible|no ramp available at venue,excluded|anxious|discouraged|frustrated,access|inclusion|respect|support,The webinar had no captions despite prior requests.
landlord-parking-issue,parking spot taken despite permit|assigned spot occupied|blocked my car,frustrated|pressured|tired|resentful,fairness|clarity|respect|predictability,My assigned spot was taken and no alternative was offered.
landlord-noise-violation-night,loud noise during quiet hours|party past quiet hours|music kept me up,overwhelmed|pressured|tired|anxious,rest|consideration|peace|respect,Music played loudly past midnight through the shared wall.
landlord-thermostat-changed,thermostat changed without asking|temperature changed without checking|ac set very cold without asking,frustrated|pressured|tired|resentful,comfort|consideration|communication|respect,The thermostat was turned down while I was still working.
landlord-paperwork-lost-agency,agency lost my documents|office misplaced my file|documents missing after submission,frustrated|pressured|tired|resentful,clarity|responsibility|acknowledgement|support,The office couldn't find the forms I submitted last month.
landlord-immigration-appointment-changed,appointment rescheduled without notice|time changed after I confirmed|new date assigned without asking,anxious|tense|worried|uneasy,predictability|consideration|respect|clarity,The appointment was moved to a weekday morning without checking my availability.
landlord-bank-fee-added,unexpected bank fee|maintenance fee added|account charged without explanation,confused|uncertain|anxious|unsettled,clarity|fairness|trust|honesty,A fee appeared on my account with no explanation.
landlord-customer-service-loop,stuck in automated loop|can't reach a person|support bot replies only,frustrated|pressured|tired|resentful,support|access|clarity|consideration,The support line kept sending automated messages without connecting me to a person.
landlord-safety-ignored,ignored safety protocol|didn't wear required gear|skipped the safety step,alarmed|scared|tense|anxious,safety|predictability|trust|care,landlord began the procedure without wearing the required gloves.
landlord-appointment-overbooked,double-booked my slot|two appointments at same time|overbooked schedule,anxious|tense|worried|uneasy,order|predictability|consideration|respect,Two appointments were booked at the same time for me.
landlord-refused-accommodation,refused accommodation request|declined interpreter|didn't allow extra time,excluded|tense|anxious|frustrated,access|inclusion|respect|support,My request for captions was declined without alternatives.
landlord-returned-item-denied,return denied without reason|store refused my return|policy not posted but used,confused|uncertain|anxious|unsettled,fairness|clarity|respect|predictability,The return was denied and no policy was shown.
landlord-room-entered-without-consent,entered my room without knocking|opened my door without asking|came in unannounced,alarmed|scared|tense|anxious,space|privacy|safety|respect,landlord opened my door and stepped in without knocking.
landlord-belongings-moved,moved my things without asking|rearranged my desk|tidied my items without checking,frustrated|pressured|tired|resentful,autonomy|space|respect|consideration,My labeled folders were moved to a cabinet.
landlord-back-to-back-meetings,scheduled meetings back to back|no breaks between calls|stacked calendar without space,overwhelmed|pressured|tired|anxious,support|do-things-at-my-own-pace-and-in-my-own-way|consideration|rest,Three meetings were booked with no buffer in between.
landlord-i-feel-like-phrasing,I feel like they ignored me|I feel like no one cares|I feel like they did this on purpose,hurt|sad|lonely|anxious,to-be-heard|acknowledgement|understanding|connection,I feel like no one cared about my message today.
landlord-because-clause,they left because I spoke up|they changed plans because of me|they did it because I said no,hurt|sad|lonely|anxious,to-be-heard|respect|mutuality|understanding,"They left right after I spoke up, saying it was because I challenged the idea."
landlord-after-clause,"after I shared, no response|after I asked, they went silent|after I arrived, the plan changed",confused|uncertain|anxious|unsettled,clarity|respect|consideration|predictability,"After I asked a question, they went silent."
landlord-comparison-better-than,"compared me to someone else|'unlike X, you' from landlord|said others do it better",hurt|sad|lonely|anxious,to-be-seen|fairness|acknowledgement|respect,landlord said someone else handles it better than me.
landlord-apology-missing,no apology after mistake|never apologized|didn't say sorry,hurt|sad|lonely|anxious,accountability|repair|respect|honesty,"After the mistake, there was no apology from landlord."
teacher-ignored-message,teacher ignored my message|teacher left me on read|teacher did not reply|seen .* no reply from teacher|I feel like teacher ignored me|ignored my message|left me on read|did not reply|I feel like ignored me,hurt|sad|lonely|anxious,to-be-seen|connection|belonging|consideration,I sent two messages to teacher and saw 'seen' with no reply for 48 hours.
teacher-changed-plan-without-asking,teacher changed the plan without asking|teacher decided for me|teacher made plans without me|teacher told me I had to|changed the plan without asking|decided for me|made plans without me|told me I had to,frustrated|pressured|tired|resentful,autonomy|choice|freedom|mutuality,teacher changed the plan and told me what I'd be doing without checking.
teacher-overcharged,charged .* extra at checkout|price higher than quoted by teacher|fee added after total|tip changed after payment,confused|uncertain|anxious|unsettled,clarity|fairness|trust|honesty,The final bill from teacher included a fee that wasn't in the quote.
teacher-lost-item,lost my .*|my .* was misplaced|teacher can't find my paperwork|teacher lost my paperwork|can't find my paperwork|lost my paperwork,frustrated|pressured|tired|resentful,care|clarity|acknowledgement|responsibility,teacher couldn't find the paperwork I handed them last week.
teacher-breach-privacy,teacher shared my info without consent|teacher forwarded my email|teacher posted my photo without asking|screenshot of our chat shared by teacher|shared my info without consent|forwarded my email|posted my photo without asking,confused|uncertain|anxious|unsettled,privacy|autonomy|respect|safety,teacher posted a screenshot of our chat in a group without asking.
teacher-public-criticism,teacher criticized me in public|teacher called me out in front of others|teacher pointed out my mistake loudly|criticized me in public|called me out in front of others|pointed out my mistake loudly,embarrassed|hurt|anxious|lonely,respect|to-be-heard|consideration|honor,teacher highlighted my mistake during the meeting while others watched.
teacher-credit-taken,teacher took credit for my work|teacher presented my work as theirs|teacher left my name off|took credit for my work|presented my work as theirs|left my name off,jealous|hurt|angry|anxious,acknowledgement|recognition|fairness|respect,My contribution was presented by teacher without my name mentioned.
teacher-deadline-moved-earlier,deadline moved up by teacher|due date pulled earlier by teacher|asked for delivery sooner than agreed by teacher,overwhelmed|pressured|tired|anxious,support|do-things-at-my-own-pace-and-in-my-own-way|consideration|rest,The due date was moved from Friday to Wednesday without checking my capacity.
teacher-muted-or-removed,teacher muted me|teacher removed me from the call|teacher kicked me from the channel|muted me|removed me from the call|kicked me from the channel,embarrassed|hurt|anxious|lonely,respect|autonomy|consideration|to-be-heard,teacher muted me while I was speaking.
teacher-meeting-started-without-me,meeting started early|decisions made before I joined|teacher began before scheduled time|began before scheduled time,confused|uncertain|anxious|unsettled,consideration|inclusion|predictability|respect,"When I joined at the scheduled time, they were already on agenda item two."
teacher-form-closed-early,form closed early|submission window ended early|link closed before deadline,confused|uncertain|anxious|unsettled,fairness|clarity|respect|predictability,The application portal closed hours before the stated deadline.
teacher-appointment-canceled-last-minute,appointment canceled last minute by teacher|canceled same day|backed out with short notice,hurt|sad|lonely|anxious,reliability|support|consideration|security,teacher canceled 30 minutes before the appointment.
teacher-name-misspelled-after-correction,kept misspelling my name|used the wrong name after I corrected it|name still wrong in records,hurt|sad|lonely|anxious,respect|honor|to-be-seen|belonging,"After I corrected them, teacher kept spelling my name wrong."
teacher-conditional-invite,invited only if .*|'you can come if' from teacher|included conditionally in plans,hurt|sad|lonely|anxious,belonging|inclusion|to-be-seen|respect,teacher said I could come only if I handled the driving.
teacher-backhanded-compliment,teacher gave a backhanded compliment|'for someone like you' comment from teacher|compliment with a dig|gave a backhanded compliment,embarrassed|hurt|anxious|lonely,respect|to-be-heard|consideration|honor,"teacher said, 'You're articulate for someone so young.'"
teacher-gaslight-phrases,teacher said 'that's not what happened' after I described it|teacher said I'm imagining things|'you're crazy' from teacher|said 'that's not what happened' after I described it|said I'm imagining things,confused|uncertain|anxious|unsettled,understanding|honesty|trust|respect,"After I described the email, teacher said it never happened."
teacher-omitted-context,teacher left out key info|teacher didn't share the requirement|teacher omitted the deadline|left out key info|didn't share the requirement|omitted the deadline,confused|uncertain|anxious|unsettled,clarity|honesty|support|fairness,I learned the requirement only after the submission closed.
teacher-policy-enforced-selectively,rule applied to me not others|selective enforcement by teacher|inconsistent policy enforcement,frustrated|pressured|tired|resentful,justice|fairness|respect|acknowledgement,Others got exceptions that I was denied.
teacher-moderation-removed-no-reason,teacher removed my post without reason|thread locked by teacher|comment deleted without explanation|removed my post without reason,silenced|frustrated|lonely|powerless,participation|to-be-heard|consideration|mutuality,A moderator removed my post without any reason.
teacher-algorithm-shadowban,my posts get no views|content hidden without notice|no one can see my posts,confused|uncertain|anxious|unsettled,clarity|predictability|justice|respect,My post views dropped to zero with no explanation.
teacher-accessibility-gap,no captions provided|slides not accessible|no ramp available at venue,excluded|anxious|discouraged|frustrated,access|inclusion|respect|support,The webinar had no captions despite prior requests.
teacher-parking-issue,parking spot taken despite permit|assigned spot occupied|blocked my car,frustrated|pressured|tired|resentful,fairness|clarity|respect|predictability,My assigned spot was taken and no alternative was offered.
teacher-noise-violation-night,loud noise during quiet hours|party past quiet hours|music kept me up,overwhelmed|pressured|tired|anxious,rest|consideration|peace|respect,Music played loudly past midnight through the shared wall.
teacher-thermostat-changed,thermostat changed without asking|temperature changed without checking|ac set very cold without asking,frustrated|pressured|tired|resentful,comfort|consideration|communication|respect,The thermostat was turned down while I was still working.
teacher-paperwork-lost-agency,agency lost my documents|office misplaced my file|documents missing after submission,frustrated|pressured|tired|resentful,clarity|responsibility|acknowledgement|support,The office couldn't find the forms I submitted last month.
teacher-immigration-appointment-changed,appointment rescheduled without notice|time changed after I confirmed|new date assigned without asking,anxious|tense|worried|uneasy,predictability|consideration|respect|clarity,The appointment was moved to a weekday morning without checking my availability.
teacher-bank-fee-added,unexpected bank fee|maintenance fee added|account charged without explanation,confused|uncertain|anxious|unsettled,clarity|fairness|trust|honesty,A fee appeared on my account with no explanation.
teacher-customer-service-loop,stuck in automated loop|can't reach a person|support bot replies only,frustrated|pressured|tired|resentful,support|access|clarity|consideration,The support line kept sending automated messages without connecting me to a person.
teacher-safety-ignored,ignored safety protocol|didn't wear required gear|skipped the safety step,alarmed|scared|tense|anxious,safety|predictability|trust|care,teacher began the procedure without wearing the required gloves.
teacher-appointment-overbooked,double-booked my slot|two appointments at same time|overbooked schedule,anxious|tense|worried|uneasy,order|predictability|consideration|respect,Two appointments were booked at the same time for me.
teacher-refused-accommodation,refused accommodation request|declined interpreter|didn't allow extra time,excluded|tense|anxious|frustrated,access|inclusion|respect|support,My request for captions was declined without alternatives.
teacher-returned-item-denied,return denied without reason|store refused my return|policy not posted but used,confused|uncertain|anxious|unsettled,fairness|clarity|respect|predictability,The return was denied and no policy was shown.
teacher-room-entered-without-consent,entered my room without knocking|opened my door without asking|came in unannounced,alarmed|scared|tense|anxious,space|privacy|safety|respect,teacher opened my door and stepped in without knocking.
teacher-belongings-moved,moved my things without asking|rearranged my desk|tidied my items without checking,frustrated|pressured|tired|resentful,autonomy|space|respect|consideration,My labeled folders were moved to a cabinet.
teacher-back-to-back-meetings,scheduled meetings back to back|no breaks between calls|stacked calendar without space,overwhelmed|pressured|tired|anxious,support|do-things-at-my-own-pace-and-in-my-own-way|consideration|rest,Three meetings were booked with no buffer in between.
teacher-i-feel-like-phrasing,I feel like they ignored me|I feel like no one cares|I feel like they did this on purpose,hurt|sad|lonely|anxious,to-be-heard|acknowledgement|understanding|connection,I feel like no one cared about my message today.
teacher-because-clause,they left because I spoke up|they changed plans because of me|they did it because I said no,hurt|sad|lonely|anxious,to-be-heard|respect|mutuality|understanding,"They left right after I spoke up, saying it was because I challenged the idea."
teacher-after-clause,"after I shared, no response|after I asked, they went silent|after I arrived, the plan changed",confused|uncertain|anxious|unsettled,clarity|respect|consideration|predictability,"After I asked a question, they went silent."
teacher-comparison-better-than,"compared me to someone else|'unlike X, you' from teacher|said others do it better",hurt|sad|lonely|anxious,to-be-seen|fairness|acknowledgement|respect,teacher said someone else handles it better than me.
teacher-apology-missing,no apology after mistake|never apologized|didn't say sorry,hurt|sad|lonely|anxious,accountability|repair|respect|honesty,"After the mistake, there was no apology from teacher."
professor-ignored-message,professor ignored my message|professor left me on read|professor did not reply|seen .* no reply from professor|I feel like professor ignored me|ignored my message|left me on read|did not reply|I feel like ignored me,hurt|sad|lonely|anxious,to-be-seen|connection|belonging|consideration,I sent two messages to professor and saw 'seen' with no reply for 48 hours.
professor-changed-plan-without-asking,professor changed the plan without asking|professor decided for me|professor made plans without me|professor told me I had to|changed the plan without asking|decided for me|made plans without me|told me I had to,frustrated|pressured|tired|resentful,autonomy|choice|freedom|mutuality,professor changed the plan and told me what I'd be doing without checking.
professor-overcharged,charged .* extra at checkout|price higher than quoted by professor|fee added after total|tip changed after payment,confused|uncertain|anxious|unsettled,clarity|fairness|trust|honesty,The final bill from professor included a fee that wasn't in the quote.
professor-lost-item,lost my .*|my .* was misplaced|professor can't find my paperwork|professor lost my paperwork|can't find my paperwork|lost my paperwork,frustrated|pressured|tired|resentful,care|clarity|acknowledgement|responsibility,professor couldn't find the paperwork I handed them last week.
professor-breach-privacy,professor shared my info without consent|professor forwarded my email|professor posted my photo without asking|screenshot of our chat shared by professor|shared my info without consent|forwarded my email|posted my photo without asking,confused|uncertain|anxious|unsettled,privacy|autonomy|respect|safety,professor posted a screenshot of our chat in a group without asking.
professor-public-criticism,professor criticized me in public|professor called me out in front of others|professor pointed out my mistake loudly|criticized me in public|called me out in front of others|pointed out my mistake loudly,embarrassed|hurt|anxious|lonely,respect|to-be-heard|consideration|honor,professor highlighted my mistake during the meeting while others watched.
professor-credit-taken,professor took credit for my work|professor presented my work as theirs|professor left my name off|took credit for my work|presented my work as theirs|left my name off,jealous|hurt|angry|anxious,acknowledgement|recognition|fairness|respect,My contribution was presented by professor without my name mentioned.
professor-deadline-moved-earlier,deadline moved up by professor|due date pulled earlier by professor|asked for delivery sooner than agreed by professor,overwhelmed|pressured|tired|anxious,support|do-things-at-my-own-pace-and-in-my-own-way|consideration|rest,The due date was moved from Friday to Wednesday without checking my capacity.
professor-muted-or-removed,professor muted me|professor removed me from the call|professor kicked me from the channel|muted me|removed me from the call|kicked me from the channel,embarrassed|hurt|anxious|lonely,respect|autonomy|consideration|to-be-heard,professor muted me while I was speaking.
professor-meeting-started-without-me,meeting started early|decisions made before I joined|professor began before scheduled time|began before scheduled time,confused|uncertain|anxious|unsettled,consideration|inclusion|predictability|respect,"When I joined at the scheduled time, they were already on agenda item two."
professor-form-closed-early,form closed early|submission window ended early|link closed before deadline,confused|uncertain|anxious|unsettled,fairness|clarity|respect|predictability,The application portal closed hours before the stated deadline.
professor-appointment-canceled-last-minute,appointment canceled last minute by professor|canceled same day|backed out with short notice,hurt|sad|lonely|anxious,reliability|support|consideration|security,professor canceled 30 minutes before the appointment.
professor-name-misspelled-after-correction,kept misspelling my name|used the wrong name after I corrected it|name still wrong in records,hurt|sad|lonely|anxious,respect|honor|to-be-seen|belonging,"After I corrected them, professor kept spelling my name wrong."
professor-conditional-invite,invited only if .*|'you can come if' from professor|included conditionally in plans,hurt|sad|lonely|anxious,belonging|inclusion|to-be-seen|respect,professor said I could come only if I handled the driving.
professor-backhanded-compliment,professor gave a backhanded compliment|'for someone like you' comment from professor|compliment with a dig|gave a backhanded compliment,embarrassed|hurt|anxious|lonely,respect|to-be-heard|consideration|honor,"professor said, 'You're articulate for someone so young.'"
professor-gaslight-phrases,professor said 'that's not what happened' after I described it|professor said I'm imagining things|'you're crazy' from professor|said 'that's not what happened' after I described it|said I'm imagining things,confused|uncertain|anxious|unsettled,understanding|honesty|trust|respect,"After I described the email, professor said it never happened."
professor-omitted-context,professor left out key info|professor didn't share the requirement|professor omitted the deadline|left out key info|didn't share the requirement|omitted the deadline,confused|uncertain|anxious|unsettled,clarity|honesty|support|fairness,I learned the requirement only after the submission closed.
professor-policy-enforced-selectively,rule applied to me not others|selective enforcement by professor|inconsistent policy enforcement,frustrated|pressured|tired|resentful,justice|fairness|respect|acknowledgement,Others got exceptions that I was denied.
professor-moderation-removed-no-reason,professor removed my post without reason|thread locked by professor|comment deleted without explanation|removed my post without reason,silenced|frustrated|lonely|powerless,participation|to-be-heard|consideration|mutuality,A moderator removed my post without any reason.
professor-algorithm-shadowban,my posts get no views|content hidden without notice|no one can see my posts,confused|uncertain|anxious|unsettled,clarity|predictability|justice|respect,My post views dropped to zero with no explanation.
professor-accessibility-gap,no captions provided|slides not accessible|no ramp available at venue,excluded|anxious|discouraged|frustrated,access|inclusion|respect|support,The webinar had no captions despite prior requests.
professor-parking-issue,parking spot taken despite permit|assigned spot occupied|blocked my car,frustrated|pressured|tired|resentful,fairness|clarity|respect|predictability,My assigned spot was taken and no alternative was offered.
professor-noise-violation-night,loud noise during quiet hours|party past quiet hours|music kept me up,overwhelmed|pressured|tired|anxious,rest|consideration|peace|respect,Music played loudly past midnight through the shared wall.
professor-thermostat-changed,thermostat changed without asking|temperature changed without checking|ac set very cold without asking,frustrated|pressured|tired|resentful,comfort|consideration|communication|respect,The thermostat was turned down while I was still working.
professor-paperwork-lost-agency,agency lost my documents|office misplaced my file|documents missing after submission,frustrated|pressured|tired|resentful,clarity|responsibility|acknowledgement|support,The office couldn't find the forms I submitted last month.
professor-immigration-appointment-changed,appointment rescheduled without notice|time changed after I confirmed|new date assigned without asking,anxious|tense|worried|uneasy,predictability|consideration|respect|clarity,The appointment was moved to a weekday morning without checking my availability.
professor-bank-fee-added,unexpected bank fee|maintenance fee added|account charged without explanation,confused|uncertain|anxious|unsettled,clarity|fairness|trust|honesty,A fee appeared on my account with no explanation.
professor-customer-service-loop,stuck in automated loop|can't reach a person|support bot replies only,frustrated|pressured|tired|resentful,support|access|clarity|consideration,The support line kept sending automated messages without connecting me to a person.
professor-safety-ignored,ignored safety protocol|didn't wear required gear|skipped the safety step,alarmed|scared|tense|anxious,safety|predictability|trust|care,professor began the procedure without wearing the required gloves.
professor-appointment-overbooked,double-booked my slot|two appointments at same time|overbooked schedule,anxious|tense|worried|uneasy,order|predictability|consideration|respect,Two appointments were booked at the same time for me.
professor-refused-accommodation,refused accommodation request|declined interpreter|didn't allow extra time,excluded|tense|anxious|frustrated,access|inclusion|respect|support,My request for captions was declined without alternatives.
professor-returned-item-denied,return denied without reason|store refused my return|policy not posted but used,confused|uncertain|anxious|unsettled,fairness|clarity|respect|predictability,The return was denied and no policy was shown.
professor-room-entered-without-consent,entered my room without knocking|opened my door without asking|came in unannounced,alarmed|scared|tense|anxious,space|privacy|safety|respect,professor opened my door and stepped in without knocking.
professor-belongings-moved,moved my things without asking|rearranged my desk|tidied my items without checking,frustrated|pressured|tired|resentful,autonomy|space|respect|consideration,My labeled folders were moved to a cabinet.
professor-back-to-back-meetings,scheduled meetings back to back|no breaks between calls|stacked calendar without space,overwhelmed|pressured|tired|anxious,support|do-things-at-my-own-pace-and-in-my-own-way|consideration|rest,Three meetings were booked with no buffer in between.
professor-i-feel-like-phrasing,I feel like they ignored me|I feel like no one cares|I feel like they did this on purpose,hurt|sad|lonely|anxious,to-be-heard|acknowledgement|understanding|connection,I feel like no one cared about my message today.
professor-because-clause,they left because I spoke up|they changed plans because of me|they did it because I said no,hurt|sad|lonely|anxious,to-be-heard|respect|mutuality|understanding,"They left right after I spoke up, saying it was because I challenged the idea."
professor-after-clause,"after I shared, no response|after I asked, they went silent|after I arrived, the plan changed",confused|uncertain|anxious|unsettled,clarity|respect|consideration|predictability,"After I asked a question, they went silent."
professor-comparison-better-than,"compared me to someone else|'unlike X, you' from professor|said others do it better",hurt|sad|lonely|anxious,to-be-seen|fairness|acknowledgement|respect,professor said someone else handles it better than me.
professor-apology-missing,no apology after mistake|never apologized|didn't say sorry,hurt|sad|lonely|anxious,accountability|repair|respect|honesty,"After the mistake, there was no apology from professor."
advisor-ignored-message,advisor ignored my message|advisor left me on read|advisor did not reply|seen .* no reply from advisor|I feel like advisor ignored me|ignored my message|left me on read|did not reply|I feel like ignored me,hurt|sad|lonely|anxious,to-be-seen|connection|belonging|consideration,I sent two messages to advisor and saw 'seen' with no reply for 48 hours.
advisor-changed-plan-without-asking,advisor changed the plan without asking|advisor decided for me|advisor made plans without me|advisor told me I had to|changed the plan without asking|decided for me|made plans without me|told me I had to,frustrated|pressured|tired|resentful,autonomy|choice|freedom|mutuality,advisor changed the plan and told me what I'd be doing without checking.
advisor-overcharged,charged .* extra at checkout|price higher than quoted by advisor|fee added after total|tip changed after payment,confused|uncertain|anxious|unsettled,clarity|fairness|trust|honesty,The final bill from advisor included a fee that wasn't in the quote.
advisor-lost-item,lost my .*|my .* was misplaced|advisor can't find my paperwork|advisor lost my paperwork|can't find my paperwork|lost my paperwork,frustrated|pressured|tired|resentful,care|clarity|acknowledgement|responsibility,advisor couldn't find the paperwork I handed them last week.
advisor-breach-privacy,advisor shared my info without consent|advisor forwarded my email|advisor posted my photo without asking|screenshot of our chat shared by advisor|shared my info without consent|forwarded my email|posted my photo without asking,confused|uncertain|anxious|unsettled,privacy|autonomy|respect|safety,advisor posted a screenshot of our chat in a group without asking.
advisor-public-criticism,advisor criticized me in public|advisor called me out in front of others|advisor pointed out my mistake loudly|criticized me in public|called me out in front of others|pointed out my mistake loudly,embarrassed|hurt|anxious|lonely,respect|to-be-heard|consideration|honor,advisor highlighted my mistake during the meeting while others watched.
advisor-credit-taken,advisor took credit for my work|advisor presented my work as theirs|advisor left my name off|took credit for my work|presented my work as theirs|left my name off,jealous|hurt|angry|anxious,acknowledgement|recognition|fairness|respect,My contribution was presented by advisor without my name mentioned.
advisor-deadline-moved-earlier,deadline moved up by advisor|due date pulled earlier by advisor|asked for delivery sooner than agreed by advisor,overwhelmed|pressured|tired|anxious,support|do-things-at-my-own-pace-and-in-my-own-way|consideration|rest,The due date was moved from Friday to Wednesday without checking my capacity.
advisor-muted-or-removed,advisor muted me|advisor removed me from the call|advisor kicked me from the channel|muted me|removed me from the call|kicked me from the channel,embarrassed|hurt|anxious|lonely,respect|autonomy|consideration|to-be-heard,advisor muted me while I was speaking.
advisor-meeting-started-without-me,meeting started early|decisions made before I joined|advisor began before scheduled time|began before scheduled time,confused|uncertain|anxious|unsettled,consideration|inclusion|predictability|respect,"When I joined at the scheduled time, they were already on agenda item two."
advisor-form-closed-early,form closed early|submission window ended early|link closed before deadline,confused|uncertain|anxious|unsettled,fairness|clarity|respect|predictability,The application portal closed hours before the stated deadline.
advisor-appointment-canceled-last-minute,appointment canceled last minute by advisor|canceled same day|backed out with short notice,hurt|sad|lonely|anxious,reliability|support|consideration|security,advisor canceled 30 minutes before the appointment.
advisor-name-misspelled-after-correction,kept misspelling my name|used the wrong name after I corrected it|name still wrong in records,hurt|sad|lonely|anxious,respect|honor|to-be-seen|belonging,"After I corrected them, advisor kept spelling my name wrong."
advisor-conditional-invite,invited only if .*|'you can come if' from advisor|included conditionally in plans,hurt|sad|lonely|anxious,belonging|inclusion|to-be-seen|respect,advisor said I could come only if I handled the driving.
advisor-backhanded-compliment,advisor gave a backhanded compliment|'for someone like you' comment from advisor|compliment with a dig|gave a backhanded compliment,embarrassed|hurt|anxious|lonely,respect|to-be-heard|consideration|honor,"advisor said, 'You're articulate for someone so young.'"
advisor-gaslight-phrases,advisor said 'that's not what happened' after I described it|advisor said I'm imagining things|'you're crazy' from advisor|said 'that's not what happened' after I described it|said I'm imagining things,confused|uncertain|anxious|unsettled,understanding|honesty|trust|respect,"After I described the email, advisor said it never happened."
advisor-omitted-context,advisor left out key info|advisor didn't share the requirement|advisor omitted the deadline|left out key info|didn't share the requirement|omitted the deadline,confused|uncertain|anxious|unsettled,clarity|honesty|support|fairness,I learned the requirement only after the submission closed.
advisor-policy-enforced-selectively,rule applied to me not others|selective enforcement by advisor|inconsistent policy enforcement,frustrated|pressured|tired|resentful,justice|fairness|respect|acknowledgement,Others got exceptions that I was denied.
advisor-moderation-removed-no-reason,advisor removed my post without reason|thread locked by advisor|comment deleted without explanation|removed my post without reason,silenced|frustrated|lonely|powerless,participation|to-be-heard|consideration|mutuality,A moderator removed my post without any reason.
advisor-algorithm-shadowban,my posts get no views|content hidden without notice|no one can see my posts,confused|uncertain|anxious|unsettled,clarity|predictability|justice|respect,My post views dropped to zero with no explanation.
advisor-accessibility-gap,no captions provided|slides not accessible|no ramp available at venue,excluded|anxious|discouraged|frustrated,access|inclusion|respect|support,The webinar had no captions despite prior requests.
advisor-parking-issue,parking spot taken despite permit|assigned spot occupied|blocked my car,frustrated|pressured|tired|resentful,fairness|clarity|respect|predictability,My assigned spot was taken and no alternative was offered.
advisor-noise-violation-night,loud noise during quiet hours|party past quiet hours|music kept me up,overwhelmed|pressured|tired|anxious,rest|consideration|peace|respect,Music played loudly past midnight through the shared wall.
advisor-thermostat-changed,thermostat changed without asking|temperature changed without checking|ac set very cold without asking,frustrated|pressured|tired|resentful,comfort|consideration|communication|respect,The thermostat was turned down while I was still working.
advisor-paperwork-lost-agency,agency lost my documents|office misplaced my file|documents missing after submission,frustrated|pressured|tired|resentful,clarity|responsibility|acknowledgement|support,The office couldn't find the forms I submitted last month.
advisor-immigration-appointment-changed,appointment rescheduled without notice|time changed after I confirmed|new date assigned without asking,anxious|tense|worried|uneasy,predictability|consideration|respect|clarity,The appointment was moved to a weekday morning without checking my availability.
advisor-bank-fee-added,unexpected bank fee|maintenance fee added|account charged without explanation,confused|uncertain|anxious|unsettled,clarity|fairness|trust|honesty,A fee appeared on my account with no explanation.
advisor-customer-service-loop,stuck in automated loop|can't reach a person|support bot replies only,frustrated|pressured|tired|resentful,support|access|clarity|consideration,The support line kept sending automated messages without connecting me to a person.
advisor-safety-ignored,ignored safety protocol|didn't wear required gear|skipped the safety step,alarmed|scared|tense|anxious,safety|predictability|trust|care,advisor began the procedure without wearing the required gloves.
advisor-appointment-overbooked,double-booked my slot|two appointments at same time|overbooked schedule,anxious|tense|worried|uneasy,order|predictability|consideration|respect,Two appointments were booked at the same time for me.
advisor-refused-accommodation,refused accommodation request|declined interpreter|didn't allow extra time,excluded|tense|anxious|frustrated,access|inclusion|respect|support,My request for captions was declined without alternatives.
advisor-returned-item-denied,return denied without reason|store refused my return|policy not posted but used,confused|uncertain|anxious|unsettled,fairness|clarity|respect|predictability,The return was denied and no policy was shown.
advisor-room-entered-without-consent,entered my room without knocking|opened my door without asking|came in unannounced,alarmed|scared|tense|anxious,space|privacy|safety|respect,advisor opened my door and stepped in without knocking.
advisor-belongings-moved,moved my things without asking|rearranged my desk|tidied my items without checking,frustrated|pressured|tired|resentful,autonomy|space|respect|consideration,My labeled folders were moved to a cabinet.
advisor-back-to-back-meetings,scheduled meetings back to back|no breaks between calls|stacked calendar without space,overwhelmed|pressured|tired|anxious,support|do-things-at-my-own-pace-and-in-my-own-way|consideration|rest,Three meetings were booked with no buffer in between.
advisor-i-feel-like-phrasing,I feel like they ignored me|I feel like no one cares|I feel like they did this on purpose,hurt|sad|lonely|anxious,to-be-heard|acknowledgement|understanding|connection,I feel like no one cared about my message today.
advisor-because-clause,they left because I spoke up|they changed plans because of me|they did it because I said no,hurt|sad|lonely|anxious,to-be-heard|respect|mutuality|understanding,"They left right after I spoke up, saying it was because I challenged the idea."
advisor-after-clause,"after I shared, no response|after I asked, they went silent|after I arrived, the plan changed",confused|uncertain|anxious|unsettled,clarity|respect|consideration|predictability,"After I asked a question, they went silent."
advisor-comparison-better-than,"compared me to someone else|'unlike X, you' from advisor|said others do it better",hurt|sad|lonely|anxious,to-be-seen|fairness|acknowledgement|respect,advisor said someone else handles it better than me.
advisor-apology-missing,no apology after mistake|never apologized|didn't say sorry,hurt|sad|lonely|anxious,accountability|repair|respect|honesty,"After the mistake, there was no apology from advisor."
registrar-ignored-message,registrar ignored my message|registrar left me on read|registrar did not reply|seen .* no reply from registrar|I feel like registrar ignored me|ignored my message|left me on read|did not reply|I feel like ignored me,hurt|sad|lonely|anxious,to-be-seen|connection|belonging|consideration,I sent two messages to registrar and saw 'seen' with no reply for 48 hours.
registrar-changed-plan-without-asking,registrar changed the plan without asking|registrar decided for me|registrar made plans without me|registrar told me I had to|changed the plan without asking|decided for me|made plans without me|told me I had to,frustrated|pressured|tired|resentful,autonomy|choice|freedom|mutuality,registrar changed the plan and told me what I'd be doing without checking.
registrar-overcharged,charged .* extra at checkout|price higher than quoted by registrar|fee added after total|tip changed after payment,confused|uncertain|anxious|unsettled,clarity|fairness|trust|honesty,The final bill from registrar included a fee that wasn't in the quote.
registrar-lost-item,lost my .*|my .* was misplaced|registrar can't find my paperwork|registrar lost my paperwork|can't find my paperwork|lost my paperwork,frustrated|pressured|tired|resentful,care|clarity|acknowledgement|responsibility,registrar couldn't find the paperwork I handed them last week.
registrar-breach-privacy,registrar shared my info without consent|registrar forwarded my email|registrar posted my photo without asking|screenshot of our chat shared by registrar|shared my info without consent|forwarded my email|posted my photo without asking,confused|uncertain|anxious|unsettled,privacy|autonomy|respect|safety,registrar posted a screenshot of our chat in a group without asking.
registrar-public-criticism,registrar criticized me in public|registrar called me out in front of others|registrar pointed out my mistake loudly|criticized me in public|called me out in front of others|pointed out my mistake loudly,embarrassed|hurt|anxious|lonely,respect|to-be-heard|consideration|honor,registrar highlighted my mistake during the meeting while others watched.
registrar-credit-taken,registrar took credit for my work|registrar presented my work as theirs|registrar left my name off|took credit for my work|presented my work as theirs|left my name off,jealous|hurt|angry|anxious,acknowledgement|recognition|fairness|respect,My contribution was presented by registrar without my name mentioned.
registrar-deadline-moved-earlier,deadline moved up by registrar|due date pulled earlier by registrar|asked for delivery sooner than agreed by registrar,overwhelmed|pressured|tired|anxious,support|do-things-at-my-own-pace-and-in-my-own-way|consideration|rest,The due date was moved from Friday to Wednesday without checking my capacity.
registrar-muted-or-removed,registrar muted me|registrar removed me from the call|registrar kicked me from the channel|muted me|removed me from the call|kicked me from the channel,embarrassed|hurt|anxious|lonely,respect|autonomy|consideration|to-be-heard,registrar muted me while I was speaking.
registrar-meeting-started-without-me,meeting started early|decisions made before I joined|registrar began before scheduled time|began before scheduled time,confused|uncertain|anxious|unsettled,consideration|inclusion|predictability|respect,"When I joined at the scheduled time, they were already on agenda item two."
registrar-form-closed-early,form closed early|submission window ended early|link closed before deadline,confused|uncertain|anxious|unsettled,fairness|clarity|respect|predictability,The application portal closed hours before the stated deadline.
registrar-appointment-canceled-last-minute,appointment canceled last minute by registrar|canceled same day|backed out with short notice,hurt|sad|lonely|anxious,reliability|support|consideration|security,registrar canceled 30 minutes before the appointment.
registrar-name-misspelled-after-correction,kept misspelling my name|used the wrong name after I corrected it|name still wrong in records,hurt|sad|lonely|anxious,respect|honor|to-be-seen|belonging,"After I corrected them, registrar kept spelling my name wrong."
registrar-conditional-invite,invited only if .*|'you can come if' from registrar|included conditionally in plans,hurt|sad|lonely|anxious,belonging|inclusion|to-be-seen|respect,registrar said I could come only if I handled the driving.
registrar-backhanded-compliment,registrar gave a backhanded compliment|'for someone like you' comment from registrar|compliment with a dig|gave a backhanded compliment,embarrassed|hurt|anxious|lonely,respect|to-be-heard|consideration|honor,"registrar said, 'You're articulate for someone so young.'"
registrar-gaslight-phrases,registrar said 'that's not what happened' after I described it|registrar said I'm imagining things|'you're crazy' from registrar|said 'that's not what happened' after I described it|said I'm imagining things,confused|uncertain|anxious|unsettled,understanding|honesty|trust|respect,"After I described the email, registrar said it never happened."
registrar-omitted-context,registrar left out key info|registrar didn't share the requirement|registrar omitted the deadline|left out key info|didn't share the requirement|omitted the deadline,confused|uncertain|anxious|unsettled,clarity|honesty|support|fairness,I learned the requirement only after the submission closed.
registrar-policy-enforced-selectively,rule applied to me not others|selective enforcement by registrar|inconsistent policy enforcement,frustrated|pressured|tired|resentful,justice|fairness|respect|acknowledgement,Others got exceptions that I was denied.
registrar-moderation-removed-no-reason,registrar removed my post without reason|thread locked by registrar|comment deleted without explanation|removed my post without reason,silenced|frustrated|lonely|powerless,participation|to-be-heard|consideration|mutuality,A moderator removed my post without any reason.
registrar-algorithm-shadowban,my posts get no views|content hidden without notice|no one can see my posts,confused|uncertain|anxious|unsettled,clarity|predictability|justice|respect,My post views dropped to zero with no explanation.
registrar-accessibility-gap,no captions provided|slides not accessible|no ramp available at venue,excluded|anxious|discouraged|frustrated,access|inclusion|respect|support,The webinar had no captions despite prior requests.
registrar-parking-issue,parking spot taken despite permit|assigned spot occupied|blocked my car,frustrated|pressured|tired|resentful,fairness|clarity|respect|predictability,My assigned spot was taken and no alternative was offered.
registrar-noise-violation-night,loud noise during quiet hours|party past quiet hours|music kept me up,overwhelmed|pressured|tired|anxious,rest|consideration|peace|respect,Music played loudly past midnight through the shared wall.
registrar-thermostat-changed,thermostat changed without asking|temperature changed without checking|ac set very cold without asking,frustrated|pressured|tired|resentful,comfort|consideration|communication|respect,The thermostat was turned down while I was still working.
registrar-paperwork-lost-agency,agency lost my documents|office misplaced my file|documents missing after submission,frustrated|pressured|tired|resentful,clarity|responsibility|acknowledgement|support,The office couldn't find the forms I submitted last month.
registrar-immigration-appointment-changed,appointment rescheduled without notice|time changed after I confirmed|new date assigned without asking,anxious|tense|worried|uneasy,predictability|consideration|respect|clarity,The appointment was moved to a weekday morning without checking my availability.
registrar-bank-fee-added,unexpected bank fee|maintenance fee added|account charged without explanation,confused|uncertain|anxious|unsettled,clarity|fairness|trust|honesty,A fee appeared on my account with no explanation.
registrar-customer-service-loop,stuck in automated loop|can't reach a person|support bot replies only,frustrated|pressured|tired|resentful,support|access|clarity|consideration,The support line kept sending automated messages without connecting me to a person.
registrar-safety-ignored,ignored safety protocol|didn't wear required gear|skipped the safety step,alarmed|scared|tense|anxious,safety|predictability|trust|care,registrar began the procedure without wearing the required gloves.
registrar-appointment-overbooked,double-booked my slot|two appointments at same time|overbooked schedule,anxious|tense|worried|uneasy,order|predictability|consideration|respect,Two appointments were booked at the same time for me.
registrar-refused-accommodation,refused accommodation request|declined interpreter|didn't allow extra time,excluded|tense|anxious|frustrated,access|inclusion|respect|support,My request for captions was declined without alternatives.
registrar-returned-item-denied,return denied without reason|store refused my return|policy not posted but used,confused|uncertain|anxious|unsettled,fairness|clarity|respect|predictability,The return was denied and no policy was shown.
registrar-room-entered-without-consent,entered my room without knocking|opened my door without asking|came in unannounced,alarmed|scared|tense|anxious,space|privacy|safety|respect,registrar opened my door and stepped in without knocking.
registrar-belongings-moved,moved my things without asking|rearranged my desk|tidied my items without checking,frustrated|pressured|tired|resentful,autonomy|space|respect|consideration,My labeled folders were moved to a cabinet.
registrar-back-to-back-meetings,scheduled meetings back to back|no breaks between calls|stacked calendar without space,overwhelmed|pressured|tired|anxious,support|do-things-at-my-own-pace-and-in-my-own-way|consideration|rest,Three meetings were booked with no buffer in between.
registrar-i-feel-like-phrasing,I feel like they ignored me|I feel like no one cares|I feel like they did this on purpose,hurt|sad|lonely|anxious,to-be-heard|acknowledgement|understanding|connection,I feel like no one cared about my message today.
registrar-because-clause,they left because I spoke up|they changed plans because of me|they did it because I said no,hurt|sad|lonely|anxious,to-be-heard|respect|mutuality|understanding,"They left right after I spoke up, saying it was because I challenged the idea."
registrar-after-clause,"after I shared, no response|after I asked, they went silent|after I arrived, the plan changed",confused|uncertain|anxious|unsettled,clarity|respect|consideration|predictability,"After I asked a question, they went silent."
registrar-comparison-better-than,"compared me to someone else|'unlike X, you' from registrar|said others do it better",hurt|sad|lonely|anxious,to-be-seen|fairness|acknowledgement|respect,registrar said someone else handles it better than me.
registrar-apology-missing,no apology after mistake|never apologized|didn't say sorry,hurt|sad|lonely|anxious,accountability|repair|respect|honesty,"After the mistake, there was no apology from registrar."
doctor-ignored-message,doctor ignored my message|doctor left me on read|doctor did not reply|seen .* no reply from doctor|I feel like doctor ignored me|ignored my message|left me on read|did not reply|I feel like ignored me,hurt|sad|lonely|anxious,to-be-seen|connection|belonging|consideration,I sent two messages to doctor and saw 'seen' with no reply for 48 hours.
doctor-changed-plan-without-asking,doctor changed the plan without asking|doctor decided for me|doctor made plans without me|doctor told me I had to|changed the plan without asking|decided for me|made plans without me|told me I had to,frustrated|pressured|tired|resentful,autonomy|choice|freedom|mutuality,doctor changed the plan and told me what I'd be doing without checking.
doctor-overcharged,charged .* extra at checkout|price higher than quoted by doctor|fee added after total|tip changed after payment,confused|uncertain|anxious|unsettled,clarity|fairness|trust|honesty,The final bill from doctor included a fee that wasn't in the quote.
doctor-lost-item,lost my .*|my .* was misplaced|doctor can't find my paperwork|doctor lost my paperwork|can't find my paperwork|lost my paperwork,frustrated|pressured|tired|resentful,care|clarity|acknowledgement|responsibility,doctor couldn't find the paperwork I handed them last week.
doctor-breach-privacy,doctor shared my info without consent|doctor forwarded my email|doctor posted my photo without asking|screenshot of our chat shared by doctor|shared my info without consent|forwarded my email|posted my photo without asking,confused|uncertain|anxious|unsettled,privacy|autonomy|respect|safety,doctor posted a screenshot of our chat in a group without asking.
doctor-public-criticism,doctor criticized me in public|doctor called me out in front of others|doctor pointed out my mistake loudly|criticized me in public|called me out in front of others|pointed out my mistake loudly,embarrassed|hurt|anxious|lonely,respect|to-be-heard|consideration|honor,doctor highlighted my mistake during the meeting while others watched.
doctor-credit-taken,doctor took credit for my work|doctor presented my work as theirs|doctor left my name off|took credit for my work|presented my work as theirs|left my name off,jealous|hurt|angry|anxious,acknowledgement|recognition|fairness|respect,My contribution was presented by doctor without my name mentioned.
doctor-deadline-moved-earlier,deadline moved up by doctor|due date pulled earlier by doctor|asked for delivery sooner than agreed by doctor,overwhelmed|pressured|tired|anxious,support|do-things-at-my-own-pace-and-in-my-own-way|consideration|rest,The due date was moved from Friday to Wednesday without checking my capacity.
doctor-muted-or-removed,doctor muted me|doctor removed me from the call|doctor kicked me from the channel|muted me|removed me from the call|kicked me from the channel,embarrassed|hurt|anxious|lonely,respect|autonomy|consideration|to-be-heard,doctor muted me while I was speaking.
doctor-meeting-started-without-me,meeting started early|decisions made before I joined|doctor began before scheduled time|began before scheduled time,confused|uncertain|anxious|unsettled,consideration|inclusion|predictability|respect,"When I joined at the scheduled time, they were already on agenda item two."
doctor-form-closed-early,form closed early|submission window ended early|link closed before deadline,confused|uncertain|anxious|unsettled,fairness|clarity|respect|predictability,The application portal closed hours before the stated deadline.
doctor-appointment-canceled-last-minute,appointment canceled last minute by doctor|canceled same day|backed out with short notice,hurt|sad|lonely|anxious,reliability|support|consideration|security,doctor canceled 30 minutes before the appointment.
doctor-name-misspelled-after-correction,kept misspelling my name|used the wrong name after I corrected it|name still wrong in records,hurt|sad|lonely|anxious,respect|honor|to-be-seen|belonging,"After I corrected them, doctor kept spelling my name wrong."
doctor-conditional-invite,invited only if .*|'you can come if' from doctor|included conditionally in plans,hurt|sad|lonely|anxious,belonging|inclusion|to-be-seen|respect,doctor said I could come only if I handled the driving.
doctor-backhanded-compliment,doctor gave a backhanded compliment|'for someone like you' comment from doctor|compliment with a dig|gave a backhanded compliment,embarrassed|hurt|anxious|lonely,respect|to-be-heard|consideration|honor,"doctor said, 'You're articulate for someone so young.'"
doctor-gaslight-phrases,doctor said 'that's not what happened' after I described it|doctor said I'm imagining things|'you're crazy' from doctor|said 'that's not what happened' after I described it|said I'm imagining things,confused|uncertain|anxious|unsettled,understanding|honesty|trust|respect,"After I described the email, doctor said it never happened."
doctor-omitted-context,doctor left out key info|doctor didn't share the requirement|doctor omitted the deadline|left out key info|didn't share the requirement|omitted the deadline,confused|uncertain|anxious|unsettled,clarity|honesty|support|fairness,I learned the requirement only after the submission closed.
doctor-policy-enforced-selectively,rule applied to me not others|selective enforcement by doctor|inconsistent policy enforcement,frustrated|pressured|tired|resentful,justice|fairness|respect|acknowledgement,Others got exceptions that I was denied.
doctor-moderation-removed-no-reason,doctor removed my post without reason|thread locked by doctor|comment deleted without explanation|removed my post without reason,silenced|frustrated|lonely|powerless,participation|to-be-heard|consideration|mutuality,A moderator removed my post without any reason.
doctor-algorithm-shadowban,my posts get no views|content hidden without notice|no one can see my posts,confused|uncertain|anxious|unsettled,clarity|predictability|justice|respect,My post views dropped to zero with no explanation.
doctor-accessibility-gap,no captions provided|slides not accessible|no ramp available at venue,excluded|anxious|discouraged|frustrated,access|inclusion|respect|support,The webinar had no captions despite prior requests.
doctor-parking-issue,parking spot taken despite permit|assigned spot occupied|blocked my car,frustrated|pressured|tired|resentful,fairness|clarity|respect|predictability,My assigned spot was taken and no alternative was offered.
doctor-noise-violation-night,loud noise during quiet hours|party past quiet hours|music kept me up,overwhelmed|pressured|tired|anxious,rest|consideration|peace|respect,Music played loudly past midnight through the shared wall.
doctor-thermostat-changed,thermostat changed without asking|temperature changed without checking|ac set very cold without asking,frustrated|pressured|tired|resentful,comfort|consideration|communication|respect,The thermostat was turned down while I was still working.
doctor-paperwork-lost-agency,agency lost my documents|office misplaced my file|documents missing after submission,frustrated|pressured|tired|resentful,clarity|responsibility|acknowledgement|support,The office couldn't find the forms I submitted last month.
doctor-immigration-appointment-changed,appointment rescheduled without notice|time changed after I confirmed|new date assigned without asking,anxious|tense|worried|uneasy,predictability|consideration|respect|clarity,The appointment was moved to a weekday morning without checking my availability.
doctor-bank-fee-added,unexpected bank fee|maintenance fee added|account charged without explanation,confused|uncertain|anxious|unsettled,clarity|fairness|trust|honesty,A fee appeared on my account with no explanation.
doctor-customer-service-loop,stuck in automated loop|can't reach a person|support bot replies only,frustrated|pressured|tired|resentful,support|access|clarity|consideration,The support line kept sending automated messages without connecting me to a person.
doctor-safety-ignored,ignored safety protocol|didn't wear required gear|skipped the safety step,alarmed|scared|tense|anxious,safety|predictability|trust|care,doctor began the procedure without wearing the required gloves.
doctor-appointment-overbooked,double-booked my slot|two appointments at same time|overbooked schedule,anxious|tense|worried|uneasy,order|predictability|consideration|respect,Two appointments were booked at the same time for me.
doctor-refused-accommodation,refused accommodation request|declined interpreter|didn't allow extra time,excluded|tense|anxious|frustrated,access|inclusion|respect|support,My request for captions was declined without alternatives.
doctor-returned-item-denied,return denied without reason|store refused my return|policy not posted but used,confused|uncertain|anxious|unsettled,fairness|clarity|respect|predictability,The return was denied and no policy was shown.
doctor-room-entered-without-consent,entered my room without knocking|opened my door without asking|came in unannounced,alarmed|scared|tense|anxious,space|privacy|safety|respect,doctor opened my door and stepped in without knocking.
doctor-belongings-moved,moved my things without asking|rearranged my desk|tidied my items without checking,frustrated|pressured|tired|resentful,autonomy|space|respect|consideration,My labeled folders were moved to a cabinet.
doctor-back-to-back-meetings,scheduled meetings back to back|no breaks between calls|stacked calendar without space,overwhelmed|pressured|tired|anxious,support|do-things-at-my-own-pace-and-in-my-own-way|consideration|rest,Three meetings were booked with no buffer in between.
doctor-i-feel-like-phrasing,I feel like they ignored me|I feel like no one cares|I feel like they did this on purpose,hurt|sad|lonely|anxious,to-be-heard|acknowledgement|understanding|connection,I feel like no one cared about my message today.
doctor-because-clause,they left because I spoke up|they changed plans because of me|they did it because I said no,hurt|sad|lonely|anxious,to-be-heard|respect|mutuality|understanding,"They left right after I spoke up, saying it was because I challenged the idea."
doctor-after-clause,"after I shared, no response|after I asked, they went silent|after I arrived, the plan changed",confused|uncertain|anxious|unsettled,clarity|respect|consideration|predictability,"After I asked a question, they went silent."
doctor-comparison-better-than,"compared me to someone else|'unlike X, you' from doctor|said others do it better",hurt|sad|lonely|anxious,to-be-seen|fairness|acknowledgement|respect,doctor said someone else handles it better than me.
doctor-apology-missing,no apology after mistake|never apologized|didn't say sorry,hurt|sad|lonely|anxious,accountability|repair|respect|honesty,"After the mistake, there was no apology from doctor."
nurse-ignored-message,nurse ignored my message|nurse left me on read|nurse did not reply|seen .* no reply from nurse|I feel like nurse ignored me|ignored my message|left me on read|did not reply|I feel like ignored me,hurt|sad|lonely|anxious,to-be-seen|connection|belonging|consideration,I sent two messages to nurse and saw 'seen' with no reply for 48 hours.
nurse-changed-plan-without-asking,nurse changed the plan without asking|nurse decided for me|nurse made plans without me|nurse told me I had to|changed the plan without asking|decided for me|made plans without me|told me I had to,frustrated|pressured|tired|resentful,autonomy|choice|freedom|mutuality,nurse changed the plan and told me what I'd be doing without checking.
nurse-overcharged,charged .* extra at checkout|price higher than quoted by nurse|fee added after total|tip changed after payment,confused|uncertain|anxious|unsettled,clarity|fairness|trust|honesty,The final bill from nurse included a fee that wasn't in the quote.
nurse-lost-item,lost my .*|my .* was misplaced|nurse can't find my paperwork|nurse lost my paperwork|can't find my paperwork|lost my paperwork,frustrated|pressured|tired|resentful,care|clarity|acknowledgement|responsibility,nurse couldn't find the paperwork I handed them last week.
nurse-breach-privacy,nurse shared my info without consent|nurse forwarded my email|nurse posted my photo without asking|screenshot of our chat shared by nurse|shared my info without consent|forwarded my email|posted my photo without asking,confused|uncertain|anxious|unsettled,privacy|autonomy|respect|safety,nurse posted a screenshot of our chat in a group without asking.
nurse-public-criticism,nurse criticized me in public|nurse called me out in front of others|nurse pointed out my mistake loudly|criticized me in public|called me out in front of others|pointed out my mistake loudly,embarrassed|hurt|anxious|lonely,respect|to-be-heard|consideration|honor,nurse highlighted my mistake during the meeting while others watched.
nurse-credit-taken,nurse took credit for my work|nurse presented my work as theirs|nurse left my name off|took credit for my work|presented my work as theirs|left my name off,jealous|hurt|angry|anxious,acknowledgement|recognition|fairness|respect,My contribution was presented by nurse without my name mentioned.
nurse-deadline-moved-earlier,deadline moved up by nurse|due date pulled earlier by nurse|asked for delivery sooner than agreed by nurse,overwhelmed|pressured|tired|anxious,support|do-things-at-my-own-pace-and-in-my-own-way|consideration|rest,The due date was moved from Friday to Wednesday without checking my capacity.
nurse-muted-or-removed,nurse muted me|nurse removed me from the call|nurse kicked me from the channel|muted me|removed me from the call|kicked me from the channel,embarrassed|hurt|anxious|lonely,respect|autonomy|consideration|to-be-heard,nurse muted me while I was speaking.
nurse-meeting-started-without-me,meeting started early|decisions made before I joined|nurse began before scheduled time|began before scheduled time,confused|uncertain|anxious|unsettled,consideration|inclusion|predictability|respect,"When I joined at the scheduled time, they were already on agenda item two."
nurse-form-closed-early,form closed early|submission window ended early|link closed before deadline,confused|uncertain|anxious|unsettled,fairness|clarity|respect|predictability,The application portal closed hours before the stated deadline.
nurse-appointment-canceled-last-minute,appointment canceled last minute by nurse|canceled same day|backed out with short notice,hurt|sad|lonely|anxious,reliability|support|consideration|security,nurse canceled 30 minutes before the appointment.
nurse-name-misspelled-after-correction,kept misspelling my name|used the wrong name after I corrected it|name still wrong in records,hurt|sad|lonely|anxious,respect|honor|to-be-seen|belonging,"After I corrected them, nurse kept spelling my name wrong."
nurse-conditional-invite,invited only if .*|'you can come if' from nurse|included conditionally in plans,hurt|sad|lonely|anxious,belonging|inclusion|to-be-seen|respect,nurse said I could come only if I handled the driving.
nurse-backhanded-compliment,nurse gave a backhanded compliment|'for someone like you' comment from nurse|compliment with a dig|gave a backhanded compliment,embarrassed|hurt|anxious|lonely,respect|to-be-heard|consideration|honor,"nurse said, 'You're articulate for someone so young.'"
nurse-gaslight-phrases,nurse said 'that's not what happened' after I described it|nurse said I'm imagining things|'you're crazy' from nurse|said 'that's not what happened' after I described it|said I'm imagining things,confused|uncertain|anxious|unsettled,understanding|honesty|trust|respect,"After I described the email, nurse said it never happened."
nurse-omitted-context,nurse left out key info|nurse didn't share the requirement|nurse omitted the deadline|left out key info|didn't share the requirement|omitted the deadline,confused|uncertain|anxious|unsettled,clarity|honesty|support|fairness,I learned the requirement only after the submission closed.
nurse-policy-enforced-selectively,rule applied to me not others|selective enforcement by nurse|inconsistent policy enforcement,frustrated|pressured|tired|resentful,justice|fairness|respect|acknowledgement,Others got exceptions that I was denied.
nurse-moderation-removed-no-reason,nurse removed my post without reason|thread locked by nurse|comment deleted without explanation|removed my post without reason,silenced|frustrated|lonely|powerless,participation|to-be-heard|consideration|mutuality,A moderator removed my post without any reason.
nurse-algorithm-shadowban,my posts get no views|content hidden without notice|no one can see my posts,confused|uncertain|anxious|unsettled,clarity|predictability|justice|respect,My post views dropped to zero with no explanation.
nurse-accessibility-gap,no captions provided|slides not accessible|no ramp available at venue,excluded|anxious|discouraged|frustrated,access|inclusion|respect|support,The webinar had no captions despite prior requests.
nurse-parking-issue,parking spot taken despite permit|assigned spot occupied|blocked my car,frustrated|pressured|tired|resentful,fairness|clarity|respect|predictability,My assigned spot was taken and no alternative was offered.
nurse-noise-violation-night,loud noise during quiet hours|party past quiet hours|music kept me up,overwhelmed|pressured|tired|anxious,rest|consideration|peace|respect,Music played loudly past midnight through the shared wall.
nurse-thermostat-changed,thermostat changed without asking|temperature changed without checking|ac set very cold without asking,frustrated|pressured|tired|resentful,comfort|consideration|communication|respect,The thermostat was turned down while I was still working.
nurse-paperwork-lost-agency,agency lost my documents|office misplaced my file|documents missing after submission,frustrated|pressured|tired|resentful,clarity|responsibility|acknowledgement|support,The office couldn't find the forms I submitted last month.
nurse-immigration-appointment-changed,appointment rescheduled without notice|time changed after I confirmed|new date assigned without asking,anxious|tense|worried|uneasy,predictability|consideration|respect|clarity,The appointment was moved to a weekday morning without checking my availability.
nurse-bank-fee-added,unexpected bank fee|maintenance fee added|account charged without explanation,confused|uncertain|anxious|unsettled,clarity|fairness|trust|honesty,A fee appeared on my account with no explanation.
nurse-customer-service-loop,stuck in automated loop|can't reach a person|support bot replies only,frustrated|pressured|tired|resentful,support|access|clarity|consideration,The support line kept sending automated messages without connecting me to a person.
nurse-safety-ignored,ignored safety protocol|didn't wear required gear|skipped the safety step,alarmed|scared|tense|anxious,safety|predictability|trust|care,nurse began the procedure without wearing the required gloves.
nurse-appointment-overbooked,double-booked my slot|two appointments at same time|overbooked schedule,anxious|tense|worried|uneasy,order|predictability|consideration|respect,Two appointments were booked at the same time for me.
nurse-refused-accommodation,refused accommodation request|declined interpreter|didn't allow extra time,excluded|tense|anxious|frustrated,access|inclusion|respect|support,My request for captions was declined without alternatives.
nurse-returned-item-denied,return denied without reason|store refused my return|policy not posted but used,confused|uncertain|anxious|unsettled,fairness|clarity|respect|predictability,The return was denied and no policy was shown.
nurse-room-entered-without-consent,entered my room without knocking|opened my door without asking|came in unannounced,alarmed|scared|tense|anxious,space|privacy|safety|respect,nurse opened my door and stepped in without knocking.
nurse-belongings-moved,moved my things without asking|rearranged my desk|tidied my items without checking,frustrated|pressured|tired|resentful,autonomy|space|respect|consideration,My labeled folders were moved to a cabinet.
nurse-back-to-back-meetings,scheduled meetings back to back|no breaks between calls|stacked calendar without space,overwhelmed|pressured|tired|anxious,support|do-things-at-my-own-pace-and-in-my-own-way|consideration|rest,Three meetings were booked with no buffer in between.
nurse-i-feel-like-phrasing,I feel like they ignored me|I feel like no one cares|I feel like they did this on purpose,hurt|sad|lonely|anxious,to-be-heard|acknowledgement|understanding|connection,I feel like no one cared about my message today.
nurse-because-clause,they left because I spoke up|they changed plans because of me|they did it because I said no,hurt|sad|lonely|anxious,to-be-heard|respect|mutuality|understanding,"They left right after I spoke up, saying it was because I challenged the idea."
nurse-after-clause,"after I shared, no response|after I asked, they went silent|after I arrived, the plan changed",confused|uncertain|anxious|unsettled,clarity|respect|consideration|predictability,"After I asked a question, they went silent."
nurse-comparison-better-than,"compared me to someone else|'unlike X, you' from nurse|said others do it better",hurt|sad|lonely|anxious,to-be-seen|fairness|acknowledgement|respect,nurse said someone else handles it better than me.
nurse-apology-missing,no apology after mistake|never apologized|didn't say sorry,hurt|sad|lonely|anxious,accountability|repair|respect|honesty,"After the mistake, there was no apology from nurse."
therapist-ignored-message,therapist ignored my message|therapist left me on read|therapist did not reply|seen .* no reply from therapist|I feel like therapist ignored me|ignored my message|left me on read|did not reply|I feel like ignored me,hurt|sad|lonely|anxious,to-be-seen|connection|belonging|consideration,I sent two messages to therapist and saw 'seen' with no reply for 48 hours.
therapist-changed-plan-without-asking,therapist changed the plan without asking|therapist decided for me|therapist made plans without me|therapist told me I had to|changed the plan without asking|decided for me|made plans without me|told me I had to,frustrated|pressured|tired|resentful,autonomy|choice|freedom|mutuality,therapist changed the plan and told me what I'd be doing without checking.
therapist-overcharged,charged .* extra at checkout|price higher than quoted by therapist|fee added after total|tip changed after payment,confused|uncertain|anxious|unsettled,clarity|fairness|trust|honesty,The final bill from therapist included a fee that wasn't in the quote.
therapist-lost-item,lost my .*|my .* was misplaced|therapist can't find my paperwork|therapist lost my paperwork|can't find my paperwork|lost my paperwork,frustrated|pressured|tired|resentful,care|clarity|acknowledgement|responsibility,therapist couldn't find the paperwork I handed them last week.
therapist-breach-privacy,therapist shared my info without consent|therapist forwarded my email|therapist posted my photo without asking|screenshot of our chat shared by therapist|shared my info without consent|forwarded my email|posted my photo without asking,confused|uncertain|anxious|unsettled,privacy|autonomy|respect|safety,therapist posted a screenshot of our chat in a group without asking.
therapist-public-criticism,therapist criticized me in public|therapist called me out in front of others|therapist pointed out my mistake loudly|criticized me in public|called me out in front of others|pointed out my mistake loudly,embarrassed|hurt|anxious|lonely,respect|to-be-heard|consideration|honor,therapist highlighted my mistake during the meeting while others watched.
therapist-credit-taken,therapist took credit for my work|therapist presented my work as theirs|therapist left my name off|took credit for my work|presented my work as theirs|left my name off,jealous|hurt|angry|anxious,acknowledgement|recognition|fairness|respect,My contribution was presented by therapist without my name mentioned.
therapist-deadline-moved-earlier,deadline moved up by therapist|due date pulled earlier by therapist|asked for delivery sooner than agreed by therapist,overwhelmed|pressured|tired|anxious,support|do-things-at-my-own-pace-and-in-my-own-way|consideration|rest,The due date was moved from Friday to Wednesday without checking my capacity.
therapist-muted-or-removed,therapist muted me|therapist removed me from the call|therapist kicked me from the channel|muted me|removed me from the call|kicked me from the channel,embarrassed|hurt|anxious|lonely,respect|autonomy|consideration|to-be-heard,therapist muted me while I was speaking.
therapist-meeting-started-without-me,meeting started early|decisions made before I joined|therapist began before scheduled time|began before scheduled time,confused|uncertain|anxious|unsettled,consideration|inclusion|predictability|respect,"When I joined at the scheduled time, they were already on agenda item two."
therapist-form-closed-early,form closed early|submission window ended early|link closed before deadline,confused|uncertain|anxious|unsettled,fairness|clarity|respect|predictability,The application portal closed hours before the stated deadline.
therapist-appointment-canceled-last-minute,appointment canceled last minute by therapist|canceled same day|backed out with short notice,hurt|sad|lonely|anxious,reliability|support|consideration|security,therapist canceled 30 minutes before the appointment.
therapist-name-misspelled-after-correction,kept misspelling my name|used the wrong name after I corrected it|name still wrong in records,hurt|sad|lonely|anxious,respect|honor|to-be-seen|belonging,"After I corrected them, therapist kept spelling my name wrong."
therapist-conditional-invite,invited only if .*|'you can come if' from therapist|included conditionally in plans,hurt|sad|lonely|anxious,belonging|inclusion|to-be-seen|respect,therapist said I could come only if I handled the driving.
therapist-backhanded-compliment,therapist gave a backhanded compliment|'for someone like you' comment from therapist|compliment with a dig|gave a backhanded compliment,embarrassed|hurt|anxious|lonely,respect|to-be-heard|consideration|honor,"therapist said, 'You're articulate for someone so young.'"
therapist-gaslight-phrases,therapist said 'that's not what happened' after I described it|therapist said I'm imagining things|'you're crazy' from therapist|said 'that's not what happened' after I described it|said I'm imagining things,confused|uncertain|anxious|unsettled,understanding|honesty|trust|respect,"After I described the email, therapist said it never happened."
therapist-omitted-context,therapist left out key info|therapist didn't share the requirement|therapist omitted the deadline|left out key info|didn't share the requirement|omitted the deadline,confused|uncertain|anxious|unsettled,clarity|honesty|support|fairness,I learned the requirement only after the submission closed.
therapist-policy-enforced-selectively,rule applied to me not others|selective enforcement by therapist|inconsistent policy enforcement,frustrated|pressured|tired|resentful,justice|fairness|respect|acknowledgement,Others got exceptions that I was denied.
therapist-moderation-removed-no-reason,therapist removed my post without reason|thread locked by therapist|comment deleted without explanation|removed my post without reason,silenced|frustrated|lonely|powerless,participation|to-be-heard|consideration|mutuality,A moderator removed my post without any reason.
therapist-algorithm-shadowban,my posts get no views|content hidden without notice|no one can see my posts,confused|uncertain|anxious|unsettled,clarity|predictability|justice|respect,My post views dropped to zero with no explanation.
therapist-accessibility-gap,no captions provided|slides not accessible|no ramp available at venue,excluded|anxious|discouraged|frustrated,access|inclusion|respect|support,The webinar had no captions despite prior requests.
therapist-parking-issue,parking spot taken despite permit|assigned spot occupied|blocked my car,frustrated|pressured|tired|resentful,fairness|clarity|respect|predictability,My assigned spot was taken and no alternative was offered.
therapist-noise-violation-night,loud noise during quiet hours|party past quiet hours|music kept me up,overwhelmed|pressured|tired|anxious,rest|consideration|peace|respect,Music played loudly past midnight through the shared wall.
therapist-thermostat-changed,thermostat changed without asking|temperature changed without checking|ac set very cold without asking,frustrated|pressured|tired|resentful,comfort|consideration|communication|respect,The thermostat was turned down while I was still working.
therapist-paperwork-lost-agency,agency lost my documents|office misplaced my file|documents missing after submission,frustrated|pressured|tired|resentful,clarity|responsibility|acknowledgement|support,The office couldn't find the forms I submitted last month.
therapist-immigration-appointment-changed,appointment rescheduled without notice|time changed after I confirmed|new date assigned without asking,anxious|tense|worried|uneasy,predictability|consideration|respect|clarity,The appointment was moved to a weekday morning without checking my availability.
therapist-bank-fee-added,unexpected bank fee|maintenance fee added|account charged without explanation,confused|uncertain|anxious|unsettled,clarity|fairness|trust|honesty,A fee appeared on my account with no explanation.
therapist-customer-service-loop,stuck in automated loop|can't reach a person|support bot replies only,frustrated|pressured|tired|resentful,support|access|clarity|consideration,The support line kept sending automated messages without connecting me to a person.
therapist-safety-ignored,ignored safety protocol|didn't wear required gear|skipped the safety step,alarmed|scared|tense|anxious,safety|predictability|trust|care,therapist began the procedure without wearing the required gloves.
therapist-appointment-overbooked,double-booked my slot|two appointments at same time|overbooked schedule,anxious|tense|worried|uneasy,order|predictability|consideration|respect,Two appointments were booked at the same time for me.
therapist-refused-accommodation,refused accommodation request|declined interpreter|didn't allow extra time,excluded|tense|anxious|frustrated,access|inclusion|respect|support,My request for captions was declined without alternatives.
therapist-returned-item-denied,return denied without reason|store refused my return|policy not posted but used,confused|uncertain|anxious|unsettled,fairness|clarity|respect|predictability,The return was denied and no policy was shown.
therapist-room-entered-without-consent,entered my room without knocking|opened my door without asking|came in unannounced,alarmed|scared|tense|anxious,space|privacy|safety|respect,therapist opened my door and stepped in without knocking.
therapist-belongings-moved,moved my things without asking|rearranged my desk|tidied my items without checking,frustrated|pressured|tired|resentful,autonomy|space|respect|consideration,My labeled folders were moved to a cabinet.
therapist-back-to-back-meetings,scheduled meetings back to back|no breaks between calls|stacked calendar without space,overwhelmed|pressured|tired|anxious,support|do-things-at-my-own-pace-and-in-my-own-way|consideration|rest,Three meetings were booked with no buffer in between.
therapist-i-feel-like-phrasing,I feel like they ignored me|I feel like no one cares|I feel like they did this on purpose,hurt|sad|lonely|anxious,to-be-heard|acknowledgement|understanding|connection,I feel like no one cared about my message today.
therapist-because-clause,they left because I spoke up|they changed plans because of me|they did it because I said no,hurt|sad|lonely|anxious,to-be-heard|respect|mutuality|understanding,"They left right after I spoke up, saying it was because I challenged the idea."
therapist-after-clause,"after I shared, no response|after I asked, they went silent|after I arrived, the plan changed",confused|uncertain|anxious|unsettled,clarity|respect|consideration|predictability,"After I asked a question, they went silent."
therapist-comparison-better-than,"compared me to someone else|'unlike X, you' from therapist|said others do it better",hurt|sad|lonely|anxious,to-be-seen|fairness|acknowledgement|respect,therapist said someone else handles it better than me.
therapist-apology-missing,no apology after mistake|never apologized|didn't say sorry,hurt|sad|lonely|anxious,accountability|repair|respect|honesty,"After the mistake, there was no apology from therapist."
cashier-ignored-message,cashier ignored my message|cashier left me on read|cashier did not reply|seen .* no reply from cashier|I feel like cashier ignored me|ignored my message|left me on read|did not reply|I feel like ignored me,hurt|sad|lonely|anxious,to-be-seen|connection|belonging|consideration,I sent two messages to cashier and saw 'seen' with no reply for 48 hours.
cashier-changed-plan-without-asking,cashier changed the plan without asking|cashier decided for me|cashier made plans without me|cashier told me I had to|changed the plan without asking|decided for me|made plans without me|told me I had to,frustrated|pressured|tired|resentful,autonomy|choice|freedom|mutuality,cashier changed the plan and told me what I'd be doing without checking.
cashier-overcharged,charged .* extra at checkout|price higher than quoted by cashier|fee added after total|tip changed after payment,confused|uncertain|anxious|unsettled,clarity|fairness|trust|honesty,The final bill from cashier included a fee that wasn't in the quote.
cashier-lost-item,lost my .*|my .* was misplaced|cashier can't find my paperwork|cashier lost my paperwork|can't find my paperwork|lost my paperwork,frustrated|pressured|tired|resentful,care|clarity|acknowledgement|responsibility,cashier couldn't find the paperwork I handed them last week.
cashier-breach-privacy,cashier shared my info without consent|cashier forwarded my email|cashier posted my photo without asking|screenshot of our chat shared by cashier|shared my info without consent|forwarded my email|posted my photo without asking,confused|uncertain|anxious|unsettled,privacy|autonomy|respect|safety,cashier posted a screenshot of our chat in a group without asking.
cashier-public-criticism,cashier criticized me in public|cashier called me out in front of others|cashier pointed out my mistake loudly|criticized me in public|called me out in front of others|pointed out my mistake loudly,embarrassed|hurt|anxious|lonely,respect|to-be-heard|consideration|honor,cashier highlighted my mistake during the meeting while others watched.
cashier-credit-taken,cashier took credit for my work|cashier presented my work as theirs|cashier left my name off|took credit for my work|presented my work as theirs|left my name off,jealous|hurt|angry|anxious,acknowledgement|recognition|fairness|respect,My contribution was presented by cashier without my name mentioned.
cashier-deadline-moved-earlier,deadline moved up by cashier|due date pulled earlier by cashier|asked for delivery sooner than agreed by cashier,overwhelmed|pressured|tired|anxious,support|do-things-at-my-own-pace-and-in-my-own-way|consideration|rest,The due date was moved from Friday to Wednesday without checking my capacity.
cashier-muted-or-removed,cashier muted me|cashier removed me from the call|cashier kicked me from the channel|muted me|removed me from the call|kicked me from the channel,embarrassed|hurt|anxious|lonely,respect|autonomy|consideration|to-be-heard,cashier muted me while I was speaking.
cashier-meeting-started-without-me,meeting started early|decisions made before I joined|cashier began before scheduled time|began before scheduled time,confused|uncertain|anxious|unsettled,consideration|inclusion|predictability|respect,"When I joined at the scheduled time, they were already on agenda item two."
cashier-form-closed-early,form closed early|submission window ended early|link closed before deadline,confused|uncertain|anxious|unsettled,fairness|clarity|respect|predictability,The application portal closed hours before the stated deadline.
cashier-appointment-canceled-last-minute,appointment canceled last minute by cashier|canceled same day|backed out with short notice,hurt|sad|lonely|anxious,reliability|support|consideration|security,cashier canceled 30 minutes before the appointment.
cashier-name-misspelled-after-correction,kept misspelling my name|used the wrong name after I corrected it|name still wrong in records,hurt|sad|lonely|anxious,respect|honor|to-be-seen|belonging,"After I corrected them, cashier kept spelling my name wrong."
cashier-conditional-invite,invited only if .*|'you can come if' from cashier|included conditionally in plans,hurt|sad|lonely|anxious,belonging|inclusion|to-be-seen|respect,cashier said I could come only if I handled the driving.
cashier-backhanded-compliment,cashier gave a backhanded compliment|'for someone like you' comment from cashier|compliment with a dig|gave a backhanded compliment,embarrassed|hurt|anxious|lonely,respect|to-be-heard|consideration|honor,"cashier said, 'You're articulate for someone so young.'"
cashier-gaslight-phrases,cashier said 'that's not what happened' after I described it|cashier said I'm imagining things|'you're crazy' from cashier|said 'that's not what happened' after I described it|said I'm imagining things,confused|uncertain|anxious|unsettled,understanding|honesty|trust|respect,"After I described the email, cashier said it never happened."
cashier-omitted-context,cashier left out key info|cashier didn't share the requirement|cashier omitted the deadline|left out key info|didn't share the requirement|omitted the deadline,confused|uncertain|anxious|unsettled,clarity|honesty|support|fairness,I learned the requirement only after the submission closed.
cashier-policy-enforced-selectively,rule applied to me not others|selective enforcement by cashier|inconsistent policy enforcement,frustrated|pressured|tired|resentful,justice|fairness|respect|acknowledgement,Others got exceptions that I was denied.
cashier-moderation-removed-no-reason,cashier removed my post without reason|thread locked by cashier|comment deleted without explanation|removed my post without reason,silenced|frustrated|lonely|powerless,participation|to-be-heard|consideration|mutuality,A moderator removed my post without any reason.
cashier-algorithm-shadowban,my posts get no views|content hidden without notice|no one can see my posts,confused|uncertain|anxious|unsettled,clarity|predictability|justice|respect,My post views dropped to zero with no explanation.
cashier-accessibility-gap,no captions provided|slides not accessible|no ramp available at venue,excluded|anxious|discouraged|frustrated,access|inclusion|respect|support,The webinar had no captions despite prior requests.
cashier-parking-issue,parking spot taken despite permit|assigned spot occupied|blocked my car,frustrated|pressured|tired|resentful,fairness|clarity|respect|predictability,My assigned spot was taken and no alternative was offered.
cashier-noise-violation-night,loud noise during quiet hours|party past quiet hours|music kept me up,overwhelmed|pressured|tired|anxious,rest|consideration|peace|respect,Music played loudly past midnight through the shared wall.
cashier-thermostat-changed,thermostat changed without asking|temperature changed without checking|ac set very cold without asking,frustrated|pressured|tired|resentful,comfort|consideration|communication|respect,The thermostat was turned down while I was still working.
cashier-paperwork-lost-agency,agency lost my documents|office misplaced my file|documents missing after submission,frustrated|pressured|tired|resentful,clarity|responsibility|acknowledgement|support,The office couldn't find the forms I submitted last month.
cashier-immigration-appointment-changed,appointment rescheduled without notice|time changed after I confirmed|new date assigned without asking,anxious|tense|worried|uneasy,predictability|consideration|respect|clarity,The appointment was moved to a weekday morning without checking my availability.
cashier-bank-fee-added,unexpected bank fee|maintenance fee added|account charged without explanation,confused|uncertain|anxious|unsettled,clarity|fairness|trust|honesty,A fee appeared on my account with no explanation.
cashier-customer-service-loop,stuck in automated loop|can't reach a person|support bot replies only,frustrated|pressured|tired|resentful,support|access|clarity|consideration,The support line kept sending automated messages without connecting me to a person.
cashier-safety-ignored,ignored safety protocol|didn't wear required gear|skipped the safety step,alarmed|scared|tense|anxious,safety|predictability|trust|care,cashier began the procedure without wearing the required gloves.
cashier-appointment-overbooked,double-booked my slot|two appointments at same time|overbooked schedule,anxious|tense|worried|uneasy,order|predictability|consideration|respect,Two appointments were booked at the same time for me.
cashier-refused-accommodation,refused accommodation request|declined interpreter|didn't allow extra time,excluded|tense|anxious|frustrated,access|inclusion|respect|support,My request for captions was declined without alternatives.
cashier-returned-item-denied,return denied without reason|store refused my return|policy not posted but used,confused|uncertain|anxious|unsettled,fairness|clarity|respect|predictability,The return was denied and no policy was shown.
cashier-room-entered-without-consent,entered my room without knocking|opened my door without asking|came in unannounced,alarmed|scared|tense|anxious,space|privacy|safety|respect,cashier opened my door and stepped in without knocking.
cashier-belongings-moved,moved my things without asking|rearranged my desk|tidied my items without checking,frustrated|pressured|tired|resentful,autonomy|space|respect|consideration,My labeled folders were moved to a cabinet.
cashier-back-to-back-meetings,scheduled meetings back to back|no breaks between calls|stacked calendar without space,overwhelmed|pressured|tired|anxious,support|do-things-at-my-own-pace-and-in-my-own-way|consideration|rest,Three meetings were booked with no buffer in between.
cashier-i-feel-like-phrasing,I feel like they ignored me|I feel like no one cares|I feel like they did this on purpose,hurt|sad|lonely|anxious,to-be-heard|acknowledgement|understanding|connection,I feel like no one cared about my message today.
cashier-because-clause,they left because I spoke up|they changed plans because of me|they did it because I said no,hurt|sad|lonely|anxious,to-be-heard|respect|mutuality|understanding,"They left right after I spoke up, saying it was because I challenged the idea."
cashier-after-clause,"after I shared, no response|after I asked, they went silent|after I arrived, the plan changed",confused|uncertain|anxious|unsettled,clarity|respect|consideration|predictability,"After I asked a question, they went silent."
cashier-comparison-better-than,"compared me to someone else|'unlike X, you' from cashier|said others do it better",hurt|sad|lonely|anxious,to-be-seen|fairness|acknowledgement|respect,cashier said someone else handles it better than me.
cashier-apology-missing,no apology after mistake|never apologized|didn't say sorry,hurt|sad|lonely|anxious,accountability|repair|respect|honesty,"After the mistake, there was no apology from cashier."
server-ignored-message,server ignored my message|server left me on read|server did not reply|seen .* no reply from server|I feel like server ignored me|ignored my message|left me on read|did not reply|I feel like ignored me,hurt|sad|lonely|anxious,to-be-seen|connection|belonging|consideration,I sent two messages to server and saw 'seen' with no reply for 48 hours.
server-changed-plan-without-asking,server changed the plan without asking|server decided for me|server made plans without me|server told me I had to|changed the plan without asking|decided for me|made plans without me|told me I had to,frustrated|pressured|tired|resentful,autonomy|choice|freedom|mutuality,server changed the plan and told me what I'd be doing without checking.
server-overcharged,charged .* extra at checkout|price higher than quoted by server|fee added after total|tip changed after payment,confused|uncertain|anxious|unsettled,clarity|fairness|trust|honesty,The final bill from server included a fee that wasn't in the quote.
server-lost-item,lost my .*|my .* was misplaced|server can't find my paperwork|server lost my paperwork|can't find my paperwork|lost my paperwork,frustrated|pressured|tired|resentful,care|clarity|acknowledgement|responsibility,server couldn't find the paperwork I handed them last week.
server-breach-privacy,server shared my info without consent|server forwarded my email|server posted my photo without asking|screenshot of our chat shared by server|shared my info without consent|forwarded my email|posted my photo without asking,confused|uncertain|anxious|unsettled,privacy|autonomy|respect|safety,server posted a screenshot of our chat in a group without asking.
server-public-criticism,server criticized me in public|server called me out in front of others|server pointed out my mistake loudly|criticized me in public|called me out in front of others|pointed out my mistake loudly,embarrassed|hurt|anxious|lonely,respect|to-be-heard|consideration|honor,server highlighted my mistake during the meeting while others watched.
server-credit-taken,server took credit for my work|server presented my work as theirs|server left my name off|took credit for my work|presented my work as theirs|left my name off,jealous|hurt|angry|anxious,acknowledgement|recognition|fairness|respect,My contribution was presented by server without my name mentioned.
server-deadline-moved-earlier,deadline moved up by server|due date pulled earlier by server|asked for delivery sooner than agreed by server,overwhelmed|pressured|tired|anxious,support|do-things-at-my-own-pace-and-in-my-own-way|consideration|rest,The due date was moved from Friday to Wednesday without checking my capacity.
server-muted-or-removed,server muted me|server removed me from the call|server kicked me from the channel|muted me|removed me from the call|kicked me from the channel,embarrassed|hurt|anxious|lonely,respect|autonomy|consideration|to-be-heard,server muted me while I was speaking.
server-meeting-started-without-me,meeting started early|decisions made before I joined|server began before scheduled time|began before scheduled time,confused|uncertain|anxious|unsettled,consideration|inclusion|predictability|respect,"When I joined at the scheduled time, they were already on agenda item two."
server-form-closed-early,form closed early|submission window ended early|link closed before deadline,confused|uncertain|anxious|unsettled,fairness|clarity|respect|predictability,The application portal closed hours before the stated deadline.
server-appointment-canceled-last-minute,appointment canceled last minute by server|canceled same day|backed out with short notice,hurt|sad|lonely|anxious,reliability|support|consideration|security,server canceled 30 minutes before the appointment.
server-name-misspelled-after-correction,kept misspelling my name|used the wrong name after I corrected it|name still wrong in records,hurt|sad|lonely|anxious,respect|honor|to-be-seen|belonging,"After I corrected them, server kept spelling my name wrong."
server-conditional-invite,invited only if .*|'you can come if' from server|included conditionally in plans,hurt|sad|lonely|anxious,belonging|inclusion|to-be-seen|respect,server said I could come only if I handled the driving.
server-backhanded-compliment,server gave a backhanded compliment|'for someone like you' comment from server|compliment with a dig|gave a backhanded compliment,embarrassed|hurt|anxious|lonely,respect|to-be-heard|consideration|honor,"server said, 'You're articulate for someone so young.'"
server-gaslight-phrases,server said 'that's not what happened' after I described it|server said I'm imagining things|'you're crazy' from server|said 'that's not what happened' after I described it|said I'm imagining things,confused|uncertain|anxious|unsettled,understanding|honesty|trust|respect,"After I described the email, server said it never happened."
server-omitted-context,server left out key info|server didn't share the requirement|server omitted the deadline|left out key info|didn't share the requirement|omitted the deadline,confused|uncertain|anxious|unsettled,clarity|honesty|support|fairness,I learned the requirement only after the submission closed.
server-policy-enforced-selectively,rule applied to me not others|selective enforcement by server|inconsistent policy enforcement,frustrated|pressured|tired|resentful,justice|fairness|respect|acknowledgement,Others got exceptions that I was denied.
server-moderation-removed-no-reason,server removed my post without reason|thread locked by server|comment deleted without explanation|removed my post without reason,silenced|frustrated|lonely|powerless,participation|to-be-heard|consideration|mutuality,A moderator removed my post without any reason.
server-algorithm-shadowban,my posts get no views|content hidden without notice|no one can see my posts,confused|uncertain|anxious|unsettled,clarity|predictability|justice|respect,My post views dropped to zero with no explanation.
server-accessibility-gap,no captions provided|slides not accessible|no ramp available at venue,excluded|anxious|discouraged|frustrated,access|inclusion|respect|support,The webinar had no captions despite prior requests.
server-parking-issue,parking spot taken despite permit|assigned spot occupied|blocked my car,frustrated|pressured|tired|resentful,fairness|clarity|respect|predictability,My assigned spot was taken and no alternative was offered.
server-noise-violation-night,loud noise during quiet hours|party past quiet hours|music kept me up,overwhelmed|pressured|tired|anxious,rest|consideration|peace|respect,Music played loudly past midnight through the shared wall.
server-thermostat-changed,thermostat changed without asking|temperature changed without checking|ac set very cold without asking,frustrated|pressured|tired|resentful,comfort|consideration|communication|respect,The thermostat was turned down while I was still working.
server-paperwork-lost-agency,agency lost my documents|office misplaced my file|documents missing after submission,frustrated|pressured|tired|resentful,clarity|responsibility|acknowledgement|support,The office couldn't find the forms I submitted last month.
server-immigration-appointment-changed,appointment rescheduled without notice|time changed after I confirmed|new date assigned without asking,anxious|tense|worried|uneasy,predictability|consideration|respect|clarity,The appointment was moved to a weekday morning without checking my availability.
server-bank-fee-added,unexpected bank fee|maintenance fee added|account charged without explanation,confused|uncertain|anxious|unsettled,clarity|fairness|trust|honesty,A fee appeared on my account with no explanation.
server-customer-service-loop,stuck in automated loop|can't reach a person|support bot replies only,frustrated|pressured|tired|resentful,support|access|clarity|consideration,The support line kept sending automated messages without connecting me to a person.
server-safety-ignored,ignored safety protocol|didn't wear required gear|skipped the safety step,alarmed|scared|tense|anxious,safety|predictability|trust|care,server began the procedure without wearing the required gloves.
server-appointment-overbooked,double-booked my slot|two appointments at same time|overbooked schedule,anxious|tense|worried|uneasy,order|predictability|consideration|respect,Two appointments were booked at the same time for me.
server-refused-accommodation,refused accommodation request|declined interpreter|didn't allow extra time,excluded|tense|anxious|frustrated,access|inclusion|respect|support,My request for captions was declined without alternatives.
server-returned-item-denied,return denied without reason|store refused my return|policy not posted but used,confused|uncertain|anxious|unsettled,fairness|clarity|respect|predictability,The return was denied and no policy was shown.
server-room-entered-without-consent,entered my room without knocking|opened my door without asking|came in unannounced,alarmed|scared|tense|anxious,space|privacy|safety|respect,server opened my door and stepped in without knocking.
server-belongings-moved,moved my things without asking|rearranged my desk|tidied my items without checking,frustrated|pressured|tired|resentful,autonomy|space|respect|consideration,My labeled folders were moved to a cabinet.
server-back-to-back-meetings,scheduled meetings back to back|no breaks between calls|stacked calendar without space,overwhelmed|pressured|tired|anxious,support|do-things-at-my-own-pace-and-in-my-own-way|consideration|rest,Three meetings were booked with no buffer in between.
server-i-feel-like-phrasing,I feel like they ignored me|I feel like no one cares|I feel like they did this on purpose,hurt|sad|lonely|anxious,to-be-heard|acknowledgement|understanding|connection,I feel like no one cared about my message today.
server-because-clause,they left because I spoke up|they changed plans because of me|they did it because I said no,hurt|sad|lonely|anxious,to-be-heard|respect|mutuality|understanding,"They left right after I spoke up, saying it was because I challenged the idea."
server-after-clause,"after I shared, no response|after I asked, they went silent|after I arrived, the plan changed",confused|uncertain|anxious|unsettled,clarity|respect|consideration|predictability,"After I asked a question, they went silent."
server-comparison-better-than,"compared me to someone else|'unlike X, you' from server|said others do it better",hurt|sad|lonely|anxious,to-be-seen|fairness|acknowledgement|respect,server said someone else handles it better than me.
server-apology-missing,no apology after mistake|never apologized|didn't say sorry,hurt|sad|lonely|anxious,accountability|repair|respect|honesty,"After the mistake, there was no apology from server."
barista-ignored-message,barista ignored my message|barista left me on read|barista did not reply|seen .* no reply from barista|I feel like barista ignored me|ignored my message|left me on read|did not reply|I feel like ignored me,hurt|sad|lonely|anxious,to-be-seen|connection|belonging|consideration,I sent two messages to barista and saw 'seen' with no reply for 48 hours.
barista-changed-plan-without-asking,barista changed the plan without asking|barista decided for me|barista made plans without me|barista told me I had to|changed the plan without asking|decided for me|made plans without me|told me I had to,frustrated|pressured|tired|resentful,autonomy|choice|freedom|mutuality,barista changed the plan and told me what I'd be doing without checking.
barista-overcharged,charged .* extra at checkout|price higher than quoted by barista|fee added after total|tip changed after payment,confused|uncertain|anxious|unsettled,clarity|fairness|trust|honesty,The final bill from barista included a fee that wasn't in the quote.
barista-lost-item,lost my .*|my .* was misplaced|barista can't find my paperwork|barista lost my paperwork|can't find my paperwork|lost my paperwork,frustrated|pressured|tired|resentful,care|clarity|acknowledgement|responsibility,barista couldn't find the paperwork I handed them last week.
barista-breach-privacy,barista shared my info without consent|barista forwarded my email|barista posted my photo without asking|screenshot of our chat shared by barista|shared my info without consent|forwarded my email|posted my photo without asking,confused|uncertain|anxious|unsettled,privacy|autonomy|respect|safety,barista posted a screenshot of our chat in a group without asking.
barista-public-criticism,barista criticized me in public|barista called me out in front of others|barista pointed out my mistake loudly|criticized me in public|called me out in front of others|pointed out my mistake loudly,embarrassed|hurt|anxious|lonely,respect|to-be-heard|consideration|honor,barista highlighted my mistake during the meeting while others watched.
barista-credit-taken,barista took credit for my work|barista presented my work as theirs|barista left my name off|took credit for my work|presented my work as theirs|left my name off,jealous|hurt|angry|anxious,acknowledgement|recognition|fairness|respect,My contribution was presented by barista without my name mentioned.
barista-deadline-moved-earlier,deadline moved up by barista|due date pulled earlier by barista|asked for delivery sooner than agreed by barista,overwhelmed|pressured|tired|anxious,support|do-things-at-my-own-pace-and-in-my-own-way|consideration|rest,The due date was moved from Friday to Wednesday without checking my capacity.
barista-muted-or-removed,barista muted me|barista removed me from the call|barista kicked me from the channel|muted me|removed me from the call|kicked me from the channel,embarrassed|hurt|anxious|lonely,respect|autonomy|consideration|to-be-heard,barista muted me while I was speaking.
barista-meeting-started-without-me,meeting started early|decisions made before I joined|barista began before scheduled time|began before scheduled time,confused|uncertain|anxious|unsettled,consideration|inclusion|predictability|respect,"When I joined at the scheduled time, they were already on agenda item two."
barista-form-closed-early,form closed early|submission window ended early|link closed before deadline,confused|uncertain|anxious|unsettled,fairness|clarity|respect|predictability,The application portal closed hours before the stated deadline.
barista-appointment-canceled-last-minute,appointment canceled last minute by barista|canceled same day|backed out with short notice,hurt|sad|lonely|anxious,reliability|support|consideration|security,barista canceled 30 minutes before the appointment.
barista-name-misspelled-after-correction,kept misspelling my name|used the wrong name after I corrected it|name still wrong in records,hurt|sad|lonely|anxious,respect|honor|to-be-seen|belonging,"After I corrected them, barista kept spelling my name wrong."
barista-conditional-invite,invited only if .*|'you can come if' from barista|included conditionally in plans,hurt|sad|lonely|anxious,belonging|inclusion|to-be-seen|respect,barista said I could come only if I handled the driving.
barista-backhanded-compliment,barista gave a backhanded compliment|'for someone like you' comment from barista|compliment with a dig|gave a backhanded compliment,embarrassed|hurt|anxious|lonely,respect|to-be-heard|consideration|honor,"barista said, 'You're articulate for someone so young.'"
barista-gaslight-phrases,barista said 'that's not what happened' after I described it|barista said I'm imagining things|'you're crazy' from barista|said 'that's not what happened' after I described it|said I'm imagining things,confused|uncertain|anxious|unsettled,understanding|honesty|trust|respect,"After I described the email, barista said it never happened."
barista-omitted-context,barista left out key info|barista didn't share the requirement|barista omitted the deadline|left out key info|didn't share the requirement|omitted the deadline,confused|uncertain|anxious|unsettled,clarity|honesty|support|fairness,I learned the requirement only after the submission closed.
barista-policy-enforced-selectively,rule applied to me not others|selective enforcement by barista|inconsistent policy enforcement,frustrated|pressured|tired|resentful,justice|fairness|respect|acknowledgement,Others got exceptions that I was denied.
barista-moderation-removed-no-reason,barista removed my post without reason|thread locked by barista|comment deleted without explanation|removed my post without reason,silenced|frustrated|lonely|powerless,participation|to-be-heard|consideration|mutuality,A moderator removed my post without any reason.
barista-algorithm-shadowban,my posts get no views|content hidden without notice|no one can see my posts,confused|uncertain|anxious|unsettled,clarity|predictability|justice|respect,My post views dropped to zero with no explanation.
barista-accessibility-gap,no captions provided|slides not accessible|no ramp available at venue,excluded|anxious|discouraged|frustrated,access|inclusion|respect|support,The webinar had no captions despite prior requests.
barista-parking-issue,parking spot taken despite permit|assigned spot occupied|blocked my car,frustrated|pressured|tired|resentful,fairness|clarity|respect|predictability,My assigned spot was taken and no alternative was offered.
barista-noise-violation-night,loud noise during quiet hours|party past quiet hours|music kept me up,overwhelmed|pressured|tired|anxious,rest|consideration|peace|respect,Music played loudly past midnight through the shared wall.
barista-thermostat-changed,thermostat changed without asking|temperature changed without checking|ac set very cold without asking,frustrated|pressured|tired|resentful,comfort|consideration|communication|respect,The thermostat was turned down while I was still working.
barista-paperwork-lost-agency,agency lost my documents|office misplaced my file|documents missing after submission,frustrated|pressured|tired|resentful,clarity|responsibility|acknowledgement|support,The office couldn't find the forms I submitted last month.
barista-immigration-appointment-changed,appointment rescheduled without notice|time changed after I confirmed|new date assigned without asking,anxious|tense|worried|uneasy,predictability|consideration|respect|clarity,The appointment was moved to a weekday morning without checking my availability.
barista-bank-fee-added,unexpected bank fee|maintenance fee added|account charged without explanation,confused|uncertain|anxious|unsettled,clarity|fairness|trust|honesty,A fee appeared on my account with no explanation.
barista-customer-service-loop,stuck in automated loop|can't reach a person|support bot replies only,frustrated|pressured|tired|resentful,support|access|clarity|consideration,The support line kept sending automated messages without connecting me to a person.
barista-safety-ignored,ignored safety protocol|didn't wear required gear|skipped the safety step,alarmed|scared|tense|anxious,safety|predictability|trust|care,barista began the procedure without wearing the required gloves.
barista-appointment-overbooked,double-booked my slot|two appointments at same time|overbooked schedule,anxious|tense|worried|uneasy,order|predictability|consideration|respect,Two appointments were booked at the same time for me.
barista-refused-accommodation,refused accommodation request|declined interpreter|didn't allow extra time,excluded|tense|anxious|frustrated,access|inclusion|respect|support,My request for captions was declined without alternatives.
barista-returned-item-denied,return denied without reason|store refused my return|policy not posted but used,confused|uncertain|anxious|unsettled,fairness|clarity|respect|predictability,The return was denied and no policy was shown.
barista-room-entered-without-consent,entered my room without knocking|opened my door without asking|came in unannounced,alarmed|scared|tense|anxious,space|privacy|safety|respect,barista opened my door and stepped in without knocking.
barista-belongings-moved,moved my things without asking|rearranged my desk|tidied my items without checking,frustrated|pressured|tired|resentful,autonomy|space|respect|consideration,My labeled folders were moved to a cabinet.
barista-back-to-back-meetings,scheduled meetings back to back|no breaks between calls|stacked calendar without space,overwhelmed|pressured|tired|anxious,support|do-things-at-my-own-pace-and-in-my-own-way|consideration|rest,Three meetings were booked with no buffer in between.
barista-i-feel-like-phrasing,I feel like they ignored me|I feel like no one cares|I feel like they did this on purpose,hurt|sad|lonely|anxious,to-be-heard|acknowledgement|understanding|connection,I feel like no one cared about my message today.
barista-because-clause,they left because I spoke up|they changed plans because of me|they did it because I said no,hurt|sad|lonely|anxious,to-be-heard|respect|mutuality|understanding,"They left right after I spoke up, saying it was because I challenged the idea."
barista-after-clause,"after I shared, no response|after I asked, they went silent|after I arrived, the plan changed",confused|uncertain|anxious|unsettled,clarity|respect|consideration|predictability,"After I asked a question, they went silent."
barista-comparison-better-than,"compared me to someone else|'unlike X, you' from barista|said others do it better",hurt|sad|lonely|anxious,to-be-seen|fairness|acknowledgement|respect,barista said someone else handles it better than me.
barista-apology-missing,no apology after mistake|never apologized|didn't say sorry,hurt|sad|lonely|anxious,accountability|repair|respect|honesty,"After the mistake, there was no apology from barista."
driver-ignored-message,driver ignored my message|driver left me on read|driver did not reply|seen .* no reply from driver|I feel like driver ignored me|ignored my message|left me on read|did not reply|I feel like ignored me,hurt|sad|lonely|anxious,to-be-seen|connection|belonging|consideration,I sent two messages to driver and saw 'seen' with no reply for 48 hours.
driver-changed-plan-without-asking,driver changed the plan without asking|driver decided for me|driver made plans without me|driver told me I had to|changed the plan without asking|decided for me|made plans without me|told me I had to,frustrated|pressured|tired|resentful,autonomy|choice|freedom|mutuality,driver changed the plan and told me what I'd be doing without checking.
driver-overcharged,charged .* extra at checkout|price higher than quoted by driver|fee added after total|tip changed after payment,confused|uncertain|anxious|unsettled,clarity|fairness|trust|honesty,The final bill from driver included a fee that wasn't in the quote.
driver-lost-item,lost my .*|my .* was misplaced|driver can't find my paperwork|driver lost my paperwork|can't find my paperwork|lost my paperwork,frustrated|pressured|tired|resentful,care|clarity|acknowledgement|responsibility,driver couldn't find the paperwork I handed them last week.
driver-breach-privacy,driver shared my info without consent|driver forwarded my email|driver posted my photo without asking|screenshot of our chat shared by driver|shared my info without consent|forwarded my email|posted my photo without asking,confused|uncertain|anxious|unsettled,privacy|autonomy|respect|safety,driver posted a screenshot of our chat in a group without asking.
driver-public-criticism,driver criticized me in public|driver called me out in front of others|driver pointed out my mistake loudly|criticized me in public|called me out in front of others|pointed out my mistake loudly,embarrassed|hurt|anxious|lonely,respect|to-be-heard|consideration|honor,driver highlighted my mistake during the meeting while others watched.
driver-credit-taken,driver took credit for my work|driver presented my work as theirs|driver left my name off|took credit for my work|presented my work as theirs|left my name off,jealous|hurt|angry|anxious,acknowledgement|recognition|fairness|respect,My contribution was presented by driver without my name mentioned.
driver-deadline-moved-earlier,deadline moved up by driver|due date pulled earlier by driver|asked for delivery sooner than agreed by driver,overwhelmed|pressured|tired|anxious,support|do-things-at-my-own-pace-and-in-my-own-way|consideration|rest,The due date was moved from Friday to Wednesday without checking my capacity.
driver-muted-or-removed,driver muted me|driver removed me from the call|driver kicked me from the channel|muted me|removed me from the call|kicked me from the channel,embarrassed|hurt|anxious|lonely,respect|autonomy|consideration|to-be-heard,driver muted me while I was speaking.
driver-meeting-started-without-me,meeting started early|decisions made before I joined|driver began before scheduled time|began before scheduled time,confused|uncertain|anxious|unsettled,consideration|inclusion|predictability|respect,"When I joined at the scheduled time, they were already on agenda item two."
driver-form-closed-early,form closed early|submission window ended early|link closed before deadline,confused|uncertain|anxious|unsettled,fairness|clarity|respect|predictability,The application portal closed hours before the stated deadline.
driver-appointment-canceled-last-minute,appointment canceled last minute by driver|canceled same day|backed out with short notice,hurt|sad|lonely|anxious,reliability|support|consideration|security,driver canceled 30 minutes before the appointment.
driver-name-misspelled-after-correction,kept misspelling my name|used the wrong name after I corrected it|name still wrong in records,hurt|sad|lonely|anxious,respect|honor|to-be-seen|belonging,"After I corrected them, driver kept spelling my name wrong."
driver-conditional-invite,invited only if .*|'you can come if' from driver|included conditionally in plans,hurt|sad|lonely|anxious,belonging|inclusion|to-be-seen|respect,driver said I could come only if I handled the driving.
driver-backhanded-compliment,driver gave a backhanded compliment|'for someone like you' comment from driver|compliment with a dig|gave a backhanded compliment,embarrassed|hurt|anxious|lonely,respect|to-be-heard|consideration|honor,"driver said, 'You're articulate for someone so young.'"
driver-gaslight-phrases,driver said 'that's not what happened' after I described it|driver said I'm imagining things|'you're crazy' from driver|said 'that's not what happened' after I described it|said I'm imagining things,confused|uncertain|anxious|unsettled,understanding|honesty|trust|respect,"After I described the email, driver said it never happened."
driver-omitted-context,driver left out key info|driver didn't share the requirement|driver omitted the deadline|left out key info|didn't share the requirement|omitted the deadline,confused|uncertain|anxious|unsettled,clarity|honesty|support|fairness,I learned the requirement only after the submission closed.
driver-policy-enforced-selectively,rule applied to me not others|selective enforcement by driver|inconsistent policy enforcement,frustrated|pressured|tired|resentful,justice|fairness|respect|acknowledgement,Others got exceptions that I was denied.
driver-moderation-removed-no-reason,driver removed my post without reason|thread locked by driver|comment deleted without explanation|removed my post without reason,silenced|frustrated|lonely|powerless,participation|to-be-heard|consideration|mutuality,A moderator removed my post without any reason.
driver-algorithm-shadowban,my posts get no views|content hidden without notice|no one can see my posts,confused|uncertain|anxious|unsettled,clarity|predictability|justice|respect,My post views dropped to zero with no explanation.
driver-accessibility-gap,no captions provided|slides not accessible|no ramp available at venue,excluded|anxious|discouraged|frustrated,access|inclusion|respect|support,The webinar had no captions despite prior requests.
driver-parking-issue,parking spot taken despite permit|assigned spot occupied|blocked my car,frustrated|pressured|tired|resentful,fairness|clarity|respect|predictability,My assigned spot was taken and no alternative was offered.
driver-noise-violation-night,loud noise during quiet hours|party past quiet hours|music kept me up,overwhelmed|pressured|tired|anxious,rest|consideration|peace|respect,Music played loudly past midnight through the shared wall.
driver-thermostat-changed,thermostat changed without asking|temperature changed without checking|ac set very cold without asking,frustrated|pressured|tired|resentful,comfort|consideration|communication|respect,The thermostat was turned down while I was still working.
driver-paperwork-lost-agency,agency lost my documents|office misplaced my file|documents missing after submission,frustrated|pressured|tired|resentful,clarity|responsibility|acknowledgement|support,The office couldn't find the forms I submitted last month.
driver-immigration-appointment-changed,appointment rescheduled without notice|time changed after I confirmed|new date assigned without asking,anxious|tense|worried|uneasy,predictability|consideration|respect|clarity,The appointment was moved to a weekday morning without checking my availability.
driver-bank-fee-added,unexpected bank fee|maintenance fee added|account charged without explanation,confused|uncertain|anxious|unsettled,clarity|fairness|trust|honesty,A fee appeared on my account with no explanation.
driver-customer-service-loop,stuck in automated loop|can't reach a person|support bot replies only,frustrated|pressured|tired|resentful,support|access|clarity|consideration,The support line kept sending automated messages without connecting me to a person.
driver-safety-ignored,ignored safety protocol|didn't wear required gear|skipped the safety step,alarmed|scared|tense|anxious,safety|predictability|trust|care,driver began the procedure without wearing the required gloves.
driver-appointment-overbooked,double-booked my slot|two appointments at same time|overbooked schedule,anxious|tense|worried|uneasy,order|predictability|consideration|respect,Two appointments were booked at the same time for me.
driver-refused-accommodation,refused accommodation request|declined interpreter|didn't allow extra time,excluded|tense|anxious|frustrated,access|inclusion|respect|support,My request for captions was declined without alternatives.
driver-returned-item-denied,return denied without reason|store refused my return|policy not posted but used,confused|uncertain|anxious|unsettled,fairness|clarity|respect|predictability,The return was denied and no policy was shown.
driver-room-entered-without-consent,entered my room without knocking|opened my door without asking|came in unannounced,alarmed|scared|tense|anxious,space|privacy|safety|respect,driver opened my door and stepped in without knocking.
driver-belongings-moved,moved my things without asking|rearranged my desk|tidied my items without checking,frustrated|pressured|tired|resentful,autonomy|space|respect|consideration,My labeled folders were moved to a cabinet.
driver-back-to-back-meetings,scheduled meetings back to back|no breaks between calls|stacked calendar without space,overwhelmed|pressured|tired|anxious,support|do-things-at-my-own-pace-and-in-my-own-way|consideration|rest,Three meetings were booked with no buffer in between.
driver-i-feel-like-phrasing,I feel like they ignored me|I feel like no one cares|I feel like they did this on purpose,hurt|sad|lonely|anxious,to-be-heard|acknowledgement|understanding|connection,I feel like no one cared about my message today.
driver-because-clause,they left because I spoke up|they changed plans because of me|they did it because I said no,hurt|sad|lonely|anxious,to-be-heard|respect|mutuality|understanding,"They left right after I spoke up, saying it was because I challenged the idea."
driver-after-clause,"after I shared, no response|after I asked, they went silent|after I arrived, the plan changed",confused|uncertain|anxious|unsettled,clarity|respect|consideration|predictability,"After I asked a question, they went silent."
driver-comparison-better-than,"compared me to someone else|'unlike X, you' from driver|said others do it better",hurt|sad|lonely|anxious,to-be-seen|fairness|acknowledgement|respect,driver said someone else handles it better than me.
driver-apology-missing,no apology after mistake|never apologized|didn't say sorry,hurt|sad|lonely|anxious,accountability|repair|respect|honesty,"After the mistake, there was no apology from driver."
dispatcher-ignored-message,dispatcher ignored my message|dispatcher left me on read|dispatcher did not reply|seen .* no reply from dispatcher|I feel like dispatcher ignored me|ignored my message|left me on read|did not reply|I feel like ignored me,hurt|sad|lonely|anxious,to-be-seen|connection|belonging|consideration,I sent two messages to dispatcher and saw 'seen' with no reply for 48 hours.
dispatcher-changed-plan-without-asking,dispatcher changed the plan without asking|dispatcher decided for me|dispatcher made plans without me|dispatcher told me I had to|changed the plan without asking|decided for me|made plans without me|told me I had to,frustrated|pressured|tired|resentful,autonomy|choice|freedom|mutuality,dispatcher changed the plan and told me what I'd be doing without checking.
dispatcher-overcharged,charged .* extra at checkout|price higher than quoted by dispatcher|fee added after total|tip changed after payment,confused|uncertain|anxious|unsettled,clarity|fairness|trust|honesty,The final bill from dispatcher included a fee that wasn't in the quote.
dispatcher-lost-item,lost my .*|my .* was misplaced|dispatcher can't find my paperwork|dispatcher lost my paperwork|can't find my paperwork|lost my paperwork,frustrated|pressured|tired|resentful,care|clarity|acknowledgement|responsibility,dispatcher couldn't find the paperwork I handed them last week.
dispatcher-breach-privacy,dispatcher shared my info without consent|dispatcher forwarded my email|dispatcher posted my photo without asking|screenshot of our chat shared by dispatcher|shared my info without consent|forwarded my email|posted my photo without asking,confused|uncertain|anxious|unsettled,privacy|autonomy|respect|safety,dispatcher posted a screenshot of our chat in a group without asking.
dispatcher-public-criticism,dispatcher criticized me in public|dispatcher called me out in front of others|dispatcher pointed out my mistake loudly|criticized me in public|called me out in front of others|pointed out my mistake loudly,embarrassed|hurt|anxious|lonely,respect|to-be-heard|consideration|honor,dispatcher highlighted my mistake during the meeting while others watched.
dispatcher-credit-taken,dispatcher took credit for my work|dispatcher presented my work as theirs|dispatcher left my name off|took credit for my work|presented my work as theirs|left my name off,jealous|hurt|angry|anxious,acknowledgement|recognition|fairness|respect,My contribution was presented by dispatcher without my name mentioned.
dispatcher-deadline-moved-earlier,deadline moved up by dispatcher|due date pulled earlier by dispatcher|asked for delivery sooner than agreed by dispatcher,overwhelmed|pressured|tired|anxious,support|do-things-at-my-own-pace-and-in-my-own-way|consideration|rest,The due date was moved from Friday to Wednesday without checking my capacity.
dispatcher-muted-or-removed,dispatcher muted me|dispatcher removed me from the call|dispatcher kicked me from the channel|muted me|removed me from the call|kicked me from the channel,embarrassed|hurt|anxious|lonely,respect|autonomy|consideration|to-be-heard,dispatcher muted me while I was speaking.
dispatcher-meeting-started-without-me,meeting started early|decisions made before I joined|dispatcher began before scheduled time|began before scheduled time,confused|uncertain|anxious|unsettled,consideration|inclusion|predictability|respect,"When I joined at the scheduled time, they were already on agenda item two."
dispatcher-form-closed-early,form closed early|submission window ended early|link closed before deadline,confused|uncertain|anxious|unsettled,fairness|clarity|respect|predictability,The application portal closed hours before the stated deadline.
dispatcher-appointment-canceled-last-minute,appointment canceled last minute by dispatcher|canceled same day|backed out with short notice,hurt|sad|lonely|anxious,reliability|support|consideration|security,dispatcher canceled 30 minutes before the appointment.
dispatcher-name-misspelled-after-correction,kept misspelling my name|used the wrong name after I corrected it|name still wrong in records,hurt|sad|lonely|anxious,respect|honor|to-be-seen|belonging,"After I corrected them, dispatcher kept spelling my name wrong."
dispatcher-conditional-invite,invited only if .*|'you can come if' from dispatcher|included conditionally in plans,hurt|sad|lonely|anxious,belonging|inclusion|to-be-seen|respect,dispatcher said I could come only if I handled the driving.
dispatcher-backhanded-compliment,dispatcher gave a backhanded compliment|'for someone like you' comment from dispatcher|compliment with a dig|gave a backhanded compliment,embarrassed|hurt|anxious|lonely,respect|to-be-heard|consideration|honor,"dispatcher said, 'You're articulate for someone so young.'"
dispatcher-gaslight-phrases,dispatcher said 'that's not what happened' after I described it|dispatcher said I'm imagining things|'you're crazy' from dispatcher|said 'that's not what happened' after I described it|said I'm imagining things,confused|uncertain|anxious|unsettled,understanding|honesty|trust|respect,"After I described the email, dispatcher said it never happened."
dispatcher-omitted-context,dispatcher left out key info|dispatcher didn't share the requirement|dispatcher omitted the deadline|left out key info|didn't share the requirement|omitted the deadline,confused|uncertain|anxious|unsettled,clarity|honesty|support|fairness,I learned the requirement only after the submission closed.
dispatcher-policy-enforced-selectively,rule applied to me not others|selective enforcement by dispatcher|inconsistent policy enforcement,frustrated|pressured|tired|resentful,justice|fairness|respect|acknowledgement,Others got exceptions that I was denied.
dispatcher-moderation-removed-no-reason,dispatcher removed my post without reason|thread locked by dispatcher|comment deleted without explanation|removed my post without reason,silenced|frustrated|lonely|powerless,participation|to-be-heard|consideration|mutuality,A moderator removed my post without any reason.
dispatcher-algorithm-shadowban,my posts get no views|content hidden without notice|no one can see my posts,confused|uncertain|anxious|unsettled,clarity|predictability|justice|respect,My post views dropped to zero with no explanation.
dispatcher-accessibility-gap,no captions provided|slides not accessible|no ramp available at venue,excluded|anxious|discouraged|frustrated,access|inclusion|respect|support,The webinar had no captions despite prior requests.
dispatcher-parking-issue,parking spot taken despite permit|assigned spot occupied|blocked my car,frustrated|pressured|tired|resentful,fairness|clarity|respect|predictability,My assigned spot was taken and no alternative was offered.
dispatcher-noise-violation-night,loud noise during quiet hours|party past quiet hours|music kept me up,overwhelmed|pressured|tired|anxious,rest|consideration|peace|respect,Music played loudly past midnight through the shared wall.
dispatcher-thermostat-changed,thermostat changed without asking|temperature changed without checking|ac set very cold without asking,frustrated|pressured|tired|resentful,comfort|consideration|communication|respect,The thermostat was turned down while I was still working.
dispatcher-paperwork-lost-agency,agency lost my documents|office misplaced my file|documents missing after submission,frustrated|pressured|tired|resentful,clarity|responsibility|acknowledgement|support,The office couldn't find the forms I submitted last month.
dispatcher-immigration-appointment-changed,appointment rescheduled without notice|time changed after I confirmed|new date assigned without asking,anxious|tense|worried|uneasy,predictability|consideration|respect|clarity,The appointment was moved to a weekday morning without checking my availability.
dispatcher-bank-fee-added,unexpected bank fee|maintenance fee added|account charged without explanation,confused|uncertain|anxious|unsettled,clarity|fairness|trust|honesty,A fee appeared on my account with no explanation.
dispatcher-customer-service-loop,stuck in automated loop|can't reach a person|support bot replies only,frustrated|pressured|tired|resentful,support|access|clarity|consideration,The support line kept sending automated messages without connecting me to a person.
dispatcher-safety-ignored,ignored safety protocol|didn't wear required gear|skipped the safety step,alarmed|scared|tense|anxious,safety|predictability|trust|care,dispatcher began the procedure without wearing the required gloves.
dispatcher-appointment-overbooked,double-booked my slot|two appointments at same time|overbooked schedule,anxious|tense|worried|uneasy,order|predictability|consideration|respect,Two appointments were booked at the same time for me.
dispatcher-refused-accommodation,refused accommodation request|declined interpreter|didn't allow extra time,excluded|tense|anxious|frustrated,access|inclusion|respect|support,My request for captions was declined without alternatives.
dispatcher-returned-item-denied,return denied without reason|store refused my return|policy not posted but used,confused|uncertain|anxious|unsettled,fairness|clarity|respect|predictability,The return was denied and no policy was shown.
dispatcher-room-entered-without-consent,entered my room without knocking|opened my door without asking|came in unannounced,alarmed|scared|tense|anxious,space|privacy|safety|respect,dispatcher opened my door and stepped in without knocking.
dispatcher-belongings-moved,moved my things without asking|rearranged my desk|tidied my items without checking,frustrated|pressured|tired|resentful,autonomy|space|respect|consideration,My labeled folders were moved to a cabinet.
dispatcher-back-to-back-meetings,scheduled meetings back to back|no breaks between calls|stacked calendar without space,overwhelmed|pressured|tired|anxious,support|do-things-at-my-own-pace-and-in-my-own-way|consideration|rest,Three meetings were booked with no buffer in between.
dispatcher-i-feel-like-phrasing,I feel like they ignored me|I feel like no one cares|I feel like they did this on purpose,hurt|sad|lonely|anxious,to-be-heard|acknowledgement|understanding|connection,I feel like no one cared about my message today.
dispatcher-because-clause,they left because I spoke up|they changed plans because of me|they did it because I said no,hurt|sad|lonely|anxious,to-be-heard|respect|mutuality|understanding,"They left right after I spoke up, saying it was because I challenged the idea."
dispatcher-after-clause,"after I shared, no response|after I asked, they went silent|after I arrived, the plan changed",confused|uncertain|anxious|unsettled,clarity|respect|consideration|predictability,"After I asked a question, they went silent."
dispatcher-comparison-better-than,"compared me to someone else|'unlike X, you' from dispatcher|said others do it better",hurt|sad|lonely|anxious,to-be-seen|fairness|acknowledgement|respect,dispatcher said someone else handles it better than me.
dispatcher-apology-missing,no apology after mistake|never apologized|didn't say sorry,hurt|sad|lonely|anxious,accountability|repair|respect|honesty,"After the mistake, there was no apology from dispatcher."
agent-ignored-message,agent ignored my message|agent left me on read|agent did not reply|seen .* no reply from agent|I feel like agent ignored me|ignored my message|left me on read|did not reply|I feel like ignored me,hurt|sad|lonely|anxious,to-be-seen|connection|belonging|consideration,I sent two messages to agent and saw 'seen' with no reply for 48 hours.
agent-changed-plan-without-asking,agent changed the plan without asking|agent decided for me|agent made plans without me|agent told me I had to|changed the plan without asking|decided for me|made plans without me|told me I had to,frustrated|pressured|tired|resentful,autonomy|choice|freedom|mutuality,agent changed the plan and told me what I'd be doing without checking.
agent-overcharged,charged .* extra at checkout|price higher than quoted by agent|fee added after total|tip changed after payment,confused|uncertain|anxious|unsettled,clarity|fairness|trust|honesty,The final bill from agent included a fee that wasn't in the quote.
agent-lost-item,lost my .*|my .* was misplaced|agent can't find my paperwork|agent lost my paperwork|can't find my paperwork|lost my paperwork,frustrated|pressured|tired|resentful,care|clarity|acknowledgement|responsibility,agent couldn't find the paperwork I handed them last week.
agent-breach-privacy,agent shared my info without consent|agent forwarded my email|agent posted my photo without asking|screenshot of our chat shared by agent|shared my info without consent|forwarded my email|posted my photo without asking,confused|uncertain|anxious|unsettled,privacy|autonomy|respect|safety,agent posted a screenshot of our chat in a group without asking.
agent-public-criticism,agent criticized me in public|agent called me out in front of others|agent pointed out my mistake loudly|criticized me in public|called me out in front of others|pointed out my mistake loudly,embarrassed|hurt|anxious|lonely,respect|to-be-heard|consideration|honor,agent highlighted my mistake during the meeting while others watched.
agent-credit-taken,agent took credit for my work|agent presented my work as theirs|agent left my name off|took credit for my work|presented my work as theirs|left my name off,jealous|hurt|angry|anxious,acknowledgement|recognition|fairness|respect,My contribution was presented by agent without my name mentioned.
agent-deadline-moved-earlier,deadline moved up by agent|due date pulled earlier by agent|asked for delivery sooner than agreed by agent,overwhelmed|pressured|tired|anxious,support|do-things-at-my-own-pace-and-in-my-own-way|consideration|rest,The due date was moved from Friday to Wednesday without checking my capacity.
agent-muted-or-removed,agent muted me|agent removed me from the call|agent kicked me from the channel|muted me|removed me from the call|kicked me from the channel,embarrassed|hurt|anxious|lonely,respect|autonomy|consideration|to-be-heard,agent muted me while I was speaking.
agent-meeting-started-without-me,meeting started early|decisions made before I joined|agent began before scheduled time|began before scheduled time,confused|uncertain|anxious|unsettled,consideration|inclusion|predictability|respect,"When I joined at the scheduled time, they were already on agenda item two."
agent-form-closed-early,form closed early|submission window ended early|link closed before deadline,confused|uncertain|anxious|unsettled,fairness|clarity|respect|predictability,The application portal closed hours before the stated deadline.
agent-appointment-canceled-last-minute,appointment canceled last minute by agent|canceled same day|backed out with short notice,hurt|sad|lonely|anxious,reliability|support|consideration|security,agent canceled 30 minutes before the appointment.
agent-name-misspelled-after-correction,kept misspelling my name|used the wrong name after I corrected it|name still wrong in records,hurt|sad|lonely|anxious,respect|honor|to-be-seen|belonging,"After I corrected them, agent kept spelling my name wrong."
agent-conditional-invite,invited only if .*|'you can come if' from agent|included conditionally in plans,hurt|sad|lonely|anxious,belonging|inclusion|to-be-seen|respect,agent said I could come only if I handled the driving.
agent-backhanded-compliment,agent gave a backhanded compliment|'for someone like you' comment from agent|compliment with a dig|gave a backhanded compliment,embarrassed|hurt|anxious|lonely,respect|to-be-heard|consideration|honor,"agent said, 'You're articulate for someone so young.'"
agent-gaslight-phrases,agent said 'that's not what happened' after I described it|agent said I'm imagining things|'you're crazy' from agent|said 'that's not what happened' after I described it|said I'm imagining things,confused|uncertain|anxious|unsettled,understanding|honesty|trust|respect,"After I described the email, agent said it never happened."
agent-omitted-context,agent left out key info|agent didn't share the requirement|agent omitted the deadline|left out key info|didn't share the requirement|omitted the deadline,confused|uncertain|anxious|unsettled,clarity|honesty|support|fairness,I learned the requirement only after the submission closed.
agent-policy-enforced-selectively,rule applied to me not others|selective enforcement by agent|inconsistent policy enforcement,frustrated|pressured|tired|resentful,justice|fairness|respect|acknowledgement,Others got exceptions that I was denied.
agent-moderation-removed-no-reason,agent removed my post without reason|thread locked by agent|comment deleted without explanation|removed my post without reason,silenced|frustrated|lonely|powerless,participation|to-be-heard|consideration|mutuality,A moderator removed my post without any reason.
agent-algorithm-shadowban,my posts get no views|content hidden without notice|no one can see my posts,confused|uncertain|anxious|unsettled,clarity|predictability|justice|respect,My post views dropped to zero with no explanation.
agent-accessibility-gap,no captions provided|slides not accessible|no ramp available at venue,excluded|anxious|discouraged|frustrated,access|inclusion|respect|support,The webinar had no captions despite prior requests.
agent-parking-issue,parking spot taken despite permit|assigned spot occupied|blocked my car,frustrated|pressured|tired|resentful,fairness|clarity|respect|predictability,My assigned spot was taken and no alternative was offered.
agent-noise-violation-night,loud noise during quiet hours|party past quiet hours|music kept me up,overwhelmed|pressured|tired|anxious,rest|consideration|peace|respect,Music played loudly past midnight through the shared wall.
agent-thermostat-changed,thermostat changed without asking|temperature changed without checking|ac set very cold without asking,frustrated|pressured|tired|resentful,comfort|consideration|communication|respect,The thermostat was turned down while I was still working.
agent-paperwork-lost-agency,agency lost my documents|office misplaced my file|documents missing after submission,frustrated|pressured|tired|resentful,clarity|responsibility|acknowledgement|support,The office couldn't find the forms I submitted last month.
agent-immigration-appointment-changed,appointment rescheduled without notice|time changed after I confirmed|new date assigned without asking,anxious|tense|worried|uneasy,predictability|consideration|respect|clarity,The appointment was moved to a weekday morning without checking my availability.
agent-bank-fee-added,unexpected bank fee|maintenance fee added|account charged without explanation,confused|uncertain|anxious|unsettled,clarity|fairness|trust|honesty,A fee appeared on my account with no explanation.
agent-customer-service-loop,stuck in automated loop|can't reach a person|support bot replies only,frustrated|pressured|tired|resentful,support|access|clarity|consideration,The support line kept sending automated messages without connecting me to a person.
agent-safety-ignored,ignored safety protocol|didn't wear required gear|skipped the safety step,alarmed|scared|tense|anxious,safety|predictability|trust|care,agent began the procedure without wearing the required gloves.
agent-appointment-overbooked,double-booked my slot|two appointments at same time|overbooked schedule,anxious|tense|worried|uneasy,order|predictability|consideration|respect,Two appointments were booked at the same time for me.
agent-refused-accommodation,refused accommodation request|declined interpreter|didn't allow extra time,excluded|tense|anxious|frustrated,access|inclusion|respect|support,My request for captions was declined without alternatives.
agent-returned-item-denied,return denied without reason|store refused my return|policy not posted but used,confused|uncertain|anxious|unsettled,fairness|clarity|respect|predictability,The return was denied and no policy was shown.
agent-room-entered-without-consent,entered my room without knocking|opened my door without asking|came in unannounced,alarmed|scared|tense|anxious,space|privacy|safety|respect,agent opened my door and stepped in without knocking.
agent-belongings-moved,moved my things without asking|rearranged my desk|tidied my items without checking,frustrated|pressured|tired|resentful,autonomy|space|respect|consideration,My labeled folders were moved to a cabinet.
agent-back-to-back-meetings,scheduled meetings back to back|no breaks between calls|stacked calendar without space,overwhelmed|pressured|tired|anxious,support|do-things-at-my-own-pace-and-in-my-own-way|consideration|rest,Three meetings were booked with no buffer in between.
agent-i-feel-like-phrasing,I feel like they ignored me|I feel like no one cares|I feel like they did this on purpose,hurt|sad|lonely|anxious,to-be-heard|acknowledgement|understanding|connection,I feel like no one cared about my message today.
agent-because-clause,they left because I spoke up|they changed plans because of me|they did it because I said no,hurt|sad|lonely|anxious,to-be-heard|respect|mutuality|understanding,"They left right after I spoke up, saying it was because I challenged the idea."
agent-after-clause,"after I shared, no response|after I asked, they went silent|after I arrived, the plan changed",confused|uncertain|anxious|unsettled,clarity|respect|consideration|predictability,"After I asked a question, they went silent."
agent-comparison-better-than,"compared me to someone else|'unlike X, you' from agent|said others do it better",hurt|sad|lonely|anxious,to-be-seen|fairness|acknowledgement|respect,agent said someone else handles it better than me.
agent-apology-missing,no apology after mistake|never apologized|didn't say sorry,hurt|sad|lonely|anxious,accountability|repair|respect|honesty,"After the mistake, there was no apology from agent."
moderator-ignored-message,moderator ignored my message|moderator left me on read|moderator did not reply|seen .* no reply from moderator|I feel like moderator ignored me|ignored my message|left me on read|did not reply|I feel like ignored me,hurt|sad|lonely|anxious,to-be-seen|connection|belonging|consideration,I sent two messages to moderator and saw 'seen' with no reply for 48 hours.
moderator-changed-plan-without-asking,moderator changed the plan without asking|moderator decided for me|moderator made plans without me|moderator told me I had to|changed the plan without asking|decided for me|made plans without me|told me I had to,frustrated|pressured|tired|resentful,autonomy|choice|freedom|mutuality,moderator changed the plan and told me what I'd be doing without checking.
moderator-overcharged,charged .* extra at checkout|price higher than quoted by moderator|fee added after total|tip changed after payment,confused|uncertain|anxious|unsettled,clarity|fairness|trust|honesty,The final bill from moderator included a fee that wasn't in the quote.
moderator-lost-item,lost my .*|my .* was misplaced|moderator can't find my paperwork|moderator lost my paperwork|can't find my paperwork|lost my paperwork,frustrated|pressured|tired|resentful,care|clarity|acknowledgement|responsibility,moderator couldn't find the paperwork I handed them last week.
moderator-breach-privacy,moderator shared my info without consent|moderator forwarded my email|moderator posted my photo without asking|screenshot of our chat shared by moderator|shared my info without consent|forwarded my email|posted my photo without asking,confused|uncertain|anxious|unsettled,privacy|autonomy|respect|safety,moderator posted a screenshot of our chat in a group without asking.
moderator-public-criticism,moderator criticized me in public|moderator called me out in front of others|moderator pointed out my mistake loudly|criticized me in public|called me out in front of others|pointed out my mistake loudly,embarrassed|hurt|anxious|lonely,respect|to-be-heard|consideration|honor,moderator highlighted my mistake during the meeting while others watched.
moderator-credit-taken,moderator took credit for my work|moderator presented my work as theirs|moderator left my name off|took credit for my work|presented my work as theirs|left my name off,jealous|hurt|angry|anxious,acknowledgement|recognition|fairness|respect,My contribution was presented by moderator without my name mentioned.
moderator-deadline-moved-earlier,deadline moved up by moderator|due date pulled earlier by moderator|asked for delivery sooner than agreed by moderator,overwhelmed|pressured|tired|anxious,support|do-things-at-my-own-pace-and-in-my-own-way|consideration|rest,The due date was moved from Friday to Wednesday without checking my capacity.
moderator-muted-or-removed,moderator muted me|moderator removed me from the call|moderator kicked me from the channel|muted me|removed me from the call|kicked me from the channel,embarrassed|hurt|anxious|lonely,respect|autonomy|consideration|to-be-heard,moderator muted me while I was speaking.
moderator-meeting-started-without-me,meeting started early|decisions made before I joined|moderator began before scheduled time|began before scheduled time,confused|uncertain|anxious|unsettled,consideration|inclusion|predictability|respect,"When I joined at the scheduled time, they were already on agenda item two."
moderator-form-closed-early,form closed early|submission window ended early|link closed before deadline,confused|uncertain|anxious|unsettled,fairness|clarity|respect|predictability,The application portal closed hours before the stated deadline.
moderator-appointment-canceled-last-minute,appointment canceled last minute by moderator|canceled same day|backed out with short notice,hurt|sad|lonely|anxious,reliability|support|consideration|security,moderator canceled 30 minutes before the appointment.
moderator-name-misspelled-after-correction,kept misspelling my name|used the wrong name after I corrected it|name still wrong in records,hurt|sad|lonely|anxious,respect|honor|to-be-seen|belonging,"After I corrected them, moderator kept spelling my name wrong."
moderator-conditional-invite,invited only if .*|'you can come if' from moderator|included conditionally in plans,hurt|sad|lonely|anxious,belonging|inclusion|to-be-seen|respect,moderator said I could come only if I handled the driving.
moderator-backhanded-compliment,moderator gave a backhanded compliment|'for someone like you' comment from moderator|compliment with a dig|gave a backhanded compliment,embarrassed|hurt|anxious|lonely,respect|to-be-heard|consideration|honor,"moderator said, 'You're articulate for someone so young.'"
moderator-gaslight-phrases,moderator said 'that's not what happened' after I described it|moderator said I'm imagining things|'you're crazy' from moderator|said 'that's not what happened' after I described it|said I'm imagining things,confused|uncertain|anxious|unsettled,understanding|honesty|trust|respect,"After I described the email, moderator said it never happened."
moderator-omitted-context,moderator left out key info|moderator didn't share the requirement|moderator omitted the deadline|left out key info|didn't share the requirement|omitted the deadline,confused|uncertain|anxious|unsettled,clarity|honesty|support|fairness,I learned the requirement only after the submission closed.
moderator-policy-enforced-selectively,rule applied to me not others|selective enforcement by moderator|inconsistent policy enforcement,frustrated|pressured|tired|resentful,justice|fairness|respect|acknowledgement,Others got exceptions that I was denied.
moderator-moderation-removed-no-reason,moderator removed my post without reason|thread locked by moderator|comment deleted without explanation|removed my post without reason,silenced|frustrated|lonely|powerless,participation|to-be-heard|consideration|mutuality,A moderator removed my post without any reason.
moderator-algorithm-shadowban,my posts get no views|content hidden without notice|no one can see my posts,confused|uncertain|anxious|unsettled,clarity|predictability|justice|respect,My post views dropped to zero with no explanation.
moderator-accessibility-gap,no captions provided|slides not accessible|no ramp available at venue,excluded|anxious|discouraged|frustrated,access|inclusion|respect|support,The webinar had no captions despite prior requests.
moderator-parking-issue,parking spot taken despite permit|assigned spot occupied|blocked my car,frustrated|pressured|tired|resentful,fairness|clarity|respect|predictability,My assigned spot was taken and no alternative was offered.
moderator-noise-violation-night,loud noise during quiet hours|party past quiet hours|music kept me up,overwhelmed|pressured|tired|anxious,rest|consideration|peace|respect,Music played loudly past midnight through the shared wall.
moderator-thermostat-changed,thermostat changed without asking|temperature changed without checking|ac set very cold without asking,frustrated|pressured|tired|resentful,comfort|consideration|communication|respect,The thermostat was turned down while I was still working.
moderator-paperwork-lost-agency,agency lost my documents|office misplaced my file|documents missing after submission,frustrated|pressured|tired|resentful,clarity|responsibility|acknowledgement|support,The office couldn't find the forms I submitted last month.
moderator-immigration-appointment-changed,appointment rescheduled without notice|time changed after I confirmed|new date assigned without asking,anxious|tense|worried|uneasy,predictability|consideration|respect|clarity,The appointment was moved to a weekday morning without checking my availability.
moderator-bank-fee-added,unexpected bank fee|maintenance fee added|account charged without explanation,confused|uncertain|anxious|unsettled,clarity|fairness|trust|honesty,A fee appeared on my account with no explanation.
moderator-customer-service-loop,stuck in automated loop|can't reach a person|support bot replies only,frustrated|pressured|tired|resentful,support|access|clarity|consideration,The support line kept sending automated messages without connecting me to a person.
moderator-safety-ignored,ignored safety protocol|didn't wear required gear|skipped the safety step,alarmed|scared|tense|anxious,safety|predictability|trust|care,moderator began the procedure without wearing the required gloves.
moderator-appointment-overbooked,double-booked my slot|two appointments at same time|overbooked schedule,anxious|tense|worried|uneasy,order|predictability|consideration|respect,Two appointments were booked at the same time for me.
moderator-refused-accommodation,refused accommodation request|declined interpreter|didn't allow extra time,excluded|tense|anxious|frustrated,access|inclusion|respect|support,My request for captions was declined without alternatives.
moderator-returned-item-denied,return denied without reason|store refused my return|policy not posted but used,confused|uncertain|anxious|unsettled,fairness|clarity|respect|predictability,The return was denied and no policy was shown.
moderator-room-entered-without-consent,entered my room without knocking|opened my door without asking|came in unannounced,alarmed|scared|tense|anxious,space|privacy|safety|respect,moderator opened my door and stepped in without knocking.
moderator-belongings-moved,moved my things without asking|rearranged my desk|tidied my items without checking,frustrated|pressured|tired|resentful,autonomy|space|respect|consideration,My labeled folders were moved to a cabinet.
moderator-back-to-back-meetings,scheduled meetings back to back|no breaks between calls|stacked calendar without space,overwhelmed|pressured|tired|anxious,support|do-things-at-my-own-pace-and-in-my-own-way|consideration|rest,Three meetings were booked with no buffer in between.
moderator-i-feel-like-phrasing,I feel like they ignored me|I feel like no one cares|I feel like they did this on purpose,hurt|sad|lonely|anxious,to-be-heard|acknowledgement|understanding|connection,I feel like no one cared about my message today.
moderator-because-clause,they left because I spoke up|they changed plans because of me|they did it because I said no,hurt|sad|lonely|anxious,to-be-heard|respect|mutuality|understanding,"They left right after I spoke up, saying it was because I challenged the idea."
moderator-after-clause,"after I shared, no response|after I asked, they went silent|after I arrived, the plan changed",confused|uncertain|anxious|unsettled,clarity|respect|consideration|predictability,"After I asked a question, they went silent."
moderator-comparison-better-than,"compared me to someone else|'unlike X, you' from moderator|said others do it better",hurt|sad|lonely|anxious,to-be-seen|fairness|acknowledgement|respect,moderator said someone else handles it better than me.
moderator-apology-missing,no apology after mistake|never apologized|didn't say sorry,hurt|sad|lonely|anxious,accountability|repair|respect|honesty,"After the mistake, there was no apology from moderator."
admin-ignored-message,admin ignored my message|admin left me on read|admin did not reply|seen .* no reply from admin|I feel like admin ignored me|ignored my message|left me on read|did not reply|I feel like ignored me,hurt|sad|lonely|anxious,to-be-seen|connection|belonging|consideration,I sent two messages to admin and saw 'seen' with no reply for 48 hours.
admin-changed-plan-without-asking,admin changed the plan without asking|admin decided for me|admin made plans without me|admin told me I had to|changed the plan without asking|decided for me|made plans without me|told me I had to,frustrated|pressured|tired|resentful,autonomy|choice|freedom|mutuality,admin changed the plan and told me what I'd be doing without checking.
admin-overcharged,charged .* extra at checkout|price higher than quoted by admin|fee added after total|tip changed after payment,confused|uncertain|anxious|unsettled,clarity|fairness|trust|honesty,The final bill from admin included a fee that wasn't in the quote.
admin-lost-item,lost my .*|my .* was misplaced|admin can't find my paperwork|admin lost my paperwork|can't find my paperwork|lost my paperwork,frustrated|pressured|tired|resentful,care|clarity|acknowledgement|responsibility,admin couldn't find the paperwork I handed them last week.
admin-breach-privacy,admin shared my info without consent|admin forwarded my email|admin posted my photo without asking|screenshot of our chat shared by admin|shared my info without consent|forwarded my email|posted my photo without asking,confused|uncertain|anxious|unsettled,privacy|autonomy|respect|safety,admin posted a screenshot of our chat in a group without asking.
admin-public-criticism,admin criticized me in public|admin called me out in front of others|admin pointed out my mistake loudly|criticized me in public|called me out in front of others|pointed out my mistake loudly,embarrassed|hurt|anxious|lonely,respect|to-be-heard|consideration|honor,admin highlighted my mistake during the meeting while others watched.
admin-credit-taken,admin took credit for my work|admin presented my work as theirs|admin left my name off|took credit for my work|presented my work as theirs|left my name off,jealous|hurt|angry|anxious,acknowledgement|recognition|fairness|respect,My contribution was presented by admin without my name mentioned.
admin-deadline-moved-earlier,deadline moved up by admin|due date pulled earlier by admin|asked for delivery sooner than agreed by admin,overwhelmed|pressured|tired|anxious,support|do-things-at-my-own-pace-and-in-my-own-way|consideration|rest,The due date was moved from Friday to Wednesday without checking my capacity.
admin-muted-or-removed,admin muted me|admin removed me from the call|admin kicked me from the channel|muted me|removed me from the call|kicked me from the channel,embarrassed|hurt|anxious|lonely,respect|autonomy|consideration|to-be-heard,admin muted me while I was speaking.
admin-meeting-started-without-me,meeting started early|decisions made before I joined|admin began before scheduled time|began before scheduled time,confused|uncertain|anxious|unsettled,consideration|inclusion|predictability|respect,"When I joined at the scheduled time, they were already on agenda item two."
admin-form-closed-early,form closed early|submission window ended early|link closed before deadline,confused|uncertain|anxious|unsettled,fairness|clarity|respect|predictability,The application portal closed hours before the stated deadline.
admin-appointment-canceled-last-minute,appointment canceled last minute by admin|canceled same day|backed out with short notice,hurt|sad|lonely|anxious,reliability|support|consideration|security,admin canceled 30 minutes before the appointment.
admin-name-misspelled-after-correction,kept misspelling my name|used the wrong name after I corrected it|name still wrong in records,hurt|sad|lonely|anxious,respect|honor|to-be-seen|belonging,"After I corrected them, admin kept spelling my name wrong."
admin-conditional-invite,invited only if .*|'you can come if' from admin|included conditionally in plans,hurt|sad|lonely|anxious,belonging|inclusion|to-be-seen|respect,admin said I could come only if I handled the driving.
admin-backhanded-compliment,admin gave a backhanded compliment|'for someone like you' comment from admin|compliment with a dig|gave a backhanded compliment,embarrassed|hurt|anxious|lonely,respect|to-be-heard|consideration|honor,"admin said, 'You're articulate for someone so young.'"
admin-gaslight-phrases,admin said 'that's not what happened' after I described it|admin said I'm imagining things|'you're crazy' from admin|said 'that's not what happened' after I described it|said I'm imagining things,confused|uncertain|anxious|unsettled,understanding|honesty|trust|respect,"After I described the email, admin said it never happened."
admin-omitted-context,admin left out key info|admin didn't share the requirement|admin omitted the deadline|left out key info|didn't share the requirement|omitted the deadline,confused|uncertain|anxious|unsettled,clarity|honesty|support|fairness,I learned the requirement only after the submission closed.
admin-policy-enforced-selectively,rule applied to me not others|selective enforcement by admin|inconsistent policy enforcement,frustrated|pressured|tired|resentful,justice|fairness|respect|acknowledgement,Others got exceptions that I was denied.
admin-moderation-removed-no-reason,admin removed my post without reason|thread locked by admin|comment deleted without explanation|removed my post without reason,silenced|frustrated|lonely|powerless,participation|to-be-heard|consideration|mutuality,A moderator removed my post without any reason.
admin-algorithm-shadowban,my posts get no views|content hidden without notice|no one can see my posts,confused|uncertain|anxious|unsettled,clarity|predictability|justice|respect,My post views dropped to zero with no explanation.
admin-accessibility-gap,no captions provided|slides not accessible|no ramp available at venue,excluded|anxious|discouraged|frustrated,access|inclusion|respect|support,The webinar had no captions despite prior requests.
admin-parking-issue,parking spot taken despite permit|assigned spot occupied|blocked my car,frustrated|pressured|tired|resentful,fairness|clarity|respect|predictability,My assigned spot was taken and no alternative was offered.
admin-noise-violation-night,loud noise during quiet hours|party past quiet hours|music kept me up,overwhelmed|pressured|tired|anxious,rest|consideration|peace|respect,Music played loudly past midnight through the shared wall.
admin-thermostat-changed,thermostat changed without asking|temperature changed without checking|ac set very cold without asking,frustrated|pressured|tired|resentful,comfort|consideration|communication|respect,The thermostat was turned down while I was still working.
admin-paperwork-lost-agency,agency lost my documents|office misplaced my file|documents missing after submission,frustrated|pressured|tired|resentful,clarity|responsibility|acknowledgement|support,The office couldn't find the forms I submitted last month.
admin-immigration-appointment-changed,appointment rescheduled without notice|time changed after I confirmed|new date assigned without asking,anxious|tense|worried|uneasy,predictability|consideration|respect|clarity,The appointment was moved to a weekday morning without checking my availability.
admin-bank-fee-added,unexpected bank fee|maintenance fee added|account charged without explanation,confused|uncertain|anxious|unsettled,clarity|fairness|trust|honesty,A fee appeared on my account with no explanation.
admin-customer-service-loop,stuck in automated loop|can't reach a person|support bot replies only,frustrated|pressured|tired|resentful,support|access|clarity|consideration,The support line kept sending automated messages without connecting me to a person.
admin-safety-ignored,ignored safety protocol|didn't wear required gear|skipped the safety step,alarmed|scared|tense|anxious,safety|predictability|trust|care,admin began the procedure without wearing the required gloves.
admin-appointment-overbooked,double-booked my slot|two appointments at same time|overbooked schedule,anxious|tense|worried|uneasy,order|predictability|consideration|respect,Two appointments were booked at the same time for me.
admin-refused-accommodation,refused accommodation request|declined interpreter|didn't allow extra time,excluded|tense|anxious|frustrated,access|inclusion|respect|support,My request for captions was declined without alternatives.
admin-returned-item-denied,return denied without reason|store refused my return|policy not posted but used,confused|uncertain|anxious|unsettled,fairness|clarity|respect|predictability,The return was denied and no policy was shown.
admin-room-entered-without-consent,entered my room without knocking|opened my door without asking|came in unannounced,alarmed|scared|tense|anxious,space|privacy|safety|respect,admin opened my door and stepped in without knocking.
admin-belongings-moved,moved my things without asking|rearranged my desk|tidied my items without checking,frustrated|pressured|tired|resentful,autonomy|space|respect|consideration,My labeled folders were moved to a cabinet.
admin-back-to-back-meetings,scheduled meetings back to back|no breaks between calls|stacked calendar without space,overwhelmed|pressured|tired|anxious,support|do-things-at-my-own-pace-and-in-my-own-way|consideration|rest,Three meetings were booked with no buffer in between.
admin-i-feel-like-phrasing,I feel like they ignored me|I feel like no one cares|I feel like they did this on purpose,hurt|sad|lonely|anxious,to-be-heard|acknowledgement|understanding|connection,I feel like no one cared about my message today.
admin-because-clause,they left because I spoke up|they changed plans because of me|they did it because I said no,hurt|sad|lonely|anxious,to-be-heard|respect|mutuality|understanding,"They left right after I spoke up, saying it was because I challenged the idea."
admin-after-clause,"after I shared, no response|after I asked, they went silent|after I arrived, the plan changed",confused|uncertain|anxious|unsettled,clarity|respect|consideration|predictability,"After I asked a question, they went silent."
admin-comparison-better-than,"compared me to someone else|'unlike X, you' from admin|said others do it better",hurt|sad|lonely|anxious,to-be-seen|fairness|acknowledgement|respect,admin said someone else handles it better than me.
admin-apology-missing,no apology after mistake|never apologized|didn't say sorry,hurt|sad|lonely|anxious,accountability|repair|respect|honesty,"After the mistake, there was no apology from admin."
security-ignored-message,security ignored my message|security left me on read|security did not reply|seen .* no reply from security|I feel like security ignored me|ignored my message|left me on read|did not reply|I feel like ignored me,hurt|sad|lonely|anxious,to-be-seen|connection|belonging|consideration,I sent two messages to security and saw 'seen' with no reply for 48 hours.
security-changed-plan-without-asking,security changed the plan without asking|security decided for me|security made plans without me|security told me I had to|changed the plan without asking|decided for me|made plans without me|told me I had to,frustrated|pressured|tired|resentful,autonomy|choice|freedom|mutuality,security changed the plan and told me what I'd be doing without checking.
security-overcharged,charged .* extra at checkout|price higher than quoted by security|fee added after total|tip changed after payment,confused|uncertain|anxious|unsettled,clarity|fairness|trust|honesty,The final bill from security included a fee that wasn't in the quote.
security-lost-item,lost my .*|my .* was misplaced|security can't find my paperwork|security lost my paperwork|can't find my paperwork|lost my paperwork,frustrated|pressured|tired|resentful,care|clarity|acknowledgement|responsibility,security couldn't find the paperwork I handed them last week.
security-breach-privacy,security shared my info without consent|security forwarded my email|security posted my photo without asking|screenshot of our chat shared by security|shared my info without consent|forwarded my email|posted my photo without asking,confused|uncertain|anxious|unsettled,privacy|autonomy|respect|safety,security posted a screenshot of our chat in a group without asking.
security-public-criticism,security criticized me in public|security called me out in front of others|security pointed out my mistake loudly|criticized me in public|called me out in front of others|pointed out my mistake loudly,embarrassed|hurt|anxious|lonely,respect|to-be-heard|consideration|honor,security highlighted my mistake during the meeting while others watched.
security-credit-taken,security took credit for my work|security presented my work as theirs|security left my name off|took credit for my work|presented my work as theirs|left my name off,jealous|hurt|angry|anxious,acknowledgement|recognition|fairness|respect,My contribution was presented by security without my name mentioned.
security-deadline-moved-earlier,deadline moved up by security|due date pulled earlier by security|asked for delivery sooner than agreed by security,overwhelmed|pressured|tired|anxious,support|do-things-at-my-own-pace-and-in-my-own-way|consideration|rest,The due date was moved from Friday to Wednesday without checking my capacity.
security-muted-or-removed,security muted me|security removed me from the call|security kicked me from the channel|muted me|removed me from the call|kicked me from the channel,embarrassed|hurt|anxious|lonely,respect|autonomy|consideration|to-be-heard,security muted me while I was speaking.
security-meeting-started-without-me,meeting started early|decisions made before I joined|security began before scheduled time|began before scheduled time,confused|uncertain|anxious|unsettled,consideration|inclusion|predictability|respect,"When I joined at the scheduled time, they were already on agenda item two."
security-form-closed-early,form closed early|submission window ended early|link closed before deadline,confused|uncertain|anxious|unsettled,fairness|clarity|respect|predictability,The application portal closed hours before the stated deadline.
security-appointment-canceled-last-minute,appointment canceled last minute by security|canceled same day|backed out with short notice,hurt|sad|lonely|anxious,reliability|support|consideration|security,security canceled 30 minutes before the appointment.
security-name-misspelled-after-correction,kept misspelling my name|used the wrong name after I corrected it|name still wrong in records,hurt|sad|lonely|anxious,respect|honor|to-be-seen|belonging,"After I corrected them, security kept spelling my name wrong."
security-conditional-invite,invited only if .*|'you can come if' from security|included conditionally in plans,hurt|sad|lonely|anxious,belonging|inclusion|to-be-seen|respect,security said I could come only if I handled the driving.
security-backhanded-compliment,security gave a backhanded compliment|'for someone like you' comment from security|compliment with a dig|gave a backhanded compliment,embarrassed|hurt|anxious|lonely,respect|to-be-heard|consideration|honor,"security said, 'You're articulate for someone so young.'"
security-gaslight-phrases,security said 'that's not what happened' after I described it|security said I'm imagining things|'you're crazy' from security|said 'that's not what happened' after I described it|said I'm imagining things,confused|uncertain|anxious|unsettled,understanding|honesty|trust|respect,"After I described the email, security said it never happened."
security-omitted-context,security left out key info|security didn't share the requirement|security omitted the deadline|left out key info|didn't share the requirement|omitted the deadline,confused|uncertain|anxious|unsettled,clarity|honesty|support|fairness,I learned the requirement only after the submission closed.
security-policy-enforced-selectively,rule applied to me not others|selective enforcement by security|inconsistent policy enforcement,frustrated|pressured|tired|resentful,justice|fairness|respect|acknowledgement,Others got exceptions that I was denied.
security-moderation-removed-no-reason,security removed my post without reason|thread locked by security|comment deleted without explanation|removed my post without reason,silenced|frustrated|lonely|powerless,participation|to-be-heard|consideration|mutuality,A moderator removed my post without any reason.
security-algorithm-shadowban,my posts get no views|content hidden without notice|no one can see my posts,confused|uncertain|anxious|unsettled,clarity|predictability|justice|respect,My post views dropped to zero with no explanation.
security-accessibility-gap,no captions provided|slides not accessible|no ramp available at venue,excluded|anxious|discouraged|frustrated,access|inclusion|respect|support,The webinar had no captions despite prior requests.
security-parking-issue,parking spot taken despite permit|assigned spot occupied|blocked my car,frustrated|pressured|tired|resentful,fairness|clarity|respect|predictability,My assigned spot was taken and no alternative was offered.
security-noise-violation-night,loud noise during quiet hours|party past quiet hours|music kept me up,overwhelmed|pressured|tired|anxious,rest|consideration|peace|respect,Music played loudly past midnight through the shared wall.
security-thermostat-changed,thermostat changed without asking|temperature changed without checking|ac set very cold without asking,frustrated|pressured|tired|resentful,comfort|consideration|communication|respect,The thermostat was turned down while I was still working.
security-paperwork-lost-agency,agency lost my documents|office misplaced my file|documents missing after submission,frustrated|pressured|tired|resentful,clarity|responsibility|acknowledgement|support,The office couldn't find the forms I submitted last month.
security-immigration-appointment-changed,appointment rescheduled without notice|time changed after I confirmed|new date assigned without asking,anxious|tense|worried|uneasy,predictability|consideration|respect|clarity,The appointment was moved to a weekday morning without checking my availability.
security-bank-fee-added,unexpected bank fee|maintenance fee added|account charged without explanation,confused|uncertain|anxious|unsettled,clarity|fairness|trust|honesty,A fee appeared on my account with no explanation.
security-customer-service-loop,stuck in automated loop|can't reach a person|support bot replies only,frustrated|pressured|tired|resentful,support|access|clarity|consideration,The support line kept sending automated messages without connecting me to a person.
security-safety-ignored,ignored safety protocol|didn't wear required gear|skipped the safety step,alarmed|scared|tense|anxious,safety|predictability|trust|care,security began the procedure without wearing the required gloves.
security-appointment-overbooked,double-booked my slot|two appointments at same time|overbooked schedule,anxious|tense|worried|uneasy,order|predictability|consideration|respect,Two appointments were booked at the same time for me.
security-refused-accommodation,refused accommodation request|declined interpreter|didn't allow extra time,excluded|tense|anxious|frustrated,access|inclusion|respect|support,My request for captions was declined without alternatives.
security-returned-item-denied,return denied without reason|store refused my return|policy not posted but used,confused|uncertain|anxious|unsettled,fairness|clarity|respect|predictability,The return was denied and no policy was shown.
security-room-entered-without-consent,entered my room without knocking|opened my door without asking|came in unannounced,alarmed|scared|tense|anxious,space|privacy|safety|respect,security opened my door and stepped in without knocking.
security-belongings-moved,moved my things without asking|rearranged my desk|tidied my items without checking,frustrated|pressured|tired|resentful,autonomy|space|respect|consideration,My labeled folders were moved to a cabinet.
security-back-to-back-meetings,scheduled meetings back to back|no breaks between calls|stacked calendar without space,overwhelmed|pressured|tired|anxious,support|do-things-at-my-own-pace-and-in-my-own-way|consideration|rest,Three meetings were booked with no buffer in between.
security-i-feel-like-phrasing,I feel like they ignored me|I feel like no one cares|I feel like they did this on purpose,hurt|sad|lonely|anxious,to-be-heard|acknowledgement|understanding|connection,I feel like no one cared about my message today.
security-because-clause,they left because I spoke up|they changed plans because of me|they did it because I said no,hurt|sad|lonely|anxious,to-be-heard|respect|mutuality|understanding,"They left right after I spoke up, saying it was because I challenged the idea."
security-after-clause,"after I shared, no response|after I asked, they went silent|after I arrived, the plan changed",confused|uncertain|anxious|unsettled,clarity|respect|consideration|predictability,"After I asked a question, they went silent."
security-comparison-better-than,"compared me to someone else|'unlike X, you' from security|said others do it better",hurt|sad|lonely|anxious,to-be-seen|fairness|acknowledgement|respect,security said someone else handles it better than me.
security-apology-missing,no apology after mistake|never apologized|didn't say sorry,hurt|sad|lonely|anxious,accountability|repair|respect|honesty,"After the mistake, there was no apology from security."
officer-ignored-message,officer ignored my message|officer left me on read|officer did not reply|seen .* no reply from officer|I feel like officer ignored me|ignored my message|left me on read|did not reply|I feel like ignored me,hurt|sad|lonely|anxious,to-be-seen|connection|belonging|consideration,I sent two messages to officer and saw 'seen' with no reply for 48 hours.
officer-changed-plan-without-asking,officer changed the plan without asking|officer decided for me|officer made plans without me|officer told me I had to|changed the plan without asking|decided for me|made plans without me|told me I had to,frustrated|pressured|tired|resentful,autonomy|choice|freedom|mutuality,officer changed the plan and told me what I'd be doing without checking.
officer-overcharged,charged .* extra at checkout|price higher than quoted by officer|fee added after total|tip changed after payment,confused|uncertain|anxious|unsettled,clarity|fairness|trust|honesty,The final bill from officer included a fee that wasn't in the quote.
officer-lost-item,lost my .*|my .* was misplaced|officer can't find my paperwork|officer lost my paperwork|can't find my paperwork|lost my paperwork,frustrated|pressured|tired|resentful,care|clarity|acknowledgement|responsibility,officer couldn't find the paperwork I handed them last week.
officer-breach-privacy,officer shared my info without consent|officer forwarded my email|officer posted my photo without asking|screenshot of our chat shared by officer|shared my info without consent|forwarded my email|posted my photo without asking,confused|uncertain|anxious|unsettled,privacy|autonomy|respect|safety,officer posted a screenshot of our chat in a group without asking.
officer-public-criticism,officer criticized me in public|officer called me out in front of others|officer pointed out my mistake loudly|criticized me in public|called me out in front of others|pointed out my mistake loudly,embarrassed|hurt|anxious|lonely,respect|to-be-heard|consideration|honor,officer highlighted my mistake during the meeting while others watched.
officer-credit-taken,officer took credit for my work|officer presented my work as theirs|officer left my name off|took credit for my work|presented my work as theirs|left my name off,jealous|hurt|angry|anxious,acknowledgement|recognition|fairness|respect,My contribution was presented by officer without my name mentioned.
officer-deadline-moved-earlier,deadline moved up by officer|due date pulled earlier by officer|asked for delivery sooner than agreed by officer,overwhelmed|pressured|tired|anxious,support|do-things-at-my-own-pace-and-in-my-own-way|consideration|rest,The due date was moved from Friday to Wednesday without checking my capacity.
officer-muted-or-removed,officer muted me|officer removed me from the call|officer kicked me from the channel|muted me|removed me from the call|kicked me from the channel,embarrassed|hurt|anxious|lonely,respect|autonomy|consideration|to-be-heard,officer muted me while I was speaking.
officer-meeting-started-without-me,meeting started early|decisions made before I joined|officer began before scheduled time|began before scheduled time,confused|uncertain|anxious|unsettled,consideration|inclusion|predictability|respect,"When I joined at the scheduled time, they were already on agenda item two."
officer-form-closed-early,form closed early|submission window ended early|link closed before deadline,confused|uncertain|anxious|unsettled,fairness|clarity|respect|predictability,The application portal closed hours before the stated deadline.
officer-appointment-canceled-last-minute,appointment canceled last minute by officer|canceled same day|backed out with short notice,hurt|sad|lonely|anxious,reliability|support|consideration|security,officer canceled 30 minutes before the appointment.
officer-name-misspelled-after-correction,kept misspelling my name|used the wrong name after I corrected it|name still wrong in records,hurt|sad|lonely|anxious,respect|honor|to-be-seen|belonging,"After I corrected them, officer kept spelling my name wrong."
officer-conditional-invite,invited only if .*|'you can come if' from officer|included conditionally in plans,hurt|sad|lonely|anxious,belonging|inclusion|to-be-seen|respect,officer said I could come only if I handled the driving.
officer-backhanded-compliment,officer gave a backhanded compliment|'for someone like you' comment from officer|compliment with a dig|gave a backhanded compliment,embarrassed|hurt|anxious|lonely,respect|to-be-heard|consideration|honor,"officer said, 'You're articulate for someone so young.'"
officer-gaslight-phrases,officer said 'that's not what happened' after I described it|officer said I'm imagining things|'you're crazy' from officer|said 'that's not what happened' after I described it|said I'm imagining things,confused|uncertain|anxious|unsettled,understanding|honesty|trust|respect,"After I described the email, officer said it never happened."
officer-omitted-context,officer left out key info|officer didn't share the requirement|officer omitted the deadline|left out key info|didn't share the requirement|omitted the deadline,confused|uncertain|anxious|unsettled,clarity|honesty|support|fairness,I learned the requirement only after the submission closed.
officer-policy-enforced-selectively,rule applied to me not others|selective enforcement by officer|inconsistent policy enforcement,frustrated|pressured|tired|resentful,justice|fairness|respect|acknowledgement,Others got exceptions that I was denied.
officer-moderation-removed-no-reason,officer removed my post without reason|thread locked by officer|comment deleted without explanation|removed my post without reason,silenced|frustrated|lonely|powerless,participation|to-be-heard|consideration|mutuality,A moderator removed my post without any reason.
officer-algorithm-shadowban,my posts get no views|content hidden without notice|no one can see my posts,confused|uncertain|anxious|unsettled,clarity|predictability|justice|respect,My post views dropped to zero with no explanation.
officer-accessibility-gap,no captions provided|slides not accessible|no ramp available at venue,excluded|anxious|discouraged|frustrated,access|inclusion|respect|support,The webinar had no captions despite prior requests.
officer-parking-issue,parking spot taken despite permit|assigned spot occupied|blocked my car,frustrated|pressured|tired|resentful,fairness|clarity|respect|predictability,My assigned spot was taken and no alternative was offered.
officer-noise-violation-night,loud noise during quiet hours|party past quiet hours|music kept me up,overwhelmed|pressured|tired|anxious,rest|consideration|peace|respect,Music played loudly past midnight through the shared wall.
officer-thermostat-changed,thermostat changed without asking|temperature changed without checking|ac set very cold without asking,frustrated|pressured|tired|resentful,comfort|consideration|communication|respect,The thermostat was turned down while I was still working.
officer-paperwork-lost-agency,agency lost my documents|office misplaced my file|documents missing after submission,frustrated|pressured|tired|resentful,clarity|responsibility|acknowledgement|support,The office couldn't find the forms I submitted last month.
officer-immigration-appointment-changed,appointment rescheduled without notice|time changed after I confirmed|new date assigned without asking,anxious|tense|worried|uneasy,predictability|consideration|respect|clarity,The appointment was moved to a weekday morning without checking my availability.
officer-bank-fee-added,unexpected bank fee|maintenance fee added|account charged without explanation,confused|uncertain|anxious|unsettled,clarity|fairness|trust|honesty,A fee appeared on my account with no explanation.
officer-customer-service-loop,stuck in automated loop|can't reach a person|support bot replies only,frustrated|pressured|tired|resentful,support|access|clarity|consideration,The support line kept sending automated messages without connecting me to a person.
officer-safety-ignored,ignored safety protocol|didn't wear required gear|skipped the safety step,alarmed|scared|tense|anxious,safety|predictability|trust|care,officer began the procedure without wearing the required gloves.
officer-appointment-overbooked,double-booked my slot|two appointments at same time|overbooked schedule,anxious|tense|worried|uneasy,order|predictability|consideration|respect,Two appointments were booked at the same time for me.
officer-refused-accommodation,refused accommodation request|declined interpreter|didn't allow extra time,excluded|tense|anxious|frustrated,access|inclusion|respect|support,My request for captions was declined without alternatives.
officer-returned-item-denied,return denied without reason|store refused my return|policy not posted but used,confused|uncertain|anxious|unsettled,fairness|clarity|respect|predictability,The return was denied and no policy was shown.
officer-room-entered-without-consent,entered my room without knocking|opened my door without asking|came in unannounced,alarmed|scared|tense|anxious,space|privacy|safety|respect,officer opened my door and stepped in without knocking.
officer-belongings-moved,moved my things without asking|rearranged my desk|tidied my items without checking,frustrated|pressured|tired|resentful,autonomy|space|respect|consideration,My labeled folders were moved to a cabinet.
officer-back-to-back-meetings,scheduled meetings back to back|no breaks between calls|stacked calendar without space,overwhelmed|pressured|tired|anxious,support|do-things-at-my-own-pace-and-in-my-own-way|consideration|rest,Three meetings were booked with no buffer in between.
officer-i-feel-like-phrasing,I feel like they ignored me|I feel like no one cares|I feel like they did this on purpose,hurt|sad|lonely|anxious,to-be-heard|acknowledgement|understanding|connection,I feel like no one cared about my message today.
officer-because-clause,they left because I spoke up|they changed plans because of me|they did it because I said no,hurt|sad|lonely|anxious,to-be-heard|respect|mutuality|understanding,"They left right after I spoke up, saying it was because I challenged the idea."
officer-after-clause,"after I shared, no response|after I asked, they went silent|after I arrived, the plan changed",confused|uncertain|anxious|unsettled,clarity|respect|consideration|predictability,"After I asked a question, they went silent."
officer-comparison-better-than,"compared me to someone else|'unlike X, you' from officer|said others do it better",hurt|sad|lonely|anxious,to-be-seen|fairness|acknowledgement|respect,officer said someone else handles it better than me.
officer-apology-missing,no apology after mistake|never apologized|didn't say sorry,hurt|sad|lonely|anxious,accountability|repair|respect|honesty,"After the mistake, there was no apology from officer."
clerk-ignored-message,clerk ignored my message|clerk left me on read|clerk did not reply|seen .* no reply from clerk|I feel like clerk ignored me|ignored my message|left me on read|did not reply|I feel like ignored me,hurt|sad|lonely|anxious,to-be-seen|connection|belonging|consideration,I sent two messages to clerk and saw 'seen' with no reply for 48 hours.
clerk-changed-plan-without-asking,clerk changed the plan without asking|clerk decided for me|clerk made plans without me|clerk told me I had to|changed the plan without asking|decided for me|made plans without me|told me I had to,frustrated|pressured|tired|resentful,autonomy|choice|freedom|mutuality,clerk changed the plan and told me what I'd be doing without checking.
clerk-overcharged,charged .* extra at checkout|price higher than quoted by clerk|fee added after total|tip changed after payment,confused|uncertain|anxious|unsettled,clarity|fairness|trust|honesty,The final bill from clerk included a fee that wasn't in the quote.
clerk-lost-item,lost my .*|my .* was misplaced|clerk can't find my paperwork|clerk lost my paperwork|can't find my paperwork|lost my paperwork,frustrated|pressured|tired|resentful,care|clarity|acknowledgement|responsibility,clerk couldn't find the paperwork I handed them last week.
clerk-breach-privacy,clerk shared my info without consent|clerk forwarded my email|clerk posted my photo without asking|screenshot of our chat shared by clerk|shared my info without consent|forwarded my email|posted my photo without asking,confused|uncertain|anxious|unsettled,privacy|autonomy|respect|safety,clerk posted a screenshot of our chat in a group without asking.
clerk-public-criticism,clerk criticized me in public|clerk called me out in front of others|clerk pointed out my mistake loudly|criticized me in public|called me out in front of others|pointed out my mistake loudly,embarrassed|hurt|anxious|lonely,respect|to-be-heard|consideration|honor,clerk highlighted my mistake during the meeting while others watched.
clerk-credit-taken,clerk took credit for my work|clerk presented my work as theirs|clerk left my name off|took credit for my work|presented my work as theirs|left my name off,jealous|hurt|angry|anxious,acknowledgement|recognition|fairness|respect,My contribution was presented by clerk without my name mentioned.
clerk-deadline-moved-earlier,deadline moved up by clerk|due date pulled earlier by clerk|asked for delivery sooner than agreed by clerk,overwhelmed|pressured|tired|anxious,support|do-things-at-my-own-pace-and-in-my-own-way|consideration|rest,The due date was moved from Friday to Wednesday without checking my capacity.
clerk-muted-or-removed,clerk muted me|clerk removed me from the call|clerk kicked me from the channel|muted me|removed me from the call|kicked me from the channel,embarrassed|hurt|anxious|lonely,respect|autonomy|consideration|to-be-heard,clerk muted me while I was speaking.
clerk-meeting-started-without-me,meeting started early|decisions made before I joined|clerk began before scheduled time|began before scheduled time,confused|uncertain|anxious|unsettled,consideration|inclusion|predictability|respect,"When I joined at the scheduled time, they were already on agenda item two."
clerk-form-closed-early,form closed early|submission window ended early|link closed before deadline,confused|uncertain|anxious|unsettled,fairness|clarity|respect|predictability,The application portal closed hours before the stated deadline.
clerk-appointment-canceled-last-minute,appointment canceled last minute by clerk|canceled same day|backed out with short notice,hurt|sad|lonely|anxious,reliability|support|consideration|security,clerk canceled 30 minutes before the appointment.
clerk-name-misspelled-after-correction,kept misspelling my name|used the wrong name after I corrected it|name still wrong in records,hurt|sad|lonely|anxious,respect|honor|to-be-seen|belonging,"After I corrected them, clerk kept spelling my name wrong."
clerk-conditional-invite,invited only if .*|'you can come if' from clerk|included conditionally in plans,hurt|sad|lonely|anxious,belonging|inclusion|to-be-seen|respect,clerk said I could come only if I handled the driving.
clerk-backhanded-compliment,clerk gave a backhanded compliment|'for someone like you' comment from clerk|compliment with a dig|gave a backhanded compliment,embarrassed|hurt|anxious|lonely,respect|to-be-heard|consideration|honor,"clerk said, 'You're articulate for someone so young.'"
clerk-gaslight-phrases,clerk said 'that's not what happened' after I described it|clerk said I'm imagining things|'you're crazy' from clerk|said 'that's not what happened' after I described it|said I'm imagining things,confused|uncertain|anxious|unsettled,understanding|honesty|trust|respect,"After I described the email, clerk said it never happened."
clerk-omitted-context,clerk left out key info|clerk didn't share the requirement|clerk omitted the deadline|left out key info|didn't share the requirement|omitted the deadline,confused|uncertain|anxious|unsettled,clarity|honesty|support|fairness,I learned the requirement only after the submission closed.
clerk-policy-enforced-selectively,rule applied to me not others|selective enforcement by clerk|inconsistent policy enforcement,frustrated|pressured|tired|resentful,justice|fairness|respect|acknowledgement,Others got exceptions that I was denied.
clerk-moderation-removed-no-reason,clerk removed my post without reason|thread locked by clerk|comment deleted without explanation|removed my post without reason,silenced|frustrated|lonely|powerless,participation|to-be-heard|consideration|mutuality,A moderator removed my post without any reason.
clerk-algorithm-shadowban,my posts get no views|content hidden without notice|no one can see my posts,confused|uncertain|anxious|unsettled,clarity|predictability|justice|respect,My post views dropped to zero with no explanation.
clerk-accessibility-gap,no captions provided|slides not accessible|no ramp available at venue,excluded|anxious|discouraged|frustrated,access|inclusion|respect|support,The webinar had no captions despite prior requests.
clerk-parking-issue,parking spot taken despite permit|assigned spot occupied|blocked my car,frustrated|pressured|tired|resentful,fairness|clarity|respect|predictability,My assigned spot was taken and no alternative was offered.
clerk-noise-violation-night,loud noise during quiet hours|party past quiet hours|music kept me up,overwhelmed|pressured|tired|anxious,rest|consideration|peace|respect,Music played loudly past midnight through the shared wall.
clerk-thermostat-changed,thermostat changed without asking|temperature changed without checking|ac set very cold without asking,frustrated|pressured|tired|resentful,comfort|consideration|communication|respect,The thermostat was turned down while I was still working.
clerk-paperwork-lost-agency,agency lost my documents|office misplaced my file|documents missing after submission,frustrated|pressured|tired|resentful,clarity|responsibility|acknowledgement|support,The office couldn't find the forms I submitted last month.
clerk-immigration-appointment-changed,appointment rescheduled without notice|time changed after I confirmed|new date assigned without asking,anxious|tense|worried|uneasy,predictability|consideration|respect|clarity,The appointment was moved to a weekday morning without checking my availability.
clerk-bank-fee-added,unexpected bank fee|maintenance fee added|account charged without explanation,confused|uncertain|anxious|unsettled,clarity|fairness|trust|honesty,A fee appeared on my account with no explanation.
clerk-customer-service-loop,stuck in automated loop|can't reach a person|support bot replies only,frustrated|pressured|tired|resentful,support|access|clarity|consideration,The support line kept sending automated messages without connecting me to a person.
clerk-safety-ignored,ignored safety protocol|didn't wear required gear|skipped the safety step,alarmed|scared|tense|anxious,safety|predictability|trust|care,clerk began the procedure without wearing the required gloves.
clerk-appointment-overbooked,double-booked my slot|two appointments at same time|overbooked schedule,anxious|tense|worried|uneasy,order|predictability|consideration|respect,Two appointments were booked at the same time for me.
clerk-refused-accommodation,refused accommodation request|declined interpreter|didn't allow extra time,excluded|tense|anxious|frustrated,access|inclusion|respect|support,My request for captions was declined without alternatives.
clerk-returned-item-denied,return denied without reason|store refused my return|policy not posted but used,confused|uncertain|anxious|unsettled,fairness|clarity|respect|predictability,The return was denied and no policy was shown.
clerk-room-entered-without-consent,entered my room without knocking|opened my door without asking|came in unannounced,alarmed|scared|tense|anxious,space|privacy|safety|respect,clerk opened my door and stepped in without knocking.
clerk-belongings-moved,moved my things without asking|rearranged my desk|tidied my items without checking,frustrated|pressured|tired|resentful,autonomy|space|respect|consideration,My labeled folders were moved to a cabinet.
clerk-back-to-back-meetings,scheduled meetings back to back|no breaks between calls|stacked calendar without space,overwhelmed|pressured|tired|anxious,support|do-things-at-my-own-pace-and-in-my-own-way|consideration|rest,Three meetings were booked with no buffer in between.
clerk-i-feel-like-phrasing,I feel like they ignored me|I feel like no one cares|I feel like they did this on purpose,hurt|sad|lonely|anxious,to-be-heard|acknowledgement|understanding|connection,I feel like no one cared about my message today.
clerk-because-clause,they left because I spoke up|they changed plans because of me|they did it because I said no,hurt|sad|lonely|anxious,to-be-heard|respect|mutuality|understanding,"They left right after I spoke up, saying it was because I challenged the idea."
clerk-after-clause,"after I shared, no response|after I asked, they went silent|after I arrived, the plan changed",confused|uncertain|anxious|unsettled,clarity|respect|consideration|predictability,"After I asked a question, they went silent."
clerk-comparison-better-than,"compared me to someone else|'unlike X, you' from clerk|said others do it better",hurt|sad|lonely|anxious,to-be-seen|fairness|acknowledgement|respect,clerk said someone else handles it better than me.
clerk-apology-missing,no apology after mistake|never apologized|didn't say sorry,hurt|sad|lonely|anxious,accountability|repair|respect|honesty,"After the mistake, there was no apology from clerk."
banker-ignored-message,banker ignored my message|banker left me on read|banker did not reply|seen .* no reply from banker|I feel like banker ignored me|ignored my message|left me on read|did not reply|I feel like ignored me,hurt|sad|lonely|anxious,to-be-seen|connection|belonging|consideration,I sent two messages to banker and saw 'seen' with no reply for 48 hours.
banker-changed-plan-without-asking,banker changed the plan without asking|banker decided for me|banker made plans without me|banker told me I had to|changed the plan without asking|decided for me|made plans without me|told me I had to,frustrated|pressured|tired|resentful,autonomy|choice|freedom|mutuality,banker changed the plan and told me what I'd be doing without checking.
banker-overcharged,charged .* extra at checkout|price higher than quoted by banker|fee added after total|tip changed after payment,confused|uncertain|anxious|unsettled,clarity|fairness|trust|honesty,The final bill from banker included a fee that wasn't in the quote.
banker-lost-item,lost my .*|my .* was misplaced|banker can't find my paperwork|banker lost my paperwork|can't find my paperwork|lost my paperwork,frustrated|pressured|tired|resentful,care|clarity|acknowledgement|responsibility,banker couldn't find the paperwork I handed them last week.
banker-breach-privacy,banker shared my info without consent|banker forwarded my email|banker posted my photo without asking|screenshot of our chat shared by banker|shared my info without consent|forwarded my email|posted my photo without asking,confused|uncertain|anxious|unsettled,privacy|autonomy|respect|safety,banker posted a screenshot of our chat in a group without asking.
banker-public-criticism,banker criticized me in public|banker called me out in front of others|banker pointed out my mistake loudly|criticized me in public|called me out in front of others|pointed out my mistake loudly,embarrassed|hurt|anxious|lonely,respect|to-be-heard|consideration|honor,banker highlighted my mistake during the meeting while others watched.
banker-credit-taken,banker took credit for my work|banker presented my work as theirs|banker left my name off|took credit for my work|presented my work as theirs|left my name off,jealous|hurt|angry|anxious,acknowledgement|recognition|fairness|respect,My contribution was presented by banker without my name mentioned.
banker-deadline-moved-earlier,deadline moved up by banker|due date pulled earlier by banker|asked for delivery sooner than agreed by banker,overwhelmed|pressured|tired|anxious,support|do-things-at-my-own-pace-and-in-my-own-way|consideration|rest,The due date was moved from Friday to Wednesday without checking my capacity.
banker-muted-or-removed,banker muted me|banker removed me from the call|banker kicked me from the channel|muted me|removed me from the call|kicked me from the channel,embarrassed|hurt|anxious|lonely,respect|autonomy|consideration|to-be-heard,banker muted me while I was speaking.
banker-meeting-started-without-me,meeting started early|decisions made before I joined|banker began before scheduled time|began before scheduled time,confused|uncertain|anxious|unsettled,consideration|inclusion|predictability|respect,"When I joined at the scheduled time, they were already on agenda item two."
banker-form-closed-early,form closed early|submission window ended early|link closed before deadline,confused|uncertain|anxious|unsettled,fairness|clarity|respect|predictability,The application portal closed hours before the stated deadline.
banker-appointment-canceled-last-minute,appointment canceled last minute by banker|canceled same day|backed out with short notice,hurt|sad|lonely|anxious,reliability|support|consideration|security,banker canceled 30 minutes before the appointment.
banker-name-misspelled-after-correction,kept misspelling my name|used the wrong name after I corrected it|name still wrong in records,hurt|sad|lonely|anxious,respect|honor|to-be-seen|belonging,"After I corrected them, banker kept spelling my name wrong."
banker-conditional-invite,invited only if .*|'you can come if' from banker|included conditionally in plans,hurt|sad|lonely|anxious,belonging|inclusion|to-be-seen|respect,banker said I could come only if I handled the driving.
banker-backhanded-compliment,banker gave a backhanded compliment|'for someone like you' comment from banker|compliment with a dig|gave a backhanded compliment,embarrassed|hurt|anxious|lonely,respect|to-be-heard|consideration|honor,"banker said, 'You're articulate for someone so young.'"
banker-gaslight-phrases,banker said 'that's not what happened' after I described it|banker said I'm imagining things|'you're crazy' from banker|said 'that's not what happened' after I described it|said I'm imagining things,confused|uncertain|anxious|unsettled,understanding|honesty|trust|respect,"After I described the email, banker said it never happened."
banker-omitted-context,banker left out key info|banker didn't share the requirement|banker omitted the deadline|left out key info|didn't share the requirement|omitted the deadline,confused|uncertain|anxious|unsettled,clarity|honesty|support|fairness,I learned the requirement only after the submission closed.
banker-policy-enforced-selectively,rule applied to me not others|selective enforcement by banker|inconsistent policy enforcement,frustrated|pressured|tired|resentful,justice|fairness|respect|acknowledgement,Others got exceptions that I was denied.
banker-moderation-removed-no-reason,banker removed my post without reason|thread locked by banker|comment deleted without explanation|removed my post without reason,silenced|frustrated|lonely|powerless,participation|to-be-heard|consideration|mutuality,A moderator removed my post without any reason.
banker-algorithm-shadowban,my posts get no views|content hidden without notice|no one can see my posts,confused|uncertain|anxious|unsettled,clarity|predictability|justice|respect,My post views dropped to zero with no explanation.
banker-accessibility-gap,no captions provided|slides not accessible|no ramp available at venue,excluded|anxious|discouraged|frustrated,access|inclusion|respect|support,The webinar had no captions despite prior requests.
banker-parking-issue,parking spot taken despite permit|assigned spot occupied|blocked my car,frustrated|pressured|tired|resentful,fairness|clarity|respect|predictability,My assigned spot was taken and no alternative was offered.
banker-noise-violation-night,loud noise during quiet hours|party past quiet hours|music kept me up,overwhelmed|pressured|tired|anxious,rest|consideration|peace|respect,Music played loudly past midnight through the shared wall.
banker-thermostat-changed,thermostat changed without asking|temperature changed without checking|ac set very cold without asking,frustrated|pressured|tired|resentful,comfort|consideration|communication|respect,The thermostat was turned down while I was still working.
banker-paperwork-lost-agency,agency lost my documents|office misplaced my file|documents missing after submission,frustrated|pressured|tired|resentful,clarity|responsibility|acknowledgement|support,The office couldn't find the forms I submitted last month.
banker-immigration-appointment-changed,appointment rescheduled without notice|time changed after I confirmed|new date assigned without asking,anxious|tense|worried|uneasy,predictability|consideration|respect|clarity,The appointment was moved to a weekday morning without checking my availability.
banker-bank-fee-added,unexpected bank fee|maintenance fee added|account charged without explanation,confused|uncertain|anxious|unsettled,clarity|fairness|trust|honesty,A fee appeared on my account with no explanation.
banker-customer-service-loop,stuck in automated loop|can't reach a person|support bot replies only,frustrated|pressured|tired|resentful,support|access|clarity|consideration,The support line kept sending automated messages without connecting me to a person.
banker-safety-ignored,ignored safety protocol|didn't wear required gear|skipped the safety step,alarmed|scared|tense|anxious,safety|predictability|trust|care,banker began the procedure without wearing the required gloves.
banker-appointment-overbooked,double-booked my slot|two appointments at same time|overbooked schedule,anxious|tense|worried|uneasy,order|predictability|consideration|respect,Two appointments were booked at the same time for me.
banker-refused-accommodation,refused accommodation request|declined interpreter|didn't allow extra time,excluded|tense|anxious|frustrated,access|inclusion|respect|support,My request for captions was declined without alternatives.
banker-returned-item-denied,return denied without reason|store refused my return|policy not posted but used,confused|uncertain|anxious|unsettled,fairness|clarity|respect|predictability,The return was denied and no policy was shown.
banker-room-entered-without-consent,entered my room without knocking|opened my door without asking|came in unannounced,alarmed|scared|tense|anxious,space|privacy|safety|respect,banker opened my door and stepped in without knocking.
banker-belongings-moved,moved my things without asking|rearranged my desk|tidied my items without checking,frustrated|pressured|tired|resentful,autonomy|space|respect|consideration,My labeled folders were moved to a cabinet.
banker-back-to-back-meetings,scheduled meetings back to back|no breaks between calls|stacked calendar without space,overwhelmed|pressured|tired|anxious,support|do-things-at-my-own-pace-and-in-my-own-way|consideration|rest,Three meetings were booked with no buffer in between.
banker-i-feel-like-phrasing,I feel like they ignored me|I feel like no one cares|I feel like they did this on purpose,hurt|sad|lonely|anxious,to-be-heard|acknowledgement|understanding|connection,I feel like no one cared about my message today.
banker-because-clause,they left because I spoke up|they changed plans because of me|they did it because I said no,hurt|sad|lonely|anxious,to-be-heard|respect|mutuality|understanding,"They left right after I spoke up, saying it was because I challenged the idea."
banker-after-clause,"after I shared, no response|after I asked, they went silent|after I arrived, the plan changed",confused|uncertain|anxious|unsettled,clarity|respect|consideration|predictability,"After I asked a question, they went silent."
banker-comparison-better-than,"compared me to someone else|'unlike X, you' from banker|said others do it better",hurt|sad|lonely|anxious,to-be-seen|fairness|acknowledgement|respect,banker said someone else handles it better than me.
banker-apology-missing,no apology after mistake|never apologized|didn't say sorry,hurt|sad|lonely|anxious,accountability|repair|respect|honesty,"After the mistake, there was no apology from banker."
teller-ignored-message,teller ignored my message|teller left me on read|teller did not reply|seen .* no reply from teller|I feel like teller ignored me|ignored my message|left me on read|did not reply|I feel like ignored me,hurt|sad|lonely|anxious,to-be-seen|connection|belonging|consideration,I sent two messages to teller and saw 'seen' with no reply for 48 hours.
teller-changed-plan-without-asking,teller changed the plan without asking|teller decided for me|teller made plans without me|teller told me I had to|changed the plan without asking|decided for me|made plans without me|told me I had to,frustrated|pressured|tired|resentful,autonomy|choice|freedom|mutuality,teller changed the plan and told me what I'd be doing without checking.
teller-overcharged,charged .* extra at checkout|price higher than quoted by teller|fee added after total|tip changed after payment,confused|uncertain|anxious|unsettled,clarity|fairness|trust|honesty,The final bill from teller included a fee that wasn't in the quote.
teller-lost-item,lost my .*|my .* was misplaced|teller can't find my paperwork|teller lost my paperwork|can't find my paperwork|lost my paperwork,frustrated|pressured|tired|resentful,care|clarity|acknowledgement|responsibility,teller couldn't find the paperwork I handed them last week.
teller-breach-privacy,teller shared my info without consent|teller forwarded my email|teller posted my photo without asking|screenshot of our chat shared by teller|shared my info without consent|forwarded my email|posted my photo without asking,confused|uncertain|anxious|unsettled,privacy|autonomy|respect|safety,teller posted a screenshot of our chat in a group without asking.
teller-public-criticism,teller criticized me in public|teller called me out in front of others|teller pointed out my mistake loudly|criticized me in public|called me out in front of others|pointed out my mistake loudly,embarrassed|hurt|anxious|lonely,respect|to-be-heard|consideration|honor,teller highlighted my mistake during the meeting while others watched.
teller-credit-taken,teller took credit for my work|teller presented my work as theirs|teller left my name off|took credit for my work|presented my work as theirs|left my name off,jealous|hurt|angry|anxious,acknowledgement|recognition|fairness|respect,My contribution was presented by teller without my name mentioned.
teller-deadline-moved-earlier,deadline moved up by teller|due date pulled earlier by teller|asked for delivery sooner than agreed by teller,overwhelmed|pressured|tired|anxious,support|do-things-at-my-own-pace-and-in-my-own-way|consideration|rest,The due date was moved from Friday to Wednesday without checking my capacity.
teller-muted-or-removed,teller muted me|teller removed me from the call|teller kicked me from the channel|muted me|removed me from the call|kicked me from the channel,embarrassed|hurt|anxious|lonely,respect|autonomy|consideration|to-be-heard,teller muted me while I was speaking.
teller-meeting-started-without-me,meeting started early|decisions made before I joined|teller began before scheduled time|began before scheduled time,confused|uncertain|anxious|unsettled,consideration|inclusion|predictability|respect,"When I joined at the scheduled time, they were already on agenda item two."
teller-form-closed-early,form closed early|submission window ended early|link closed before deadline,confused|uncertain|anxious|unsettled,fairness|clarity|respect|predictability,The application portal closed hours before the stated deadline.
teller-appointment-canceled-last-minute,appointment canceled last minute by teller|canceled same day|backed out with short notice,hurt|sad|lonely|anxious,reliability|support|consideration|security,teller canceled 30 minutes before the appointment.
teller-name-misspelled-after-correction,kept misspelling my name|used the wrong name after I corrected it|name still wrong in records,hurt|sad|lonely|anxious,respect|honor|to-be-seen|belonging,"After I corrected them, teller kept spelling my name wrong."
teller-conditional-invite,invited only if .*|'you can come if' from teller|included conditionally in plans,hurt|sad|lonely|anxious,belonging|inclusion|to-be-seen|respect,teller said I could come only if I handled the driving.
teller-backhanded-compliment,teller gave a backhanded compliment|'for someone like you' comment from teller|compliment with a dig|gave a backhanded compliment,embarrassed|hurt|anxious|lonely,respect|to-be-heard|consideration|honor,"teller said, 'You're articulate for someone so young.'"
teller-gaslight-phrases,teller said 'that's not what happened' after I described it|teller said I'm imagining things|'you're crazy' from teller|said 'that's not what happened' after I described it|said I'm imagining things,confused|uncertain|anxious|unsettled,understanding|honesty|trust|respect,"After I described the email, teller said it never happened."
teller-omitted-context,teller left out key info|teller didn't share the requirement|teller omitted the deadline|left out key info|didn't share the requirement|omitted the deadline,confused|uncertain|anxious|unsettled,clarity|honesty|support|fairness,I learned the requirement only after the submission closed.
teller-policy-enforced-selectively,rule applied to me not others|selective enforcement by teller|inconsistent policy enforcement,frustrated|pressured|tired|resentful,justice|fairness|respect|acknowledgement,Others got exceptions that I was denied.
teller-moderation-removed-no-reason,teller removed my post without reason|thread locked by teller|comment deleted without explanation|removed my post without reason,silenced|frustrated|lonely|powerless,participation|to-be-heard|consideration|mutuality,A moderator removed my post without any reason.
teller-algorithm-shadowban,my posts get no views|content hidden without notice|no one can see my posts,confused|uncertain|anxious|unsettled,clarity|predictability|justice|respect,My post views dropped to zero with no explanation.
teller-accessibility-gap,no captions provided|slides not accessible|no ramp available at venue,excluded|anxious|discouraged|frustrated,access|inclusion|respect|support,The webinar had no captions despite prior requests.
teller-parking-issue,parking spot taken despite permit|assigned spot occupied|blocked my car,frustrated|pressured|tired|resentful,fairness|clarity|respect|predictability,My assigned spot was taken and no alternative was offered.
teller-noise-violation-night,loud noise during quiet hours|party past quiet hours|music kept me up,overwhelmed|pressured|tired|anxious,rest|consideration|peace|respect,Music played loudly past midnight through the shared wall.
teller-thermostat-changed,thermostat changed without asking|temperature changed without checking|ac set very cold without asking,frustrated|pressured|tired|resentful,comfort|consideration|communication|respect,The thermostat was turned down while I was still working.
teller-paperwork-lost-agency,agency lost my documents|office misplaced my file|documents missing after submission,frustrated|pressured|tired|resentful,clarity|responsibility|acknowledgement|support,The office couldn't find the forms I submitted last month.
teller-immigration-appointment-changed,appointment rescheduled without notice|time changed after I confirmed|new date assigned without asking,anxious|tense|worried|uneasy,predictability|consideration|respect|clarity,The appointment was moved to a weekday morning without checking my availability.
teller-bank-fee-added,unexpected bank fee|maintenance fee added|account charged without explanation,confused|uncertain|anxious|unsettled,clarity|fairness|trust|honesty,A fee appeared on my account with no explanation.
teller-customer-service-loop,stuck in automated loop|can't reach a person|support bot replies only,frustrated|pressured|tired|resentful,support|access|clarity|consideration,The support line kept sending automated messages without connecting me to a person.
teller-safety-ignored,ignored safety protocol|didn't wear required gear|skipped the safety step,alarmed|scared|tense|anxious,safety|predictability|trust|care,teller began the procedure without wearing the required gloves.
teller-appointment-overbooked,double-booked my slot|two appointments at same time|overbooked schedule,anxious|tense|worried|uneasy,order|predictability|consideration|respect,Two appointments were booked at the same time for me.
teller-refused-accommodation,refused accommodation request|declined interpreter|didn't allow extra time,excluded|tense|anxious|frustrated,access|inclusion|respect|support,My request for captions was declined without alternatives.
teller-returned-item-denied,return denied without reason|store refused my return|policy not posted but used,confused|uncertain|anxious|unsettled,fairness|clarity|respect|predictability,The return was denied and no policy was shown.
teller-room-entered-without-consent,entered my room without knocking|opened my door without asking|came in unannounced,alarmed|scared|tense|anxious,space|privacy|safety|respect,teller opened my door and stepped in without knocking.
teller-belongings-moved,moved my things without asking|rearranged my desk|tidied my items without checking,frustrated|pressured|tired|resentful,autonomy|space|respect|consideration,My labeled folders were moved to a cabinet.
teller-back-to-back-meetings,scheduled meetings back to back|no breaks between calls|stacked calendar without space,overwhelmed|pressured|tired|anxious,support|do-things-at-my-own-pace-and-in-my-own-way|consideration|rest,Three meetings were booked with no buffer in between.
teller-i-feel-like-phrasing,I feel like they ignored me|I feel like no one cares|I feel like they did this on purpose,hurt|sad|lonely|anxious,to-be-heard|acknowledgement|understanding|connection,I feel like no one cared about my message today.
teller-because-clause,they left because I spoke up|they changed plans because of me|they did it because I said no,hurt|sad|lonely|anxious,to-be-heard|respect|mutuality|understanding,"They left right after I spoke up, saying it was because I challenged the idea."
teller-after-clause,"after I shared, no response|after I asked, they went silent|after I arrived, the plan changed",confused|uncertain|anxious|unsettled,clarity|respect|consideration|predictability,"After I asked a question, they went silent."
teller-comparison-better-than,"compared me to someone else|'unlike X, you' from teller|said others do it better",hurt|sad|lonely|anxious,to-be-seen|fairness|acknowledgement|respect,teller said someone else handles it better than me.
teller-apology-missing,no apology after mistake|never apologized|didn't say sorry,hurt|sad|lonely|anxious,accountability|repair|respect|honesty,"After the mistake, there was no apology from teller."
caseworker-ignored-message,caseworker ignored my message|caseworker left me on read|caseworker did not reply|seen .* no reply from caseworker|I feel like caseworker ignored me|ignored my message|left me on read|did not reply|I feel like ignored me,hurt|sad|lonely|anxious,to-be-seen|connection|belonging|consideration,I sent two messages to caseworker and saw 'seen' with no reply for 48 hours.
caseworker-changed-plan-without-asking,caseworker changed the plan without asking|caseworker decided for me|caseworker made plans without me|caseworker told me I had to|changed the plan without asking|decided for me|made plans without me|told me I had to,frustrated|pressured|tired|resentful,autonomy|choice|freedom|mutuality,caseworker changed the plan and told me what I'd be doing without checking.
caseworker-overcharged,charged .* extra at checkout|price higher than quoted by caseworker|fee added after total|tip changed after payment,confused|uncertain|anxious|unsettled,clarity|fairness|trust|honesty,The final bill from caseworker included a fee that wasn't in the quote.
caseworker-lost-item,lost my .*|my .* was misplaced|caseworker can't find my paperwork|caseworker lost my paperwork|can't find my paperwork|lost my paperwork,frustrated|pressured|tired|resentful,care|clarity|acknowledgement|responsibility,caseworker couldn't find the paperwork I handed them last week.
caseworker-breach-privacy,caseworker shared my info without consent|caseworker forwarded my email|caseworker posted my photo without asking|screenshot of our chat shared by caseworker|shared my info without consent|forwarded my email|posted my photo without asking,confused|uncertain|anxious|unsettled,privacy|autonomy|respect|safety,caseworker posted a screenshot of our chat in a group without asking.
caseworker-public-criticism,caseworker criticized me in public|caseworker called me out in front of others|caseworker pointed out my mistake loudly|criticized me in public|called me out in front of others|pointed out my mistake loudly,embarrassed|hurt|anxious|lonely,respect|to-be-heard|consideration|honor,caseworker highlighted my mistake during the meeting while others watched.
caseworker-credit-taken,caseworker took credit for my work|caseworker presented my work as theirs|caseworker left my name off|took credit for my work|presented my work as theirs|left my name off,jealous|hurt|angry|anxious,acknowledgement|recognition|fairness|respect,My contribution was presented by caseworker without my name mentioned.
caseworker-deadline-moved-earlier,deadline moved up by caseworker|due date pulled earlier by caseworker|asked for delivery sooner than agreed by caseworker,overwhelmed|pressured|tired|anxious,support|do-things-at-my-own-pace-and-in-my-own-way|consideration|rest,The due date was moved from Friday to Wednesday without checking my capacity.
caseworker-muted-or-removed,caseworker muted me|caseworker removed me from the call|caseworker kicked me from the channel|muted me|removed me from the call|kicked me from the channel,embarrassed|hurt|anxious|lonely,respect|autonomy|consideration|to-be-heard,caseworker muted me while I was speaking.
caseworker-meeting-started-without-me,meeting started early|decisions made before I joined|caseworker began before scheduled time|began before scheduled time,confused|uncertain|anxious|unsettled,consideration|inclusion|predictability|respect,"When I joined at the scheduled time, they were already on agenda item two."
caseworker-form-closed-early,form closed early|submission window ended early|link closed before deadline,confused|uncertain|anxious|unsettled,fairness|clarity|respect|predictability,The application portal closed hours before the stated deadline.
caseworker-appointment-canceled-last-minute,appointment canceled last minute by caseworker|canceled same day|backed out with short notice,hurt|sad|lonely|anxious,reliability|support|consideration|security,caseworker canceled 30 minutes before the appointment.
caseworker-name-misspelled-after-correction,kept misspelling my name|used the wrong name after I corrected it|name still wrong in records,hurt|sad|lonely|anxious,respect|honor|to-be-seen|belonging,"After I corrected them, caseworker kept spelling my name wrong."
caseworker-conditional-invite,invited only if .*|'you can come if' from caseworker|included conditionally in plans,hurt|sad|lonely|anxious,belonging|inclusion|to-be-seen|respect,caseworker said I could come only if I handled the driving.
caseworker-backhanded-compliment,caseworker gave a backhanded compliment|'for someone like you' comment from caseworker|compliment with a dig|gave a backhanded compliment,embarrassed|hurt|anxious|lonely,respect|to-be-heard|consideration|honor,"caseworker said, 'You're articulate for someone so young.'"
caseworker-gaslight-phrases,caseworker said 'that's not what happened' after I described it|caseworker said I'm imagining things|'you're crazy' from caseworker|said 'that's not what happened' after I described it|said I'm imagining things,confused|uncertain|anxious|unsettled,understanding|honesty|trust|respect,"After I described the email, caseworker said it never happened."
caseworker-omitted-context,caseworker left out key info|caseworker didn't share the requirement|caseworker omitted the deadline|left out key info|didn't share the requirement|omitted the deadline,confused|uncertain|anxious|unsettled,clarity|honesty|support|fairness,I learned the requirement only after the submission closed.
caseworker-policy-enforced-selectively,rule applied to me not others|selective enforcement by caseworker|inconsistent policy enforcement,frustrated|pressured|tired|resentful,justice|fairness|respect|acknowledgement,Others got exceptions that I was denied.
caseworker-moderation-removed-no-reason,caseworker removed my post without reason|thread locked by caseworker|comment deleted without explanation|removed my post without reason,silenced|frustrated|lonely|powerless,participation|to-be-heard|consideration|mutuality,A moderator removed my post without any reason.
caseworker-algorithm-shadowban,my posts get no views|content hidden without notice|no one can see my posts,confused|uncertain|anxious|unsettled,clarity|predictability|justice|respect,My post views dropped to zero with no explanation.
caseworker-accessibility-gap,no captions provided|slides not accessible|no ramp available at venue,excluded|anxious|discouraged|frustrated,access|inclusion|respect|support,The webinar had no captions despite prior requests.
caseworker-parking-issue,parking spot taken despite permit|assigned spot occupied|blocked my car,frustrated|pressured|tired|resentful,fairness|clarity|respect|predictability,My assigned spot was taken and no alternative was offered.
caseworker-noise-violation-night,loud noise during quiet hours|party past quiet hours|music kept me up,overwhelmed|pressured|tired|anxious,rest|consideration|peace|respect,Music played loudly past midnight through the shared wall.
caseworker-thermostat-changed,thermostat changed without asking|temperature changed without checking|ac set very cold without asking,frustrated|pressured|tired|resentful,comfort|consideration|communication|respect,The thermostat was turned down while I was still working.
caseworker-paperwork-lost-agency,agency lost my documents|office misplaced my file|documents missing after submission,frustrated|pressured|tired|resentful,clarity|responsibility|acknowledgement|support,The office couldn't find the forms I submitted last month.
caseworker-immigration-appointment-changed,appointment rescheduled without notice|time changed after I confirmed|new date assigned without asking,anxious|tense|worried|uneasy,predictability|consideration|respect|clarity,The appointment was moved to a weekday morning without checking my availability.
caseworker-bank-fee-added,unexpected bank fee|maintenance fee added|account charged without explanation,confused|uncertain|anxious|unsettled,clarity|fairness|trust|honesty,A fee appeared on my account with no explanation.
caseworker-customer-service-loop,stuck in automated loop|can't reach a person|support bot replies only,frustrated|pressured|tired|resentful,support|access|clarity|consideration,The support line kept sending automated messages without connecting me to a person.
caseworker-safety-ignored,ignored safety protocol|didn't wear required gear|skipped the safety step,alarmed|scared|tense|anxious,safety|predictability|trust|care,caseworker began the procedure without wearing the required gloves.
caseworker-appointment-overbooked,double-booked my slot|two appointments at same time|overbooked schedule,anxious|tense|worried|uneasy,order|predictability|consideration|respect,Two appointments were booked at the same time for me.
caseworker-refused-accommodation,refused accommodation request|declined interpreter|didn't allow extra time,excluded|tense|anxious|frustrated,access|inclusion|respect|support,My request for captions was declined without alternatives.
caseworker-returned-item-denied,return denied without reason|store refused my return|policy not posted but used,confused|uncertain|anxious|unsettled,fairness|clarity|respect|predictability,The return was denied and no policy was shown.
caseworker-room-entered-without-consent,entered my room without knocking|opened my door without asking|came in unannounced,alarmed|scared|tense|anxious,space|privacy|safety|respect,caseworker opened my door and stepped in without knocking.
caseworker-belongings-moved,moved my things without asking|rearranged my desk|tidied my items without checking,frustrated|pressured|tired|resentful,autonomy|space|respect|consideration,My labeled folders were moved to a cabinet.
caseworker-back-to-back-meetings,scheduled meetings back to back|no breaks between calls|stacked calendar without space,overwhelmed|pressured|tired|anxious,support|do-things-at-my-own-pace-and-in-my-own-way|consideration|rest,Three meetings were booked with no buffer in between.
caseworker-i-feel-like-phrasing,I feel like they ignored me|I feel like no one cares|I feel like they did this on purpose,hurt|sad|lonely|anxious,to-be-heard|acknowledgement|understanding|connection,I feel like no one cared about my message today.
caseworker-because-clause,they left because I spoke up|they changed plans because of me|they did it because I said no,hurt|sad|lonely|anxious,to-be-heard|respect|mutuality|understanding,"They left right after I spoke up, saying it was because I challenged the idea."
caseworker-after-clause,"after I shared, no response|after I asked, they went silent|after I arrived, the plan changed",confused|uncertain|anxious|unsettled,clarity|respect|consideration|predictability,"After I asked a question, they went silent."
caseworker-comparison-better-than,"compared me to someone else|'unlike X, you' from caseworker|said others do it better",hurt|sad|lonely|anxious,to-be-seen|fairness|acknowledgement|respect,caseworker said someone else handles it better than me.
caseworker-apology-missing,no apology after mistake|never apologized|didn't say sorry,hurt|sad|lonely|anxious,accountability|repair|respect|honesty,"After the mistake, there was no apology from caseworker."
immigration-officer-ignored-message,immigration officer ignored my message|immigration officer left me on read|immigration officer did not reply|seen .* no reply from immigration officer|I feel like immigration officer ignored me|ignored my message|left me on read|did not reply|I feel like ignored me,hurt|sad|lonely|anxious,to-be-seen|connection|belonging|consideration,I sent two messages to immigration officer and saw 'seen' with no reply for 48 hours.
immigration-officer-changed-plan-without-asking,immigration officer changed the plan without asking|immigration officer decided for me|immigration officer made plans without me|immigration officer told me I had to|changed the plan without asking|decided for me|made plans without me|told me I had to,frustrated|pressured|tired|resentful,autonomy|choice|freedom|mutuality,immigration officer changed the plan and told me what I'd be doing without checking.
immigration-officer-overcharged,charged .* extra at checkout|price higher than quoted by immigration officer|fee added after total|tip changed after payment,confused|uncertain|anxious|unsettled,clarity|fairness|trust|honesty,The final bill from immigration officer included a fee that wasn't in the quote.
immigration-officer-lost-item,lost my .*|my .* was misplaced|immigration officer can't find my paperwork|immigration officer lost my paperwork|can't find my paperwork|lost my paperwork,frustrated|pressured|tired|resentful,care|clarity|acknowledgement|responsibility,immigration officer couldn't find the paperwork I handed them last week.
immigration-officer-breach-privacy,immigration officer shared my info without consent|immigration officer forwarded my email|immigration officer posted my photo without asking|screenshot of our chat shared by immigration officer|shared my info without consent|forwarded my email|posted my photo without asking,confused|uncertain|anxious|unsettled,privacy|autonomy|respect|safety,immigration officer posted a screenshot of our chat in a group without asking.
immigration-officer-public-criticism,immigration officer criticized me in public|immigration officer called me out in front of others|immigration officer pointed out my mistake loudly|criticized me in public|called me out in front of others|pointed out my mistake loudly,embarrassed|hurt|anxious|lonely,respect|to-be-heard|consideration|honor,immigration officer highlighted my mistake during the meeting while others watched.
immigration-officer-credit-taken,immigration officer took credit for my work|immigration officer presented my work as theirs|immigration officer left my name off|took credit for my work|presented my work as theirs|left my name off,jealous|hurt|angry|anxious,acknowledgement|recognition|fairness|respect,My contribution was presented by immigration officer without my name mentioned.
immigration-officer-deadline-moved-earlier,deadline moved up by immigration officer|due date pulled earlier by immigration officer|asked for delivery sooner than agreed by immigration officer,overwhelmed|pressured|tired|anxious,support|do-things-at-my-own-pace-and-in-my-own-way|consideration|rest,The due date was moved from Friday to Wednesday without checking my capacity.
immigration-officer-muted-or-removed,immigration officer muted me|immigration officer removed me from the call|immigration officer kicked me from the channel|muted me|removed me from the call|kicked me from the channel,embarrassed|hurt|anxious|lonely,respect|autonomy|consideration|to-be-heard,immigration officer muted me while I was speaking.
immigration-officer-meeting-started-without-me,meeting started early|decisions made before I joined|immigration officer began before scheduled time|began before scheduled time,confused|uncertain|anxious|unsettled,consideration|inclusion|predictability|respect,"When I joined at the scheduled time, they were already on agenda item two."
immigration-officer-form-closed-early,form closed early|submission window ended early|link closed before deadline,confused|uncertain|anxious|unsettled,fairness|clarity|respect|predictability,The application portal closed hours before the stated deadline.
immigration-officer-appointment-canceled-last-minute,appointment canceled last minute by immigration officer|canceled same day|backed out with short notice,hurt|sad|lonely|anxious,reliability|support|consideration|security,immigration officer canceled 30 minutes before the appointment.
immigration-officer-name-misspelled-after-correction,kept misspelling my name|used the wrong name after I corrected it|name still wrong in records,hurt|sad|lonely|anxious,respect|honor|to-be-seen|belonging,"After I corrected them, immigration officer kept spelling my name wrong."
immigration-officer-conditional-invite,invited only if .*|'you can come if' from immigration officer|included conditionally in plans,hurt|sad|lonely|anxious,belonging|inclusion|to-be-seen|respect,immigration officer said I could come only if I handled the driving.
immigration-officer-backhanded-compliment,immigration officer gave a backhanded compliment|'for someone like you' comment from immigration officer|compliment with a dig|gave a backhanded compliment,embarrassed|hurt|anxious|lonely,respect|to-be-heard|consideration|honor,"immigration officer said, 'You're articulate for someone so young.'"
immigration-officer-gaslight-phrases,immigration officer said 'that's not what happened' after I described it|immigration officer said I'm imagining things|'you're crazy' from immigration officer|said 'that's not what happened' after I described it|said I'm imagining things,confused|uncertain|anxious|unsettled,understanding|honesty|trust|respect,"After I described the email, immigration officer said it never happened."
immigration-officer-omitted-context,immigration officer left out key info|immigration officer didn't share the requirement|immigration officer omitted the deadline|left out key info|didn't share the requirement|omitted the deadline,confused|uncertain|anxious|unsettled,clarity|honesty|support|fairness,I learned the requirement only after the submission closed.
immigration-officer-policy-enforced-selectively,rule applied to me not others|selective enforcement by immigration officer|inconsistent policy enforcement,frustrated|pressured|tired|resentful,justice|fairness|respect|acknowledgement,Others got exceptions that I was denied.
immigration-officer-moderation-removed-no-reason,immigration officer removed my post without reason|thread locked by immigration officer|comment deleted without explanation|removed my post without reason,silenced|frustrated|lonely|powerless,participation|to-be-heard|consideration|mutuality,A moderator removed my post without any reason.
immigration-officer-algorithm-shadowban,my posts get no views|content hidden without notice|no one can see my posts,confused|uncertain|anxious|unsettled,clarity|predictability|justice|respect,My post views dropped to zero with no explanation.
immigration-officer-accessibility-gap,no captions provided|slides not accessible|no ramp available at venue,excluded|anxious|discouraged|frustrated,access|inclusion|respect|support,The webinar had no captions despite prior requests.
immigration-officer-parking-issue,parking spot taken despite permit|assigned spot occupied|blocked my car,frustrated|pressured|tired|resentful,fairness|clarity|respect|predictability,My assigned spot was taken and no alternative was offered.
immigration-officer-noise-violation-night,loud noise during quiet hours|party past quiet hours|music kept me up,overwhelmed|pressured|tired|anxious,rest|consideration|peace|respect,Music played loudly past midnight through the shared wall.
immigration-officer-thermostat-changed,thermostat changed without asking|temperature changed without checking|ac set very cold without asking,frustrated|pressured|tired|resentful,comfort|consideration|communication|respect,The thermostat was turned down while I was still working.
immigration-officer-paperwork-lost-agency,agency lost my documents|office misplaced my file|documents missing after submission,frustrated|pressured|tired|resentful,clarity|responsibility|acknowledgement|support,The office couldn't find the forms I submitted last month.
immigration-officer-immigration-appointment-changed,appointment rescheduled without notice|time changed after I confirmed|new date assigned without asking,anxious|tense|worried|uneasy,predictability|consideration|respect|clarity,The appointment was moved to a weekday morning without checking my availability.
immigration-officer-bank-fee-added,unexpected bank fee|maintenance fee added|account charged without explanation,confused|uncertain|anxious|unsettled,clarity|fairness|trust|honesty,A fee appeared on my account with no explanation.
immigration-officer-customer-service-loop,stuck in automated loop|can't reach a person|support bot replies only,frustrated|pressured|tired|resentful,support|access|clarity|consideration,The support line kept sending automated messages without connecting me to a person.
immigration-officer-safety-ignored,ignored safety protocol|didn't wear required gear|skipped the safety step,alarmed|scared|tense|anxious,safety|predictability|trust|care,immigration officer began the procedure without wearing the required gloves.
immigration-officer-appointment-overbooked,double-booked my slot|two appointments at same time|overbooked schedule,anxious|tense|worried|uneasy,order|predictability|consideration|respect,Two appointments were booked at the same time for me.
immigration-officer-refused-accommodation,refused accommodation request|declined interpreter|didn't allow extra time,excluded|tense|anxious|frustrated,access|inclusion|respect|support,My request for captions was declined without alternatives.
immigration-officer-returned-item-denied,return denied without reason|store refused my return|policy not posted but used,confused|uncertain|anxious|unsettled,fairness|clarity|respect|predictability,The return was denied and no policy was shown.
immigration-officer-room-entered-without-consent,entered my room without knocking|opened my door without asking|came in unannounced,alarmed|scared|tense|anxious,space|privacy|safety|respect,immigration officer opened my door and stepped in without knocking.
immigration-officer-belongings-moved,moved my things without asking|rearranged my desk|tidied my items without checking,frustrated|pressured|tired|resentful,autonomy|space|respect|consideration,My labeled folders were moved to a cabinet.
immigration-officer-back-to-back-meetings,scheduled meetings back to back|no breaks between calls|stacked calendar without space,overwhelmed|pressured|tired|anxious,support|do-things-at-my-own-pace-and-in-my-own-way|consideration|rest,Three meetings were booked with no buffer in between.
immigration-officer-i-feel-like-phrasing,I feel like they ignored me|I feel like no one cares|I feel like they did this on purpose,hurt|sad|lonely|anxious,to-be-heard|acknowledgement|understanding|connection,I feel like no one cared about my message today.
immigration-officer-because-clause,they left because I spoke up|they changed plans because of me|they did it because I said no,hurt|sad|lonely|anxious,to-be-heard|respect|mutuality|understanding,"They left right after I spoke up, saying it was because I challenged the idea."
immigration-officer-after-clause,"after I shared, no response|after I asked, they went silent|after I arrived, the plan changed",confused|uncertain|anxious|unsettled,clarity|respect|consideration|predictability,"After I asked a question, they went silent."
immigration-officer-comparison-better-than,"compared me to someone else|'unlike X, you' from immigration officer|said others do it better",hurt|sad|lonely|anxious,to-be-seen|fairness|acknowledgement|respect,immigration officer said someone else handles it better than me.
immigration-officer-apology-missing,no apology after mistake|never apologized|didn't say sorry,hurt|sad|lonely|anxious,accountability|repair|respect|honesty,"After the mistake, there was no apology from immigration officer."
social-worker-ignored-message,social worker ignored my message|social worker left me on read|social worker did not reply|seen .* no reply from social worker|I feel like social worker ignored me|ignored my message|left me on read|did not reply|I feel like ignored me,hurt|sad|lonely|anxious,to-be-seen|connection|belonging|consideration,I sent two messages to social worker and saw 'seen' with no reply for 48 hours.
social-worker-changed-plan-without-asking,social worker changed the plan without asking|social worker decided for me|social worker made plans without me|social worker told me I had to|changed the plan without asking|decided for me|made plans without me|told me I had to,frustrated|pressured|tired|resentful,autonomy|choice|freedom|mutuality,social worker changed the plan and told me what I'd be doing without checking.
social-worker-overcharged,charged .* extra at checkout|price higher than quoted by social worker|fee added after total|tip changed after payment,confused|uncertain|anxious|unsettled,clarity|fairness|trust|honesty,The final bill from social worker included a fee that wasn't in the quote.
social-worker-lost-item,lost my .*|my .* was misplaced|social worker can't find my paperwork|social worker lost my paperwork|can't find my paperwork|lost my paperwork,frustrated|pressured|tired|resentful,care|clarity|acknowledgement|responsibility,social worker couldn't find the paperwork I handed them last week.
social-worker-breach-privacy,social worker shared my info without consent|social worker forwarded my email|social worker posted my photo without asking|screenshot of our chat shared by social worker|shared my info without consent|forwarded my email|posted my photo without asking,confused|uncertain|anxious|unsettled,privacy|autonomy|respect|safety,social worker posted a screenshot of our chat in a group without asking.
social-worker-public-criticism,social worker criticized me in public|social worker called me out in front of others|social worker pointed out my mistake loudly|criticized me in public|called me out in front of others|pointed out my mistake loudly,embarrassed|hurt|anxious|lonely,respect|to-be-heard|consideration|honor,social worker highlighted my mistake during the meeting while others watched.
social-worker-credit-taken,social worker took credit for my work|social worker presented my work as theirs|social worker left my name off|took credit for my work|presented my work as theirs|left my name off,jealous|hurt|angry|anxious,acknowledgement|recognition|fairness|respect,My contribution was presented by social worker without my name mentioned.
social-worker-deadline-moved-earlier,deadline moved up by social worker|due date pulled earlier by social worker|asked for delivery sooner than agreed by social worker,overwhelmed|pressured|tired|anxious,support|do-things-at-my-own-pace-and-in-my-own-way|consideration|rest,The due date was moved from Friday to Wednesday without checking my capacity.
social-worker-muted-or-removed,social worker muted me|social worker removed me from the call|social worker kicked me from the channel|muted me|removed me from the call|kicked me from the channel,embarrassed|hurt|anxious|lonely,respect|autonomy|consideration|to-be-heard,social worker muted me while I was speaking.
social-worker-meeting-started-without-me,meeting started early|decisions made before I joined|social worker began before scheduled time|began before scheduled time,confused|uncertain|anxious|unsettled,consideration|inclusion|predictability|respect,"When I joined at the scheduled time, they were already on agenda item two."
social-worker-form-closed-early,form closed early|submission window ended early|link closed before deadline,confused|uncertain|anxious|unsettled,fairness|clarity|respect|predictability,The application portal closed hours before the stated deadline.
social-worker-appointment-canceled-last-minute,appointment canceled last minute by social worker|canceled same day|backed out with short notice,hurt|sad|lonely|anxious,reliability|support|consideration|security,social worker canceled 30 minutes before the appointment.
social-worker-name-misspelled-after-correction,kept misspelling my name|used the wrong name after I corrected it|name still wrong in records,hurt|sad|lonely|anxious,respect|honor|to-be-seen|belonging,"After I corrected them, social worker kept spelling my name wrong."
social-worker-conditional-invite,invited only if .*|'you can come if' from social worker|included conditionally in plans,hurt|sad|lonely|anxious,belonging|inclusion|to-be-seen|respect,social worker said I could come only if I handled the driving.
social-worker-backhanded-compliment,social worker gave a backhanded compliment|'for someone like you' comment from social worker|compliment with a dig|gave a backhanded compliment,embarrassed|hurt|anxious|lonely,respect|to-be-heard|consideration|honor,"social worker said, 'You're articulate for someone so young.'"
social-worker-gaslight-phrases,social worker said 'that's not what happened' after I described it|social worker said I'm imagining things|'you're crazy' from social worker|said 'that's not what happened' after I described it|said I'm imagining things,confused|uncertain|anxious|unsettled,understanding|honesty|trust|respect,"After I described the email, social worker said it never happened."
social-worker-omitted-context,social worker left out key info|social worker didn't share the requirement|social worker omitted the deadline|left out key info|didn't share the requirement|omitted the deadline,confused|uncertain|anxious|unsettled,clarity|honesty|support|fairness,I learned the requirement only after the submission closed.
social-worker-policy-enforced-selectively,rule applied to me not others|selective enforcement by social worker|inconsistent policy enforcement,frustrated|pressured|tired|resentful,justice|fairness|respect|acknowledgement,Others got exceptions that I was denied.
social-worker-moderation-removed-no-reason,social worker removed my post without reason|thread locked by social worker|comment deleted without explanation|removed my post without reason,silenced|frustrated|lonely|powerless,participation|to-be-heard|consideration|mutuality,A moderator removed my post without any reason.
social-worker-algorithm-shadowban,my posts get no views|content hidden without notice|no one can see my posts,confused|uncertain|anxious|unsettled,clarity|predictability|justice|respect,My post views dropped to zero with no explanation.
social-worker-accessibility-gap,no captions provided|slides not accessible|no ramp available at venue,excluded|anxious|discouraged|frustrated,access|inclusion|respect|support,The webinar had no captions despite prior requests.
social-worker-parking-issue,parking spot taken despite permit|assigned spot occupied|blocked my car,frustrated|pressured|tired|resentful,fairness|clarity|respect|predictability,My assigned spot was taken and no alternative was offered.
social-worker-noise-violation-night,loud noise during quiet hours|party past quiet hours|music kept me up,overwhelmed|pressured|tired|anxious,rest|consideration|peace|respect,Music played loudly past midnight through the shared wall.
social-worker-thermostat-changed,thermostat changed without asking|temperature changed without checking|ac set very cold without asking,frustrated|pressured|tired|resentful,comfort|consideration|communication|respect,The thermostat was turned down while I was still working.
social-worker-paperwork-lost-agency,agency lost my documents|office misplaced my file|documents missing after submission,frustrated|pressured|tired|resentful,clarity|responsibility|acknowledgement|support,The office couldn't find the forms I submitted last month.
social-worker-immigration-appointment-changed,appointment rescheduled without notice|time changed after I confirmed|new date assigned without asking,anxious|tense|worried|uneasy,predictability|consideration|respect|clarity,The appointment was moved to a weekday morning without checking my availability.
social-worker-bank-fee-added,unexpected bank fee|maintenance fee added|account charged without explanation,confused|uncertain|anxious|unsettled,clarity|fairness|trust|honesty,A fee appeared on my account with no explanation.
social-worker-customer-service-loop,stuck in automated loop|can't reach a person|support bot replies only,frustrated|pressured|tired|resentful,support|access|clarity|consideration,The support line kept sending automated messages without connecting me to a person.
social-worker-safety-ignored,ignored safety protocol|didn't wear required gear|skipped the safety step,alarmed|scared|tense|anxious,safety|predictability|trust|care,social worker began the procedure without wearing the required gloves.
social-worker-appointment-overbooked,double-booked my slot|two appointments at same time|overbooked schedule,anxious|tense|worried|uneasy,order|predictability|consideration|respect,Two appointments were booked at the same time for me.
social-worker-refused-accommodation,refused accommodation request|declined interpreter|didn't allow extra time,excluded|tense|anxious|frustrated,access|inclusion|respect|support,My request for captions was declined without alternatives.
social-worker-returned-item-denied,return denied without reason|store refused my return|policy not posted but used,confused|uncertain|anxious|unsettled,fairness|clarity|respect|predictability,The return was denied and no policy was shown.
social-worker-room-entered-without-consent,entered my room without knocking|opened my door without asking|came in unannounced,alarmed|scared|tense|anxious,space|privacy|safety|respect,social worker opened my door and stepped in without knocking.
social-worker-belongings-moved,moved my things without asking|rearranged my desk|tidied my items without checking,frustrated|pressured|tired|resentful,autonomy|space|respect|consideration,My labeled folders were moved to a cabinet.
social-worker-back-to-back-meetings,scheduled meetings back to back|no breaks between calls|stacked calendar without space,overwhelmed|pressured|tired|anxious,support|do-things-at-my-own-pace-and-in-my-own-way|consideration|rest,Three meetings were booked with no buffer in between.
social-worker-i-feel-like-phrasing,I feel like they ignored me|I feel like no one cares|I feel like they did this on purpose,hurt|sad|lonely|anxious,to-be-heard|acknowledgement|understanding|connection,I feel like no one cared about my message today.
social-worker-because-clause,they left because I spoke up|they changed plans because of me|they did it because I said no,hurt|sad|lonely|anxious,to-be-heard|respect|mutuality|understanding,"They left right after I spoke up, saying it was because I challenged the idea."
social-worker-after-clause,"after I shared, no response|after I asked, they went silent|after I arrived, the plan changed",confused|uncertain|anxious|unsettled,clarity|respect|consideration|predictability,"After I asked a question, they went silent."
social-worker-comparison-better-than,"compared me to someone else|'unlike X, you' from social worker|said others do it better",hurt|sad|lonely|anxious,to-be-seen|fairness|acknowledgement|respect,social worker said someone else handles it better than me.
social-worker-apology-missing,no apology after mistake|never apologized|didn't say sorry,hurt|sad|lonely|anxious,accountability|repair|respect|honesty,"After the mistake, there was no apology from social worker."
librarian-ignored-message,librarian ignored my message|librarian left me on read|librarian did not reply|seen .* no reply from librarian|I feel like librarian ignored me|ignored my message|left me on read|did not reply|I feel like ignored me,hurt|sad|lonely|anxious,to-be-seen|connection|belonging|consideration,I sent two messages to librarian and saw 'seen' with no reply for 48 hours.
librarian-changed-plan-without-asking,librarian changed the plan without asking|librarian decided for me|librarian made plans without me|librarian told me I had to|changed the plan without asking|decided for me|made plans without me|told me I had to,frustrated|pressured|tired|resentful,autonomy|choice|freedom|mutuality,librarian changed the plan and told me what I'd be doing without checking.
librarian-overcharged,charged .* extra at checkout|price higher than quoted by librarian|fee added after total|tip changed after payment,confused|uncertain|anxious|unsettled,clarity|fairness|trust|honesty,The final bill from librarian included a fee that wasn't in the quote.
librarian-lost-item,lost my .*|my .* was misplaced|librarian can't find my paperwork|librarian lost my paperwork|can't find my paperwork|lost my paperwork,frustrated|pressured|tired|resentful,care|clarity|acknowledgement|responsibility,librarian couldn't find the paperwork I handed them last week.
librarian-breach-privacy,librarian shared my info without consent|librarian forwarded my email|librarian posted my photo without asking|screenshot of our chat shared by librarian|shared my info without consent|forwarded my email|posted my photo without asking,confused|uncertain|anxious|unsettled,privacy|autonomy|respect|safety,librarian posted a screenshot of our chat in a group without asking.
librarian-public-criticism,librarian criticized me in public|librarian called me out in front of others|librarian pointed out my mistake loudly|criticized me in public|called me out in front of others|pointed out my mistake loudly,embarrassed|hurt|anxious|lonely,respect|to-be-heard|consideration|honor,librarian highlighted my mistake during the meeting while others watched.
librarian-credit-taken,librarian took credit for my work|librarian presented my work as theirs|librarian left my name off|took credit for my work|presented my work as theirs|left my name off,jealous|hurt|angry|anxious,acknowledgement|recognition|fairness|respect,My contribution was presented by librarian without my name mentioned.
librarian-deadline-moved-earlier,deadline moved up by librarian|due date pulled earlier by librarian|asked for delivery sooner than agreed by librarian,overwhelmed|pressured|tired|anxious,support|do-things-at-my-own-pace-and-in-my-own-way|consideration|rest,The due date was moved from Friday to Wednesday without checking my capacity.
librarian-muted-or-removed,librarian muted me|librarian removed me from the call|librarian kicked me from the channel|muted me|removed me from the call|kicked me from the channel,embarrassed|hurt|anxious|lonely,respect|autonomy|consideration|to-be-heard,librarian muted me while I was speaking.
librarian-meeting-started-without-me,meeting started early|decisions made before I joined|librarian began before scheduled time|began before scheduled time,confused|uncertain|anxious|unsettled,consideration|inclusion|predictability|respect,"When I joined at the scheduled time, they were already on agenda item two."
librarian-form-closed-early,form closed early|submission window ended early|link closed before deadline,confused|uncertain|anxious|unsettled,fairness|clarity|respect|predictability,The application portal closed hours before the stated deadline.
librarian-appointment-canceled-last-minute,appointment canceled last minute by librarian|canceled same day|backed out with short notice,hurt|sad|lonely|anxious,reliability|support|consideration|security,librarian canceled 30 minutes before the appointment.
librarian-name-misspelled-after-correction,kept misspelling my name|used the wrong name after I corrected it|name still wrong in records,hurt|sad|lonely|anxious,respect|honor|to-be-seen|belonging,"After I corrected them, librarian kept spelling my name wrong."
librarian-conditional-invite,invited only if .*|'you can come if' from librarian|included conditionally in plans,hurt|sad|lonely|anxious,belonging|inclusion|to-be-seen|respect,librarian said I could come only if I handled the driving.
librarian-backhanded-compliment,librarian gave a backhanded compliment|'for someone like you' comment from librarian|compliment with a dig|gave a backhanded compliment,embarrassed|hurt|anxious|lonely,respect|to-be-heard|consideration|honor,"librarian said, 'You're articulate for someone so young.'"
librarian-gaslight-phrases,librarian said 'that's not what happened' after I described it|librarian said I'm imagining things|'you're crazy' from librarian|said 'that's not what happened' after I described it|said I'm imagining things,confused|uncertain|anxious|unsettled,understanding|honesty|trust|respect,"After I described the email, librarian said it never happened."
librarian-omitted-context,librarian left out key info|librarian didn't share the requirement|librarian omitted the deadline|left out key info|didn't share the requirement|omitted the deadline,confused|uncertain|anxious|unsettled,clarity|honesty|support|fairness,I learned the requirement only after the submission closed.
librarian-policy-enforced-selectively,rule applied to me not others|selective enforcement by librarian|inconsistent policy enforcement,frustrated|pressured|tired|resentful,justice|fairness|respect|acknowledgement,Others got exceptions that I was denied.
librarian-moderation-removed-no-reason,librarian removed my post without reason|thread locked by librarian|comment deleted without explanation|removed my post without reason,silenced|frustrated|lonely|powerless,participation|to-be-heard|consideration|mutuality,A moderator removed my post without any reason.
librarian-algorithm-shadowban,my posts get no views|content hidden without notice|no one can see my posts,confused|uncertain|anxious|unsettled,clarity|predictability|justice|respect,My post views dropped to zero with no explanation.
librarian-accessibility-gap,no captions provided|slides not accessible|no ramp available at venue,excluded|anxious|discouraged|frustrated,access|inclusion|respect|support,The webinar had no captions despite prior requests.
librarian-parking-issue,parking spot taken despite permit|assigned spot occupied|blocked my car,frustrated|pressured|tired|resentful,fairness|clarity|respect|predictability,My assigned spot was taken and no alternative was offered.
librarian-noise-violation-night,loud noise during quiet hours|party past quiet hours|music kept me up,overwhelmed|pressured|tired|anxious,rest|consideration|peace|respect,Music played loudly past midnight through the shared wall.
librarian-thermostat-changed,thermostat changed without asking|temperature changed without checking|ac set very cold without asking,frustrated|pressured|tired|resentful,comfort|consideration|communication|respect,The thermostat was turned down while I was still working.
librarian-paperwork-lost-agency,agency lost my documents|office misplaced my file|documents missing after submission,frustrated|pressured|tired|resentful,clarity|responsibility|acknowledgement|support,The office couldn't find the forms I submitted last month.
librarian-immigration-appointment-changed,appointment rescheduled without notice|time changed after I confirmed|new date assigned without asking,anxious|tense|worried|uneasy,predictability|consideration|respect|clarity,The appointment was moved to a weekday morning without checking my availability.
librarian-bank-fee-added,unexpected bank fee|maintenance fee added|account charged without explanation,confused|uncertain|anxious|unsettled,clarity|fairness|trust|honesty,A fee appeared on my account with no explanation.
librarian-customer-service-loop,stuck in automated loop|can't reach a person|support bot replies only,frustrated|pressured|tired|resentful,support|access|clarity|consideration,The support line kept sending automated messages without connecting me to a person.
librarian-safety-ignored,ignored safety protocol|didn't wear required gear|skipped the safety step,alarmed|scared|tense|anxious,safety|predictability|trust|care,librarian began the procedure without wearing the required gloves.
librarian-appointment-overbooked,double-booked my slot|two appointments at same time|overbooked schedule,anxious|tense|worried|uneasy,order|predictability|consideration|respect,Two appointments were booked at the same time for me.
librarian-refused-accommodation,refused accommodation request|declined interpreter|didn't allow extra time,excluded|tense|anxious|frustrated,access|inclusion|respect|support,My request for captions was declined without alternatives.
librarian-returned-item-denied,return denied without reason|store refused my return|policy not posted but used,confused|uncertain|anxious|unsettled,fairness|clarity|respect|predictability,The return was denied and no policy was shown.
librarian-room-entered-without-consent,entered my room without knocking|opened my door without asking|came in unannounced,alarmed|scared|tense|anxious,space|privacy|safety|respect,librarian opened my door and stepped in without knocking.
librarian-belongings-moved,moved my things without asking|rearranged my desk|tidied my items without checking,frustrated|pressured|tired|resentful,autonomy|space|respect|consideration,My labeled folders were moved to a cabinet.
librarian-back-to-back-meetings,scheduled meetings back to back|no breaks between calls|stacked calendar without space,overwhelmed|pressured|tired|anxious,support|do-things-at-my-own-pace-and-in-my-own-way|consideration|rest,Three meetings were booked with no buffer in between.
librarian-i-feel-like-phrasing,I feel like they ignored me|I feel like no one cares|I feel like they did this on purpose,hurt|sad|lonely|anxious,to-be-heard|acknowledgement|understanding|connection,I feel like no one cared about my message today.
librarian-because-clause,they left because I spoke up|they changed plans because of me|they did it because I said no,hurt|sad|lonely|anxious,to-be-heard|respect|mutuality|understanding,"They left right after I spoke up, saying it was because I challenged the idea."
librarian-after-clause,"after I shared, no response|after I asked, they went silent|after I arrived, the plan changed",confused|uncertain|anxious|unsettled,clarity|respect|consideration|predictability,"After I asked a question, they went silent."
librarian-comparison-better-than,"compared me to someone else|'unlike X, you' from librarian|said others do it better",hurt|sad|lonely|anxious,to-be-seen|fairness|acknowledgement|respect,librarian said someone else handles it better than me.
librarian-apology-missing,no apology after mistake|never apologized|didn't say sorry,hurt|sad|lonely|anxious,accountability|repair|respect|honesty,"After the mistake, there was no apology from librarian."
pharmacist-ignored-message,pharmacist ignored my message|pharmacist left me on read|pharmacist did not reply|seen .* no reply from pharmacist|I feel like pharmacist ignored me|ignored my message|left me on read|did not reply|I feel like ignored me,hurt|sad|lonely|anxious,to-be-seen|connection|belonging|consideration,I sent two messages to pharmacist and saw 'seen' with no reply for 48 hours.
pharmacist-changed-plan-without-asking,pharmacist changed the plan without asking|pharmacist decided for me|pharmacist made plans without me|pharmacist told me I had to|changed the plan without asking|decided for me|made plans without me|told me I had to,frustrated|pressured|tired|resentful,autonomy|choice|freedom|mutuality,pharmacist changed the plan and told me what I'd be doing without checking.
pharmacist-overcharged,charged .* extra at checkout|price higher than quoted by pharmacist|fee added after total|tip changed after payment,confused|uncertain|anxious|unsettled,clarity|fairness|trust|honesty,The final bill from pharmacist included a fee that wasn't in the quote.
pharmacist-lost-item,lost my .*|my .* was misplaced|pharmacist can't find my paperwork|pharmacist lost my paperwork|can't find my paperwork|lost my paperwork,frustrated|pressured|tired|resentful,care|clarity|acknowledgement|responsibility,pharmacist couldn't find the paperwork I handed them last week.
pharmacist-breach-privacy,pharmacist shared my info without consent|pharmacist forwarded my email|pharmacist posted my photo without asking|screenshot of our chat shared by pharmacist|shared my info without consent|forwarded my email|posted my photo without asking,confused|uncertain|anxious|unsettled,privacy|autonomy|respect|safety,pharmacist posted a screenshot of our chat in a group without asking.
pharmacist-public-criticism,pharmacist criticized me in public|pharmacist called me out in front of others|pharmacist pointed out my mistake loudly|criticized me in public|called me out in front of others|pointed out my mistake loudly,embarrassed|hurt|anxious|lonely,respect|to-be-heard|consideration|honor,pharmacist highlighted my mistake during the meeting while others watched.
pharmacist-credit-taken,pharmacist took credit for my work|pharmacist presented my work as theirs|pharmacist left my name off|took credit for my work|presented my work as theirs|left my name off,jealous|hurt|angry|anxious,acknowledgement|recognition|fairness|respect,My contribution was presented by pharmacist without my name mentioned.
pharmacist-deadline-moved-earlier,deadline moved up by pharmacist|due date pulled earlier by pharmacist|asked for delivery sooner than agreed by pharmacist,overwhelmed|pressured|tired|anxious,support|do-things-at-my-own-pace-and-in-my-own-way|consideration|rest,The due date was moved from Friday to Wednesday without checking my capacity.
pharmacist-muted-or-removed,pharmacist muted me|pharmacist removed me from the call|pharmacist kicked me from the channel|muted me|removed me from the call|kicked me from the channel,embarrassed|hurt|anxious|lonely,respect|autonomy|consideration|to-be-heard,pharmacist muted me while I was speaking.
pharmacist-meeting-started-without-me,meeting started early|decisions made before I joined|pharmacist began before scheduled time|began before scheduled time,confused|uncertain|anxious|unsettled,consideration|inclusion|predictability|respect,"When I joined at the scheduled time, they were already on agenda item two."
pharmacist-form-closed-early,form closed early|submission window ended early|link closed before deadline,confused|uncertain|anxious|unsettled,fairness|clarity|respect|predictability,The application portal closed hours before the stated deadline.
pharmacist-appointment-canceled-last-minute,appointment canceled last minute by pharmacist|canceled same day|backed out with short notice,hurt|sad|lonely|anxious,reliability|support|consideration|security,pharmacist canceled 30 minutes before the appointment.
pharmacist-name-misspelled-after-correction,kept misspelling my name|used the wrong name after I corrected it|name still wrong in records,hurt|sad|lonely|anxious,respect|honor|to-be-seen|belonging,"After I corrected them, pharmacist kept spelling my name wrong."
pharmacist-conditional-invite,invited only if .*|'you can come if' from pharmacist|included conditionally in plans,hurt|sad|lonely|anxious,belonging|inclusion|to-be-seen|respect,pharmacist said I could come only if I handled the driving.
pharmacist-backhanded-compliment,pharmacist gave a backhanded compliment|'for someone like you' comment from pharmacist|compliment with a dig|gave a backhanded compliment,embarrassed|hurt|anxious|lonely,respect|to-be-heard|consideration|honor,"pharmacist said, 'You're articulate for someone so young.'"
pharmacist-gaslight-phrases,pharmacist said 'that's not what happened' after I described it|pharmacist said I'm imagining things|'you're crazy' from pharmacist|said 'that's not what happened' after I described it|said I'm imagining things,confused|uncertain|anxious|unsettled,understanding|honesty|trust|respect,"After I described the email, pharmacist said it never happened."
pharmacist-omitted-context,pharmacist left out key info|pharmacist didn't share the requirement|pharmacist omitted the deadline|left out key info|didn't share the requirement|omitted the deadline,confused|uncertain|anxious|unsettled,clarity|honesty|support|fairness,I learned the requirement only after the submission closed.
pharmacist-policy-enforced-selectively,rule applied to me not others|selective enforcement by pharmacist|inconsistent policy enforcement,frustrated|pressured|tired|resentful,justice|fairness|respect|acknowledgement,Others got exceptions that I was denied.
pharmacist-moderation-removed-no-reason,pharmacist removed my post without reason|thread locked by pharmacist|comment deleted without explanation|removed my post without reason,silenced|frustrated|lonely|powerless,participation|to-be-heard|consideration|mutuality,A moderator removed my post without any reason.
pharmacist-algorithm-shadowban,my posts get no views|content hidden without notice|no one can see my posts,confused|uncertain|anxious|unsettled,clarity|predictability|justice|respect,My post views dropped to zero with no explanation.
pharmacist-accessibility-gap,no captions provided|slides not accessible|no ramp available at venue,excluded|anxious|discouraged|frustrated,access|inclusion|respect|support,The webinar had no captions despite prior requests.
pharmacist-parking-issue,parking spot taken despite permit|assigned spot occupied|blocked my car,frustrated|pressured|tired|resentful,fairness|clarity|respect|predictability,My assigned spot was taken and no alternative was offered.
pharmacist-noise-violation-night,loud noise during quiet hours|party past quiet hours|music kept me up,overwhelmed|pressured|tired|anxious,rest|consideration|peace|respect,Music played loudly past midnight through the shared wall.
pharmacist-thermostat-changed,thermostat changed without asking|temperature changed without checking|ac set very cold without asking,frustrated|pressured|tired|resentful,comfort|consideration|communication|respect,The thermostat was turned down while I was still working.
pharmacist-paperwork-lost-agency,agency lost my documents|office misplaced my file|documents missing after submission,frustrated|pressured|tired|resentful,clarity|responsibility|acknowledgement|support,The office couldn't find the forms I submitted last month.
pharmacist-immigration-appointment-changed,appointment rescheduled without notice|time changed after I confirmed|new date assigned without asking,anxious|tense|worried|uneasy,predictability|consideration|respect|clarity,The appointment was moved to a weekday morning without checking my availability.
pharmacist-bank-fee-added,unexpected bank fee|maintenance fee added|account charged without explanation,confused|uncertain|anxious|unsettled,clarity|fairness|trust|honesty,A fee appeared on my account with no explanation.
pharmacist-customer-service-loop,stuck in automated loop|can't reach a person|support bot replies only,frustrated|pressured|tired|resentful,support|access|clarity|consideration,The support line kept sending automated messages without connecting me to a person.
pharmacist-safety-ignored,ignored safety protocol|didn't wear required gear|skipped the safety step,alarmed|scared|tense|anxious,safety|predictability|trust|care,pharmacist began the procedure without wearing the required gloves.
pharmacist-appointment-overbooked,double-booked my slot|two appointments at same time|overbooked schedule,anxious|tense|worried|uneasy,order|predictability|consideration|respect,Two appointments were booked at the same time for me.
pharmacist-refused-accommodation,refused accommodation request|declined interpreter|didn't allow extra time,excluded|tense|anxious|frustrated,access|inclusion|respect|support,My request for captions was declined without alternatives.
pharmacist-returned-item-denied,return denied without reason|store refused my return|policy not posted but used,confused|uncertain|anxious|unsettled,fairness|clarity|respect|predictability,The return was denied and no policy was shown.
pharmacist-room-entered-without-consent,entered my room without knocking|opened my door without asking|came in unannounced,alarmed|scared|tense|anxious,space|privacy|safety|respect,pharmacist opened my door and stepped in without knocking.
pharmacist-belongings-moved,moved my things without asking|rearranged my desk|tidied my items without checking,frustrated|pressured|tired|resentful,autonomy|space|respect|consideration,My labeled folders were moved to a cabinet.
pharmacist-back-to-back-meetings,scheduled meetings back to back|no breaks between calls|stacked calendar without space,overwhelmed|pressured|tired|anxious,support|do-things-at-my-own-pace-and-in-my-own-way|consideration|rest,Three meetings were booked with no buffer in between.
pharmacist-i-feel-like-phrasing,I feel like they ignored me|I feel like no one cares|I feel like they did this on purpose,hurt|sad|lonely|anxious,to-be-heard|acknowledgement|understanding|connection,I feel like no one cared about my message today.
pharmacist-because-clause,they left because I spoke up|they changed plans because of me|they did it because I said no,hurt|sad|lonely|anxious,to-be-heard|respect|mutuality|understanding,"They left right after I spoke up, saying it was because I challenged the idea."
pharmacist-after-clause,"after I shared, no response|after I asked, they went silent|after I arrived, the plan changed",confused|uncertain|anxious|unsettled,clarity|respect|consideration|predictability,"After I asked a question, they went silent."
pharmacist-comparison-better-than,"compared me to someone else|'unlike X, you' from pharmacist|said others do it better",hurt|sad|lonely|anxious,to-be-seen|fairness|acknowledgement|respect,pharmacist said someone else handles it better than me.
pharmacist-apology-missing,no apology after mistake|never apologized|didn't say sorry,hurt|sad|lonely|anxious,accountability|repair|respect|honesty,"After the mistake, there was no apology from pharmacist."
coach-ignored-message,coach ignored my message|coach left me on read|coach did not reply|seen .* no reply from coach|I feel like coach ignored me|ignored my message|left me on read|did not reply|I feel like ignored me,hurt|sad|lonely|anxious,to-be-seen|connection|belonging|consideration,I sent two messages to coach and saw 'seen' with no reply for 48 hours.
coach-changed-plan-without-asking,coach changed the plan without asking|coach decided for me|coach made plans without me|coach told me I had to|changed the plan without asking|decided for me|made plans without me|told me I had to,frustrated|pressured|tired|resentful,autonomy|choice|freedom|mutuality,coach changed the plan and told me what I'd be doing without checking.
coach-overcharged,charged .* extra at checkout|price higher than quoted by coach|fee added after total|tip changed after payment,confused|uncertain|anxious|unsettled,clarity|fairness|trust|honesty,The final bill from coach included a fee that wasn't in the quote.
coach-lost-item,lost my .*|my .* was misplaced|coach can't find my paperwork|coach lost my paperwork|can't find my paperwork|lost my paperwork,frustrated|pressured|tired|resentful,care|clarity|acknowledgement|responsibility,coach couldn't find the paperwork I handed them last week.
coach-breach-privacy,coach shared my info without consent|coach forwarded my email|coach posted my photo without asking|screenshot of our chat shared by coach|shared my info without consent|forwarded my email|posted my photo without asking,confused|uncertain|anxious|unsettled,privacy|autonomy|respect|safety,coach posted a screenshot of our chat in a group without asking.
coach-public-criticism,coach criticized me in public|coach called me out in front of others|coach pointed out my mistake loudly|criticized me in public|called me out in front of others|pointed out my mistake loudly,embarrassed|hurt|anxious|lonely,respect|to-be-heard|consideration|honor,coach highlighted my mistake during the meeting while others watched.
coach-credit-taken,coach took credit for my work|coach presented my work as theirs|coach left my name off|took credit for my work|presented my work as theirs|left my name off,jealous|hurt|angry|anxious,acknowledgement|recognition|fairness|respect,My contribution was presented by coach without my name mentioned.
coach-deadline-moved-earlier,deadline moved up by coach|due date pulled earlier by coach|asked for delivery sooner than agreed by coach,overwhelmed|pressured|tired|anxious,support|do-things-at-my-own-pace-and-in-my-own-way|consideration|rest,The due date was moved from Friday to Wednesday without checking my capacity.
coach-muted-or-removed,coach muted me|coach removed me from the call|coach kicked me from the channel|muted me|removed me from the call|kicked me from the channel,embarrassed|hurt|anxious|lonely,respect|autonomy|consideration|to-be-heard,coach muted me while I was speaking.
coach-meeting-started-without-me,meeting started early|decisions made before I joined|coach began before scheduled time|began before scheduled time,confused|uncertain|anxious|unsettled,consideration|inclusion|predictability|respect,"When I joined at the scheduled time, they were already on agenda item two."
coach-form-closed-early,form closed early|submission window ended early|link closed before deadline,confused|uncertain|anxious|unsettled,fairness|clarity|respect|predictability,The application portal closed hours before the stated deadline.
coach-appointment-canceled-last-minute,appointment canceled last minute by coach|canceled same day|backed out with short notice,hurt|sad|lonely|anxious,reliability|support|consideration|security,coach canceled 30 minutes before the appointment.
coach-name-misspelled-after-correction,kept misspelling my name|used the wrong name after I corrected it|name still wrong in records,hurt|sad|lonely|anxious,respect|honor|to-be-seen|belonging,"After I corrected them, coach kept spelling my name wrong."
coach-conditional-invite,invited only if .*|'you can come if' from coach|included conditionally in plans,hurt|sad|lonely|anxious,belonging|inclusion|to-be-seen|respect,coach said I could come only if I handled the driving.
coach-backhanded-compliment,coach gave a backhanded compliment|'for someone like you' comment from coach|compliment with a dig|gave a backhanded compliment,embarrassed|hurt|anxious|lonely,respect|to-be-heard|consideration|honor,"coach said, 'You're articulate for someone so young.'"
coach-gaslight-phrases,coach said 'that's not what happened' after I described it|coach said I'm imagining things|'you're crazy' from coach|said 'that's not what happened' after I described it|said I'm imagining things,confused|uncertain|anxious|unsettled,understanding|honesty|trust|respect,"After I described the email, coach said it never happened."
coach-omitted-context,coach left out key info|coach didn't share the requirement|coach omitted the deadline|left out key info|didn't share the requirement|omitted the deadline,confused|uncertain|anxious|unsettled,clarity|honesty|support|fairness,I learned the requirement only after the submission closed.
coach-policy-enforced-selectively,rule applied to me not others|selective enforcement by coach|inconsistent policy enforcement,frustrated|pressured|tired|resentful,justice|fairness|respect|acknowledgement,Others got exceptions that I was denied.
coach-moderation-removed-no-reason,coach removed my post without reason|thread locked by coach|comment deleted without explanation|removed my post without reason,silenced|frustrated|lonely|powerless,participation|to-be-heard|consideration|mutuality,A moderator removed my post without any reason.
coach-algorithm-shadowban,my posts get no views|content hidden without notice|no one can see my posts,confused|uncertain|anxious|unsettled,clarity|predictability|justice|respect,My post views dropped to zero with no explanation.
coach-accessibility-gap,no captions provided|slides not accessible|no ramp available at venue,excluded|anxious|discouraged|frustrated,access|inclusion|respect|support,The webinar had no captions despite prior requests.
coach-parking-issue,parking spot taken despite permit|assigned spot occupied|blocked my car,frustrated|pressured|tired|resentful,fairness|clarity|respect|predictability,My assigned spot was taken and no alternative was offered.
coach-noise-violation-night,loud noise during quiet hours|party past quiet hours|music kept me up,overwhelmed|pressured|tired|anxious,rest|consideration|peace|respect,Music played loudly past midnight through the shared wall.
coach-thermostat-changed,thermostat changed without asking|temperature changed without checking|ac set very cold without asking,frustrated|pressured|tired|resentful,comfort|consideration|communication|respect,The thermostat was turned down while I was still working.
coach-paperwork-lost-agency,agency lost my documents|office misplaced my file|documents missing after submission,frustrated|pressured|tired|resentful,clarity|responsibility|acknowledgement|support,The office couldn't find the forms I submitted last month.
coach-immigration-appointment-changed,appointment rescheduled without notice|time changed after I confirmed|new date assigned without asking,anxious|tense|worried|uneasy,predictability|consideration|respect|clarity,The appointment was moved to a weekday morning without checking my availability.
coach-bank-fee-added,unexpected bank fee|maintenance fee added|account charged without explanation,confused|uncertain|anxious|unsettled,clarity|fairness|trust|honesty,A fee appeared on my account with no explanation.
coach-customer-service-loop,stuck in automated loop|can't reach a person|support bot replies only,frustrated|pressured|tired|resentful,support|access|clarity|consideration,The support line kept sending automated messages without connecting me to a person.
coach-safety-ignored,ignored safety protocol|didn't wear required gear|skipped the safety step,alarmed|scared|tense|anxious,safety|predictability|trust|care,coach began the procedure without wearing the required gloves.
coach-appointment-overbooked,double-booked my slot|two appointments at same time|overbooked schedule,anxious|tense|worried|uneasy,order|predictability|consideration|respect,Two appointments were booked at the same time for me.
coach-refused-accommodation,refused accommodation request|declined interpreter|didn't allow extra time,excluded|tense|anxious|frustrated,access|inclusion|respect|support,My request for captions was declined without alternatives.
coach-returned-item-denied,return denied without reason|store refused my return|policy not posted but used,confused|uncertain|anxious|unsettled,fairness|clarity|respect|predictability,The return was denied and no policy was shown.
coach-room-entered-without-consent,entered my room without knocking|opened my door without asking|came in unannounced,alarmed|scared|tense|anxious,space|privacy|safety|respect,coach opened my door and stepped in without knocking.
coach-belongings-moved,moved my things without asking|rearranged my desk|tidied my items without checking,frustrated|pressured|tired|resentful,autonomy|space|respect|consideration,My labeled folders were moved to a cabinet.
coach-back-to-back-meetings,scheduled meetings back to back|no breaks between calls|stacked calendar without space,overwhelmed|pressured|tired|anxious,support|do-things-at-my-own-pace-and-in-my-own-way|consideration|rest,Three meetings were booked with no buffer in between.
coach-i-feel-like-phrasing,I feel like they ignored me|I feel like no one cares|I feel like they did this on purpose,hurt|sad|lonely|anxious,to-be-heard|acknowledgement|understanding|connection,I feel like no one cared about my message today.
coach-because-clause,they left because I spoke up|they changed plans because of me|they did it because I said no,hurt|sad|lonely|anxious,to-be-heard|respect|mutuality|understanding,"They left right after I spoke up, saying it was because I challenged the idea."
coach-after-clause,"after I shared, no response|after I asked, they went silent|after I arrived, the plan changed",confused|uncertain|anxious|unsettled,clarity|respect|consideration|predictability,"After I asked a question, they went silent."
coach-comparison-better-than,"compared me to someone else|'unlike X, you' from coach|said others do it better",hurt|sad|lonely|anxious,to-be-seen|fairness|acknowledgement|respect,coach said someone else handles it better than me.
coach-apology-missing,no apology after mistake|never apologized|didn't say sorry,hurt|sad|lonely|anxious,accountability|repair|respect|honesty,"After the mistake, there was no apology from coach."
referee-ignored-message,referee ignored my message|referee left me on read|referee did not reply|seen .* no reply from referee|I feel like referee ignored me|ignored my message|left me on read|did not reply|I feel like ignored me,hurt|sad|lonely|anxious,to-be-seen|connection|belonging|consideration,I sent two messages to referee and saw 'seen' with no reply for 48 hours.
referee-changed-plan-without-asking,referee changed the plan without asking|referee decided for me|referee made plans without me|referee told me I had to|changed the plan without asking|decided for me|made plans without me|told me I had to,frustrated|pressured|tired|resentful,autonomy|choice|freedom|mutuality,referee changed the plan and told me what I'd be doing without checking.
referee-overcharged,charged .* extra at checkout|price higher than quoted by referee|fee added after total|tip changed after payment,confused|uncertain|anxious|unsettled,clarity|fairness|trust|honesty,The final bill from referee included a fee that wasn't in the quote.
referee-lost-item,lost my .*|my .* was misplaced|referee can't find my paperwork|referee lost my paperwork|can't find my paperwork|lost my paperwork,frustrated|pressured|tired|resentful,care|clarity|acknowledgement|responsibility,referee couldn't find the paperwork I handed them last week.
referee-breach-privacy,referee shared my info without consent|referee forwarded my email|referee posted my photo without asking|screenshot of our chat shared by referee|shared my info without consent|forwarded my email|posted my photo without asking,confused|uncertain|anxious|unsettled,privacy|autonomy|respect|safety,referee posted a screenshot of our chat in a group without asking.
referee-public-criticism,referee criticized me in public|referee called me out in front of others|referee pointed out my mistake loudly|criticized me in public|called me out in front of others|pointed out my mistake loudly,embarrassed|hurt|anxious|lonely,respect|to-be-heard|consideration|honor,referee highlighted my mistake during the meeting while others watched.
referee-credit-taken,referee took credit for my work|referee presented my work as theirs|referee left my name off|took credit for my work|presented my work as theirs|left my name off,jealous|hurt|angry|anxious,acknowledgement|recognition|fairness|respect,My contribution was presented by referee without my name mentioned.
referee-deadline-moved-earlier,deadline moved up by referee|due date pulled earlier by referee|asked for delivery sooner than agreed by referee,overwhelmed|pressured|tired|anxious,support|do-things-at-my-own-pace-and-in-my-own-way|consideration|rest,The due date was moved from Friday to Wednesday without checking my capacity.
referee-muted-or-removed,referee muted me|referee removed me from the call|referee kicked me from the channel|muted me|removed me from the call|kicked me from the channel,embarrassed|hurt|anxious|lonely,respect|autonomy|consideration|to-be-heard,referee muted me while I was speaking.
referee-meeting-started-without-me,meeting started early|decisions made before I joined|referee began before scheduled time|began before scheduled time,confused|uncertain|anxious|unsettled,consideration|inclusion|predictability|respect,"When I joined at the scheduled time, they were already on agenda item two."
referee-form-closed-early,form closed early|submission window ended early|link closed before deadline,confused|uncertain|anxious|unsettled,fairness|clarity|respect|predictability,The application portal closed hours before the stated deadline.
referee-appointment-canceled-last-minute,appointment canceled last minute by referee|canceled same day|backed out with short notice,hurt|sad|lonely|anxious,reliability|support|consideration|security,referee canceled 30 minutes before the appointment.
referee-name-misspelled-after-correction,kept misspelling my name|used the wrong name after I corrected it|name still wrong in records,hurt|sad|lonely|anxious,respect|honor|to-be-seen|belonging,"After I corrected them, referee kept spelling my name wrong."
referee-conditional-invite,invited only if .*|'you can come if' from referee|included conditionally in plans,hurt|sad|lonely|anxious,belonging|inclusion|to-be-seen|respect,referee said I could come only if I handled the driving.
referee-backhanded-compliment,referee gave a backhanded compliment|'for someone like you' comment from referee|compliment with a dig|gave a backhanded compliment,embarrassed|hurt|anxious|lonely,respect|to-be-heard|consideration|honor,"referee said, 'You're articulate for someone so young.'"
referee-gaslight-phrases,referee said 'that's not what happened' after I described it|referee said I'm imagining things|'you're crazy' from referee|said 'that's not what happened' after I described it|said I'm imagining things,confused|uncertain|anxious|unsettled,understanding|honesty|trust|respect,"After I described the email, referee said it never happened."
referee-omitted-context,referee left out key info|referee didn't share the requirement|referee omitted the deadline|left out key info|didn't share the requirement|omitted the deadline,confused|uncertain|anxious|unsettled,clarity|honesty|support|fairness,I learned the requirement only after the submission closed.
referee-policy-enforced-selectively,rule applied to me not others|selective enforcement by referee|inconsistent policy enforcement,frustrated|pressured|tired|resentful,justice|fairness|respect|acknowledgement,Others got exceptions that I was denied.
referee-moderation-removed-no-reason,referee removed my post without reason|thread locked by referee|comment deleted without explanation|removed my post without reason,silenced|frustrated|lonely|powerless,participation|to-be-heard|consideration|mutuality,A moderator removed my post without any reason.
referee-algorithm-shadowban,my posts get no views|content hidden without notice|no one can see my posts,confused|uncertain|anxious|unsettled,clarity|predictability|justice|respect,My post views dropped to zero with no explanation.
referee-accessibility-gap,no captions provided|slides not accessible|no ramp available at venue,excluded|anxious|discouraged|frustrated,access|inclusion|respect|support,The webinar had no captions despite prior requests.
referee-parking-issue,parking spot taken despite permit|assigned spot occupied|blocked my car,frustrated|pressured|tired|resentful,fairness|clarity|respect|predictability,My assigned spot was taken and no alternative was offered.
referee-noise-violation-night,loud noise during quiet hours|party past quiet hours|music kept me up,overwhelmed|pressured|tired|anxious,rest|consideration|peace|respect,Music played loudly past midnight through the shared wall.
referee-thermostat-changed,thermostat changed without asking|temperature changed without checking|ac set very cold without asking,frustrated|pressured|tired|resentful,comfort|consideration|communication|respect,The thermostat was turned down while I was still working.
referee-paperwork-lost-agency,agency lost my documents|office misplaced my file|documents missing after submission,frustrated|pressured|tired|resentful,clarity|responsibility|acknowledgement|support,The office couldn't find the forms I submitted last month.
referee-immigration-appointment-changed,appointment rescheduled without notice|time changed after I confirmed|new date assigned without asking,anxious|tense|worried|uneasy,predictability|consideration|respect|clarity,The appointment was moved to a weekday morning without checking my availability.
referee-bank-fee-added,unexpected bank fee|maintenance fee added|account charged without explanation,confused|uncertain|anxious|unsettled,clarity|fairness|trust|honesty,A fee appeared on my account with no explanation.
referee-customer-service-loop,stuck in automated loop|can't reach a person|support bot replies only,frustrated|pressured|tired|resentful,support|access|clarity|consideration,The support line kept sending automated messages without connecting me to a person.
referee-safety-ignored,ignored safety protocol|didn't wear required gear|skipped the safety step,alarmed|scared|tense|anxious,safety|predictability|trust|care,referee began the procedure without wearing the required gloves.
referee-appointment-overbooked,double-booked my slot|two appointments at same time|overbooked schedule,anxious|tense|worried|uneasy,order|predictability|consideration|respect,Two appointments were booked at the same time for me.
referee-refused-accommodation,refused accommodation request|declined interpreter|didn't allow extra time,excluded|tense|anxious|frustrated,access|inclusion|respect|support,My request for captions was declined without alternatives.
referee-returned-item-denied,return denied without reason|store refused my return|policy not posted but used,confused|uncertain|anxious|unsettled,fairness|clarity|respect|predictability,The return was denied and no policy was shown.
referee-room-entered-without-consent,entered my room without knocking|opened my door without asking|came in unannounced,alarmed|scared|tense|anxious,space|privacy|safety|respect,referee opened my door and stepped in without knocking.
referee-belongings-moved,moved my things without asking|rearranged my desk|tidied my items without checking,frustrated|pressured|tired|resentful,autonomy|space|respect|consideration,My labeled folders were moved to a cabinet.
referee-back-to-back-meetings,scheduled meetings back to back|no breaks between calls|stacked calendar without space,overwhelmed|pressured|tired|anxious,support|do-things-at-my-own-pace-and-in-my-own-way|consideration|rest,Three meetings were booked with no buffer in between.
referee-i-feel-like-phrasing,I feel like they ignored me|I feel like no one cares|I feel like they did this on purpose,hurt|sad|lonely|anxious,to-be-heard|acknowledgement|understanding|connection,I feel like no one cared about my message today.
referee-because-clause,they left because I spoke up|they changed plans because of me|they did it because I said no,hurt|sad|lonely|anxious,to-be-heard|respect|mutuality|understanding,"They left right after I spoke up, saying it was because I challenged the idea."
referee-after-clause,"after I shared, no response|after I asked, they went silent|after I arrived, the plan changed",confused|uncertain|anxious|unsettled,clarity|respect|consideration|predictability,"After I asked a question, they went silent."
referee-comparison-better-than,"compared me to someone else|'unlike X, you' from referee|said others do it better",hurt|sad|lonely|anxious,to-be-seen|fairness|acknowledgement|respect,referee said someone else handles it better than me.
referee-apology-missing,no apology after mistake|never apologized|didn't say sorry,hurt|sad|lonely|anxious,accountability|repair|respect|honesty,"After the mistake, there was no apology from referee."
waited-time-numeric,waited .* minutes|held on hold for .* minutes|queue didn't move for .* minutes|stuck for .* hours,anxious|tense|worried|uneasy,order|clarity|predictability|respect,I waited 45 minutes past the scheduled time.
late-numeric,arrived .* minutes late|showed up .* min late|came .* minutes after start,frustrated|pressured|tired|resentful,fairness|clarity|respect|predictability,They arrived 25 minutes after we agreed.
no-reply-days,no reply for .* days|no response in .* days|message unanswered for .* days,hurt|sad|lonely|anxious,to-be-seen|connection|belonging|consideration,There was no reply for 7 days.
pings-count,pinged me .* times|messaged me .* times in .* minutes|called me .* times back to back,overwhelmed|pressured|tired|anxious,peace|calm|serenity|rest,They pinged me 6 times in 10 minutes.
