cue,patterns (|),feelings (|),needs (|),example
inefficacy-generalization-i-do-work,"nothing i do .* work|nothing i do .* ever .* work|nothing .* work ever|nothing i do.*, it (?:doesn'?t|won't) (?:work)|whatever i do.*, it (?:doesn'?t|won't) (?:work|help|change|matter|improve|get better)|i can'?t (?:do anything right|make it work|make a difference|get through|win)|why do i even bother|it was (?:pointless|futile|useless|a waste|for nothing|in vain|went nowhere|made it worse|got me nowhere|all for nothing)|tried .* times and (?:nothing|never) (?:worked|helped|changed|improved|mattered)|no matter what i (?:say|do|try).* (?:fails|backfires|gets ignored|goes nowhere)|never i do .* work|never i do .* at all .* work|never .* work at all|never i do.*, it (?:doesn'?t|won't) (?:work)|no matter what i do .* work|no matter what i do.*, it (?:doesn'?t|won't) (?:work)|whatever i do .* work|whatever i do.*, it (?:doesn'?t|won't) (?:work)",helpless|powerless|thwarted|frustrated,accomplishment|competence|contribution|growth,"I do and it didn't work, even after multiple attempts."
inefficacy-generalization-i-do-help,"nothing i do .* help|nothing i do .* ever .* help|nothing .* help ever|nothing i do.*, it (?:doesn'?t|won't) (?:help)|whatever i do.*, it (?:doesn'?t|won't) (?:work|help|change|matter|improve|get better)|i can'?t (?:do anything right|make it work|make a difference|get through|win)|why do i even bother|it was (?:pointless|futile|useless|a waste|for nothing|in vain|went nowhere|made it worse|got me nowhere|all for nothing)|tried .* times and (?:nothing|never) (?:worked|helped|changed|improved|mattered)|no matter what i (?:say|do|try).* (?:fails|backfires|gets ignored|goes nowhere)|never i do .* help|never i do .* at all .* help|never .* help at all|never i do.*, it (?:doesn'?t|won't) (?:help)|no matter what i do .* help|no matter what i do.*, it (?:doesn'?t|won't) (?:help)|whatever i do .* help|whatever i do.*, it (?:doesn'?t|won't) (?:help)",helpless|powerless|thwarted|frustrated,support|clarity|learning|to-be-heard,"I do and it didn't help, even after multiple attempts."
inefficacy-generalization-i-do-change,"nothing i do .* change|nothing i do .* ever .* change|nothing .* change ever|nothing i do.*, it (?:doesn'?t|won't) (?:change)|whatever i do.*, it (?:doesn'?t|won't) (?:work|help|change|matter|improve|get better)|i can'?t (?:do anything right|make it work|make a difference|get through|win)|why do i even bother|it was (?:pointless|futile|useless|a waste|for nothing|in vain|went nowhere|made it worse|got me nowhere|all for nothing)|tried .* times and (?:nothing|never) (?:worked|helped|changed|improved|mattered)|no matter what i (?:say|do|try).* (?:fails|backfires|gets ignored|goes nowhere)|never i do .* change|never i do .* at all .* change|never .* change at all|never i do.*, it (?:doesn'?t|won't) (?:change)|no matter what i do .* change|no matter what i do.*, it (?:doesn'?t|won't) (?:change)|whatever i do .* change|whatever i do.*, it (?:doesn'?t|won't) (?:change)",desperate|distressed|tired|hopeless,accomplishment|competence|contribution|growth,"I do and it didn't change, even after multiple attempts."
inefficacy-generalization-i-do-matter,"nothing i do .* matter|nothing i do .* ever .* matter|nothing .* matter ever|nothing i do.*, it (?:doesn'?t|won't) (?:matter)|whatever i do.*, it (?:doesn'?t|won't) (?:work|help|change|matter|improve|get better)|i can'?t (?:do anything right|make it work|make a difference|get through|win)|why do i even bother|it was (?:pointless|futile|useless|a waste|for nothing|in vain|went nowhere|made it worse|got me nowhere|all for nothing)|tried .* times and (?:nothing|never) (?:worked|helped|changed|improved|mattered)|no matter what i (?:say|do|try).* (?:fails|backfires|gets ignored|goes nowhere)|never i do .* matter|never i do .* at all .* matter|never .* matter at all|never i do.*, it (?:doesn'?t|won't) (?:matter)|no matter what i do .* matter|no matter what i do.*, it (?:doesn'?t|won't) (?:matter)|whatever i do .* matter|whatever i do.*, it (?:doesn'?t|won't) (?:matter)",desperate|distressed|tired|hopeless,accomplishment|competence|contribution|growth,"I do and it didn't matter, even after multiple attempts."
inefficacy-generalization-i-do-improve,"nothing i do .* improve|nothing i do .* ever .* improve|nothing .* improve ever|nothing i do.*, it (?:doesn'?t|won't) (?:improve)|whatever i do.*, it (?:doesn'?t|won't) (?:work|help|change|matter|improve|get better)|i can'?t (?:do anything right|make it work|make a difference|get through|win)|why do i even bother|it was (?:pointless|futile|useless|a waste|for nothing|in vain|went nowhere|made it worse|got me nowhere|all for nothing)|tried .* times and (?:nothing|never) (?:worked|helped|changed|improved|mattered)|no matter what i (?:say|do|try).* (?:fails|backfires|gets ignored|goes nowhere)|never i do .* improve|never i do .* at all .* improve|never .* improve at all|never i do.*, it (?:doesn'?t|won't) (?:improve)|no matter what i do .* improve|no matter what i do.*, it (?:doesn'?t|won't) (?:improve)|whatever i do .* improve|whatever i do.*, it (?:doesn'?t|won't) (?:improve)",desperate|distressed|tired|hopeless,accomplishment|competence|contribution|growth,"I do and it didn't improve, even after multiple attempts."
inefficacy-generalization-i-do-get better,"nothing i do .* get better|nothing i do .* ever .* get better|nothing .* get better ever|nothing i do.*, it (?:doesn'?t|won't) (?:get|better)|whatever i do.*, it (?:doesn'?t|won't) (?:work|help|change|matter|improve|get better)|i can'?t (?:do anything right|make it work|make a difference|get through|win)|why do i even bother|it was (?:pointless|futile|useless|a waste|for nothing|in vain|went nowhere|made it worse|got me nowhere|all for nothing)|tried .* times and (?:nothing|never) (?:worked|helped|changed|improved|mattered)|no matter what i (?:say|do|try).* (?:fails|backfires|gets ignored|goes nowhere)|never i do .* get better|never i do .* at all .* get better|never .* get better at all|never i do.*, it (?:doesn'?t|won't) (?:get|better)|no matter what i do .* get better|no matter what i do.*, it (?:doesn'?t|won't) (?:get|better)|whatever i do .* get better|whatever i do.*, it (?:doesn'?t|won't) (?:get|better)",desperate|distressed|tired|hopeless,accomplishment|competence|contribution|growth,"I do and it didn't get better, even after multiple attempts."
inefficacy-generalization-i-did-work,"nothing i did .* work|nothing i did .* ever .* work|nothing .* work ever|nothing i did.*, it (?:doesn'?t|won't) (?:work)|whatever i did.*, it (?:doesn'?t|won't) (?:work|help|change|matter|improve|get better)|i can'?t (?:do anything right|make it work|make a difference|get through|win)|why do i even bother|it was (?:pointless|futile|useless|a waste|for nothing|in vain|went nowhere|made it worse|got me nowhere|all for nothing)|tried .* times and (?:nothing|never) (?:worked|helped|changed|improved|mattered)|no matter what i (?:say|do|try).* (?:fails|backfires|gets ignored|goes nowhere)|never i did .* work|never i did .* at all .* work|never .* work at all|never i did.*, it (?:doesn'?t|won't) (?:work)|no matter what i did .* work|no matter what i did.*, it (?:doesn'?t|won't) (?:work)|whatever i did .* work|whatever i did.*, it (?:doesn'?t|won't) (?:work)",helpless|powerless|thwarted|frustrated,accomplishment|competence|contribution|growth,"I did and it didn't work, even after multiple attempts."
inefficacy-generalization-i-did-help,"nothing i did .* help|nothing i did .* ever .* help|nothing .* help ever|nothing i did.*, it (?:doesn'?t|won't) (?:help)|whatever i did.*, it (?:doesn'?t|won't) (?:work|help|change|matter|improve|get better)|i can'?t (?:do anything right|make it work|make a difference|get through|win)|why do i even bother|it was (?:pointless|futile|useless|a waste|for nothing|in vain|went nowhere|made it worse|got me nowhere|all for nothing)|tried .* times and (?:nothing|never) (?:worked|helped|changed|improved|mattered)|no matter what i (?:say|do|try).* (?:fails|backfires|gets ignored|goes nowhere)|never i did .* help|never i did .* at all .* help|never .* help at all|never i did.*, it (?:doesn'?t|won't) (?:help)|no matter what i did .* help|no matter what i did.*, it (?:doesn'?t|won't) (?:help)|whatever i did .* help|whatever i did.*, it (?:doesn'?t|won't) (?:help)",helpless|powerless|thwarted|frustrated,support|clarity|learning|to-be-heard,"I did and it didn't help, even after multiple attempts."
inefficacy-generalization-i-did-change,"nothing i did .* change|nothing i did .* ever .* change|nothing .* change ever|nothing i did.*, it (?:doesn'?t|won't) (?:change)|whatever i did.*, it (?:doesn'?t|won't) (?:work|help|change|matter|improve|get better)|i can'?t (?:do anything right|make it work|make a difference|get through|win)|why do i even bother|it was (?:pointless|futile|useless|a waste|for nothing|in vain|went nowhere|made it worse|got me nowhere|all for nothing)|tried .* times and (?:nothing|never) (?:worked|helped|changed|improved|mattered)|no matter what i (?:say|do|try).* (?:fails|backfires|gets ignored|goes nowhere)|never i did .* change|never i did .* at all .* change|never .* change at all|never i did.*, it (?:doesn'?t|won't) (?:change)|no matter what i did .* change|no matter what i did.*, it (?:doesn'?t|won't) (?:change)|whatever i did .* change|whatever i did.*, it (?:doesn'?t|won't) (?:change)",desperate|distressed|tired|hopeless,accomplishment|competence|contribution|growth,"I did and it didn't change, even after multiple attempts."
inefficacy-generalization-i-did-matter,"nothing i did .* matter|nothing i did .* ever .* matter|nothing .* matter ever|nothing i did.*, it (?:doesn'?t|won't) (?:matter)|whatever i did.*, it (?:doesn'?t|won't) (?:work|help|change|matter|improve|get better)|i can'?t (?:do anything right|make it work|make a difference|get through|win)|why do i even bother|it was (?:pointless|futile|useless|a waste|for nothing|in vain|went nowhere|made it worse|got me nowhere|all for nothing)|tried .* times and (?:nothing|never) (?:worked|helped|changed|improved|mattered)|no matter what i (?:say|do|try).* (?:fails|backfires|gets ignored|goes nowhere)|never i did .* matter|never i did .* at all .* matter|never .* matter at all|never i did.*, it (?:doesn'?t|won't) (?:matter)|no matter what i did .* matter|no matter what i did.*, it (?:doesn'?t|won't) (?:matter)|whatever i did .* matter|whatever i did.*, it (?:doesn'?t|won't) (?:matter)",desperate|distressed|tired|hopeless,accomplishment|competence|contribution|growth,"I did and it didn't matter, even after multiple attempts."
inefficacy-generalization-i-did-improve,"nothing i did .* improve|nothing i did .* ever .* improve|nothing .* improve ever|nothing i did.*, it (?:doesn'?t|won't) (?:improve)|whatever i did.*, it (?:doesn'?t|won't) (?:work|help|change|matter|improve|get better)|i can'?t (?:do anything right|make it work|make a difference|get through|win)|why do i even bother|it was (?:pointless|futile|useless|a waste|for nothing|in vain|went nowhere|made it worse|got me nowhere|all for nothing)|tried .* times and (?:nothing|never) (?:worked|helped|changed|improved|mattered)|no matter what i (?:say|do|try).* (?:fails|backfires|gets ignored|goes nowhere)|never i did .* improve|never i did .* at all .* improve|never .* improve at all|never i did.*, it (?:doesn'?t|won't) (?:improve)|no matter what i did .* improve|no matter what i did.*, it (?:doesn'?t|won't) (?:improve)|whatever i did .* improve|whatever i did.*, it (?:doesn'?t|won't) (?:improve)",desperate|distressed|tired|hopeless,accomplishment|competence|contribution|growth,"I did and it didn't improve, even after multiple attempts."
inefficacy-generalization-i-did-get better,"nothing i did .* get better|nothing i did .* ever .* get better|nothing .* get better ever|nothing i did.*, it (?:doesn'?t|won't) (?:get|better)|whatever i did.*, it (?:doesn'?t|won't) (?:work|help|change|matter|improve|get better)|i can'?t (?:do anything right|make it work|make a difference|get through|win)|why do i even bother|it was (?:pointless|futile|useless|a waste|for nothing|in vain|went nowhere|made it worse|got me nowhere|all for nothing)|tried .* times and (?:nothing|never) (?:worked|helped|changed|improved|mattered)|no matter what i (?:say|do|try).* (?:fails|backfires|gets ignored|goes nowhere)|never i did .* get better|never i did .* at all .* get better|never .* get better at all|never i did.*, it (?:doesn'?t|won't) (?:get|better)|no matter what i did .* get better|no matter what i did.*, it (?:doesn'?t|won't) (?:get|better)|whatever i did .* get better|whatever i did.*, it (?:doesn'?t|won't) (?:get|better)",desperate|distressed|tired|hopeless,accomplishment|competence|contribution|growth,"I did and it didn't get better, even after multiple attempts."
inefficacy-generalization-i-try-work,"nothing i try .* work|nothing i try .* ever .* work|nothing .* work ever|nothing i try.*, it (?:doesn'?t|won't) (?:work)|whatever i try.*, it (?:doesn'?t|won't) (?:work|help|change|matter|improve|get better)|i can'?t (?:do anything right|make it work|make a difference|get through|win)|why do i even bother|it was (?:pointless|futile|useless|a waste|for nothing|in vain|went nowhere|made it worse|got me nowhere|all for nothing)|tried .* times and (?:nothing|never) (?:worked|helped|changed|improved|mattered)|no matter what i (?:say|do|try).* (?:fails|backfires|gets ignored|goes nowhere)|never i try .* work|never i try .* at all .* work|never .* work at all|never i try.*, it (?:doesn'?t|won't) (?:work)|no matter what i try .* work|no matter what i try.*, it (?:doesn'?t|won't) (?:work)|whatever i try .* work|whatever i try.*, it (?:doesn'?t|won't) (?:work)",helpless|powerless|thwarted|frustrated,accomplishment|competence|contribution|growth,"I try and it didn't work, even after multiple attempts."
inefficacy-generalization-i-try-help,"nothing i try .* help|nothing i try .* ever .* help|nothing .* help ever|nothing i try.*, it (?:doesn'?t|won't) (?:help)|whatever i try.*, it (?:doesn'?t|won't) (?:work|help|change|matter|improve|get better)|i can'?t (?:do anything right|make it work|make a difference|get through|win)|why do i even bother|it was (?:pointless|futile|useless|a waste|for nothing|in vain|went nowhere|made it worse|got me nowhere|all for nothing)|tried .* times and (?:nothing|never) (?:worked|helped|changed|improved|mattered)|no matter what i (?:say|do|try).* (?:fails|backfires|gets ignored|goes nowhere)|never i try .* help|never i try .* at all .* help|never .* help at all|never i try.*, it (?:doesn'?t|won't) (?:help)|no matter what i try .* help|no matter what i try.*, it (?:doesn'?t|won't) (?:help)|whatever i try .* help|whatever i try.*, it (?:doesn'?t|won't) (?:help)",helpless|powerless|thwarted|frustrated,support|clarity|learning|to-be-heard,"I try and it didn't help, even after multiple attempts."
inefficacy-generalization-i-try-change,"nothing i try .* change|nothing i try .* ever .* change|nothing .* change ever|nothing i try.*, it (?:doesn'?t|won't) (?:change)|whatever i try.*, it (?:doesn'?t|won't) (?:work|help|change|matter|improve|get better)|i can'?t (?:do anything right|make it work|make a difference|get through|win)|why do i even bother|it was (?:pointless|futile|useless|a waste|for nothing|in vain|went nowhere|made it worse|got me nowhere|all for nothing)|tried .* times and (?:nothing|never) (?:worked|helped|changed|improved|mattered)|no matter what i (?:say|do|try).* (?:fails|backfires|gets ignored|goes nowhere)|never i try .* change|never i try .* at all .* change|never .* change at all|never i try.*, it (?:doesn'?t|won't) (?:change)|no matter what i try .* change|no matter what i try.*, it (?:doesn'?t|won't) (?:change)|whatever i try .* change|whatever i try.*, it (?:doesn'?t|won't) (?:change)",desperate|distressed|tired|hopeless,accomplishment|competence|contribution|growth,"I try and it didn't change, even after multiple attempts."
inefficacy-generalization-i-try-matter,"nothing i try .* matter|nothing i try .* ever .* matter|nothing .* matter ever|nothing i try.*, it (?:doesn'?t|won't) (?:matter)|whatever i try.*, it (?:doesn'?t|won't) (?:work|help|change|matter|improve|get better)|i can'?t (?:do anything right|make it work|make a difference|get through|win)|why do i even bother|it was (?:pointless|futile|useless|a waste|for nothing|in vain|went nowhere|made it worse|got me nowhere|all for nothing)|tried .* times and (?:nothing|never) (?:worked|helped|changed|improved|mattered)|no matter what i (?:say|do|try).* (?:fails|backfires|gets ignored|goes nowhere)|never i try .* matter|never i try .* at all .* matter|never .* matter at all|never i try.*, it (?:doesn'?t|won't) (?:matter)|no matter what i try .* matter|no matter what i try.*, it (?:doesn'?t|won't) (?:matter)|whatever i try .* matter|whatever i try.*, it (?:doesn'?t|won't) (?:matter)",desperate|distressed|tired|hopeless,accomplishment|competence|contribution|growth,"I try and it didn't matter, even after multiple attempts."
inefficacy-generalization-i-try-improve,"nothing i try .* improve|nothing i try .* ever .* improve|nothing .* improve ever|nothing i try.*, it (?:doesn'?t|won't) (?:improve)|whatever i try.*, it (?:doesn'?t|won't) (?:work|help|change|matter|improve|get better)|i can'?t (?:do anything right|make it work|make a difference|get through|win)|why do i even bother|it was (?:pointless|futile|useless|a waste|for nothing|in vain|went nowhere|made it worse|got me nowhere|all for nothing)|tried .* times and (?:nothing|never) (?:worked|helped|changed|improved|mattered)|no matter what i (?:say|do|try).* (?:fails|backfires|gets ignored|goes nowhere)|never i try .* improve|never i try .* at all .* improve|never .* improve at all|never i try.*, it (?:doesn'?t|won't) (?:improve)|no matter what i try .* improve|no matter what i try.*, it (?:doesn'?t|won't) (?:improve)|whatever i try .* improve|whatever i try.*, it (?:doesn'?t|won't) (?:improve)",desperate|distressed|tired|hopeless,accomplishment|competence|contribution|growth,"I try and it didn't improve, even after multiple attempts."
inefficacy-generalization-i-try-get better,"nothing i try .* get better|nothing i try .* ever .* get better|nothing .* get better ever|nothing i try.*, it (?:doesn'?t|won't) (?:get|better)|whatever i try.*, it (?:doesn'?t|won't) (?:work|help|change|matter|improve|get better)|i can'?t (?:do anything right|make it work|make a difference|get through|win)|why do i even bother|it was (?:pointless|futile|useless|a waste|for nothing|in vain|went nowhere|made it worse|got me nowhere|all for nothing)|tried .* times and (?:nothing|never) (?:worked|helped|changed|improved|mattered)|no matter what i (?:say|do|try).* (?:fails|backfires|gets ignored|goes nowhere)|never i try .* get better|never i try .* at all .* get better|never .* get better at all|never i try.*, it (?:doesn'?t|won't) (?:get|better)|no matter what i try .* get better|no matter what i try.*, it (?:doesn'?t|won't) (?:get|better)|whatever i try .* get better|whatever i try.*, it (?:doesn'?t|won't) (?:get|better)",desperate|distressed|tired|hopeless,accomplishment|competence|contribution|growth,"I try and it didn't get better, even after multiple attempts."
inefficacy-generalization-i-tried-work,"nothing i tried .* work|nothing i tried .* ever .* work|nothing .* work ever|nothing i tried.*, it (?:doesn'?t|won't) (?:work)|whatever i tried.*, it (?:doesn'?t|won't) (?:work|help|change|matter|improve|get better)|i can'?t (?:do anything right|make it work|make a difference|get through|win)|why do i even bother|it was (?:pointless|futile|useless|a waste|for nothing|in vain|went nowhere|made it worse|got me nowhere|all for nothing)|tried .* times and (?:nothing|never) (?:worked|helped|changed|improved|mattered)|no matter what i (?:say|do|try).* (?:fails|backfires|gets ignored|goes nowhere)|never i tried .* work|never i tried .* at all .* work|never .* work at all|never i tried.*, it (?:doesn'?t|won't) (?:work)|no matter what i tried .* work|no matter what i tried.*, it (?:doesn'?t|won't) (?:work)|whatever i tried .* work|whatever i tried.*, it (?:doesn'?t|won't) (?:work)",helpless|powerless|thwarted|frustrated,accomplishment|competence|contribution|growth,"I tried and it didn't work, even after multiple attempts."
inefficacy-generalization-i-tried-help,"nothing i tried .* help|nothing i tried .* ever .* help|nothing .* help ever|nothing i tried.*, it (?:doesn'?t|won't) (?:help)|whatever i tried.*, it (?:doesn'?t|won't) (?:work|help|change|matter|improve|get better)|i can'?t (?:do anything right|make it work|make a difference|get through|win)|why do i even bother|it was (?:pointless|futile|useless|a waste|for nothing|in vain|went nowhere|made it worse|got me nowhere|all for nothing)|tried .* times and (?:nothing|never) (?:worked|helped|changed|improved|mattered)|no matter what i (?:say|do|try).* (?:fails|backfires|gets ignored|goes nowhere)|never i tried .* help|never i tried .* at all .* help|never .* help at all|never i tried.*, it (?:doesn'?t|won't) (?:help)|no matter what i tried .* help|no matter what i tried.*, it (?:doesn'?t|won't) (?:help)|whatever i tried .* help|whatever i tried.*, it (?:doesn'?t|won't) (?:help)",helpless|powerless|thwarted|frustrated,support|clarity|learning|to-be-heard,"I tried and it didn't help, even after multiple attempts."
inefficacy-generalization-i-tried-change,"nothing i tried .* change|nothing i tried .* ever .* change|nothing .* change ever|nothing i tried.*, it (?:doesn'?t|won't) (?:change)|whatever i tried.*, it (?:doesn'?t|won't) (?:work|help|change|matter|improve|get better)|i can'?t (?:do anything right|make it work|make a difference|get through|win)|why do i even bother|it was (?:pointless|futile|useless|a waste|for nothing|in vain|went nowhere|made it worse|got me nowhere|all for nothing)|tried .* times and (?:nothing|never) (?:worked|helped|changed|improved|mattered)|no matter what i (?:say|do|try).* (?:fails|backfires|gets ignored|goes nowhere)|never i tried .* change|never i tried .* at all .* change|never .* change at all|never i tried.*, it (?:doesn'?t|won't) (?:change)|no matter what i tried .* change|no matter what i tried.*, it (?:doesn'?t|won't) (?:change)|whatever i tried .* change|whatever i tried.*, it (?:doesn'?t|won't) (?:change)",desperate|distressed|tired|hopeless,accomplishment|competence|contribution|growth,"I tried and it didn't change, even after multiple attempts."
inefficacy-generalization-i-tried-matter,"nothing i tried .* matter|nothing i tried .* ever .* matter|nothing .* matter ever|nothing i tried.*, it (?:doesn'?t|won't) (?:matter)|whatever i tried.*, it (?:doesn'?t|won't) (?:work|help|change|matter|improve|get better)|i can'?t (?:do anything right|make it work|make a difference|get through|win)|why do i even bother|it was (?:pointless|futile|useless|a waste|for nothing|in vain|went nowhere|made it worse|got me nowhere|all for nothing)|tried .* times and (?:nothing|never) (?:worked|helped|changed|improved|mattered)|no matter what i (?:say|do|try).* (?:fails|backfires|gets ignored|goes nowhere)|never i tried .* matter|never i tried .* at all .* matter|never .* matter at all|never i tried.*, it (?:doesn'?t|won't) (?:matter)|no matter what i tried .* matter|no matter what i tried.*, it (?:doesn'?t|won't) (?:matter)|whatever i tried .* matter|whatever i tried.*, it (?:doesn'?t|won't) (?:matter)",desperate|distressed|tired|hopeless,accomplishment|competence|contribution|growth,"I tried and it didn't matter, even after multiple attempts."
inefficacy-generalization-i-tried-improve,"nothing i tried .* improve|nothing i tried .* ever .* improve|nothing .* improve ever|nothing i tried.*, it (?:doesn'?t|won't) (?:improve)|whatever i tried.*, it (?:doesn'?t|won't) (?:work|help|change|matter|improve|get better)|i can'?t (?:do anything right|make it work|make a difference|get through|win)|why do i even bother|it was (?:pointless|futile|useless|a waste|for nothing|in vain|went nowhere|made it worse|got me nowhere|all for nothing)|tried .* times and (?:nothing|never) (?:worked|helped|changed|improved|mattered)|no matter what i (?:say|do|try).* (?:fails|backfires|gets ignored|goes nowhere)|never i tried .* improve|never i tried .* at all .* improve|never .* improve at all|never i tried.*, it (?:doesn'?t|won't) (?:improve)|no matter what i tried .* improve|no matter what i tried.*, it (?:doesn'?t|won't) (?:improve)|whatever i tried .* improve|whatever i tried.*, it (?:doesn'?t|won't) (?:improve)",desperate|distressed|tired|hopeless,accomplishment|competence|contribution|growth,"I tried and it didn't improve, even after multiple attempts."
inefficacy-generalization-i-tried-get better,"nothing i tried .* get better|nothing i tried .* ever .* get better|nothing .* get better ever|nothing i tried.*, it (?:doesn'?t|won't) (?:get|better)|whatever i tried.*, it (?:doesn'?t|won't) (?:work|help|change|matter|improve|get better)|i can'?t (?:do anything right|make it work|make a difference|get through|win)|why do i even bother|it was (?:pointless|futile|useless|a waste|for nothing|in vain|went nowhere|made it worse|got me nowhere|all for nothing)|tried .* times and (?:nothing|never) (?:worked|helped|changed|improved|mattered)|no matter what i (?:say|do|try).* (?:fails|backfires|gets ignored|goes nowhere)|never i tried .* get better|never i tried .* at all .* get better|never .* get better at all|never i tried.*, it (?:doesn'?t|won't) (?:get|better)|no matter what i tried .* get better|no matter what i tried.*, it (?:doesn'?t|won't) (?:get|better)|whatever i tried .* get better|whatever i tried.*, it (?:doesn'?t|won't) (?:get|better)",desperate|distressed|tired|hopeless,accomplishment|competence|contribution|growth,"I tried and it didn't get better, even after multiple attempts."
inefficacy-generalization-i-say-work,"nothing i say .* work|nothing i say .* ever .* work|nothing .* work ever|nothing i say.*, it (?:doesn'?t|won't) (?:work)|whatever i say.*, it (?:doesn'?t|won't) (?:work|help|change|matter|improve|get better)|i can'?t (?:do anything right|make it work|make a difference|get through|win)|why do i even bother|it was (?:pointless|futile|useless|a waste|for nothing|in vain|went nowhere|made it worse|got me nowhere|all for nothing)|tried .* times and (?:nothing|never) (?:worked|helped|changed|improved|mattered)|no matter what i (?:say|do|try).* (?:fails|backfires|gets ignored|goes nowhere)|never i say .* work|never i say .* at all .* work|never .* work at all|never i say.*, it (?:doesn'?t|won't) (?:work)|no matter what i say .* work|no matter what i say.*, it (?:doesn'?t|won't) (?:work)|whatever i say .* work|whatever i say.*, it (?:doesn'?t|won't) (?:work)",helpless|powerless|thwarted|frustrated,accomplishment|competence|contribution|growth,"I say and it didn't work, even after multiple attempts."
inefficacy-generalization-i-say-help,"nothing i say .* help|nothing i say .* ever .* help|nothing .* help ever|nothing i say.*, it (?:doesn'?t|won't) (?:help)|whatever i say.*, it (?:doesn'?t|won't) (?:work|help|change|matter|improve|get better)|i can'?t (?:do anything right|make it work|make a difference|get through|win)|why do i even bother|it was (?:pointless|futile|useless|a waste|for nothing|in vain|went nowhere|made it worse|got me nowhere|all for nothing)|tried .* times and (?:nothing|never) (?:worked|helped|changed|improved|mattered)|no matter what i (?:say|do|try).* (?:fails|backfires|gets ignored|goes nowhere)|never i say .* help|never i say .* at all .* help|never .* help at all|never i say.*, it (?:doesn'?t|won't) (?:help)|no matter what i say .* help|no matter what i say.*, it (?:doesn'?t|won't) (?:help)|whatever i say .* help|whatever i say.*, it (?:doesn'?t|won't) (?:help)",helpless|powerless|thwarted|frustrated,support|clarity|learning|to-be-heard,"I say and it didn't help, even after multiple attempts."
inefficacy-generalization-i-say-change,"nothing i say .* change|nothing i say .* ever .* change|nothing .* change ever|nothing i say.*, it (?:doesn'?t|won't) (?:change)|whatever i say.*, it (?:doesn'?t|won't) (?:work|help|change|matter|improve|get better)|i can'?t (?:do anything right|make it work|make a difference|get through|win)|why do i even bother|it was (?:pointless|futile|useless|a waste|for nothing|in vain|went nowhere|made it worse|got me nowhere|all for nothing)|tried .* times and (?:nothing|never) (?:worked|helped|changed|improved|mattered)|no matter what i (?:say|do|try).* (?:fails|backfires|gets ignored|goes nowhere)|never i say .* change|never i say .* at all .* change|never .* change at all|never i say.*, it (?:doesn'?t|won't) (?:change)|no matter what i say .* change|no matter what i say.*, it (?:doesn'?t|won't) (?:change)|whatever i say .* change|whatever i say.*, it (?:doesn'?t|won't) (?:change)",desperate|distressed|tired|hopeless,accomplishment|competence|contribution|growth,"I say and it didn't change, even after multiple attempts."
inefficacy-generalization-i-say-matter,"nothing i say .* matter|nothing i say .* ever .* matter|nothing .* matter ever|nothing i say.*, it (?:doesn'?t|won't) (?:matter)|whatever i say.*, it (?:doesn'?t|won't) (?:work|help|change|matter|improve|get better)|i can'?t (?:do anything right|make it work|make a difference|get through|win)|why do i even bother|it was (?:pointless|futile|useless|a waste|for nothing|in vain|went nowhere|made it worse|got me nowhere|all for nothing)|tried .* times and (?:nothing|never) (?:worked|helped|changed|improved|mattered)|no matter what i (?:say|do|try).* (?:fails|backfires|gets ignored|goes nowhere)|never i say .* matter|never i say .* at all .* matter|never .* matter at all|never i say.*, it (?:doesn'?t|won't) (?:matter)|no matter what i say .* matter|no matter what i say.*, it (?:doesn'?t|won't) (?:matter)|whatever i say .* matter|whatever i say.*, it (?:doesn'?t|won't) (?:matter)",desperate|distressed|tired|hopeless,accomplishment|competence|contribution|growth,"I say and it didn't matter, even after multiple attempts."
inefficacy-generalization-i-say-improve,"nothing i say .* improve|nothing i say .* ever .* improve|nothing .* improve ever|nothing i say.*, it (?:doesn'?t|won't) (?:improve)|whatever i say.*, it (?:doesn'?t|won't) (?:work|help|change|matter|improve|get better)|i can'?t (?:do anything right|make it work|make a difference|get through|win)|why do i even bother|it was (?:pointless|futile|useless|a waste|for nothing|in vain|went nowhere|made it worse|got me nowhere|all for nothing)|tried .* times and (?:nothing|never) (?:worked|helped|changed|improved|mattered)|no matter what i (?:say|do|try).* (?:fails|backfires|gets ignored|goes nowhere)|never i say .* improve|never i say .* at all .* improve|never .* improve at all|never i say.*, it (?:doesn'?t|won't) (?:improve)|no matter what i say .* improve|no matter what i say.*, it (?:doesn'?t|won't) (?:improve)|whatever i say .* improve|whatever i say.*, it (?:doesn'?t|won't) (?:improve)",desperate|distressed|tired|hopeless,accomplishment|competence|contribution|growth,"I say and it didn't improve, even after multiple attempts."
inefficacy-generalization-i-say-get better,"nothing i say .* get better|nothing i say .* ever .* get better|nothing .* get better ever|nothing i say.*, it (?:doesn'?t|won't) (?:get|better)|whatever i say.*, it (?:doesn'?t|won't) (?:work|help|change|matter|improve|get better)|i can'?t (?:do anything right|make it work|make a difference|get through|win)|why do i even bother|it was (?:pointless|futile|useless|a waste|for nothing|in vain|went nowhere|made it worse|got me nowhere|all for nothing)|tried .* times and (?:nothing|never) (?:worked|helped|changed|improved|mattered)|no matter what i (?:say|do|try).* (?:fails|backfires|gets ignored|goes nowhere)|never i say .* get better|never i say .* at all .* get better|never .* get better at all|never i say.*, it (?:doesn'?t|won't) (?:get|better)|no matter what i say .* get better|no matter what i say.*, it (?:doesn'?t|won't) (?:get|better)|whatever i say .* get better|whatever i say.*, it (?:doesn'?t|won't) (?:get|better)",desperate|distressed|tired|hopeless,accomplishment|competence|contribution|growth,"I say and it didn't get better, even after multiple attempts."
inefficacy-generalization-i-said-work,"nothing i said .* work|nothing i said .* ever .* work|nothing .* work ever|nothing i said.*, it (?:doesn'?t|won't) (?:work)|whatever i said.*, it (?:doesn'?t|won't) (?:work|help|change|matter|improve|get better)|i can'?t (?:do anything right|make it work|make a difference|get through|win)|why do i even bother|it was (?:pointless|futile|useless|a waste|for nothing|in vain|went nowhere|made it worse|got me nowhere|all for nothing)|tried .* times and (?:nothing|never) (?:worked|helped|changed|improved|mattered)|no matter what i (?:say|do|try).* (?:fails|backfires|gets ignored|goes nowhere)|never i said .* work|never i said .* at all .* work|never .* work at all|never i said.*, it (?:doesn'?t|won't) (?:work)|no matter what i said .* work|no matter what i said.*, it (?:doesn'?t|won't) (?:work)|whatever i said .* work|whatever i said.*, it (?:doesn'?t|won't) (?:work)",helpless|powerless|thwarted|frustrated,accomplishment|competence|contribution|growth,"I said and it didn't work, even after multiple attempts."
inefficacy-generalization-i-said-help,"nothing i said .* help|nothing i said .* ever .* help|nothing .* help ever|nothing i said.*, it (?:doesn'?t|won't) (?:help)|whatever i said.*, it (?:doesn'?t|won't) (?:work|help|change|matter|improve|get better)|i can'?t (?:do anything right|make it work|make a difference|get through|win)|why do i even bother|it was (?:pointless|futile|useless|a waste|for nothing|in vain|went nowhere|made it worse|got me nowhere|all for nothing)|tried .* times and (?:nothing|never) (?:worked|helped|changed|improved|mattered)|no matter what i (?:say|do|try).* (?:fails|backfires|gets ignored|goes nowhere)|never i said .* help|never i said .* at all .* help|never .* help at all|never i said.*, it (?:doesn'?t|won't) (?:help)|no matter what i said .* help|no matter what i said.*, it (?:doesn'?t|won't) (?:help)|whatever i said .* help|whatever i said.*, it (?:doesn'?t|won't) (?:help)",helpless|powerless|thwarted|frustrated,support|clarity|learning|to-be-heard,"I said and it didn't help, even after multiple attempts."
inefficacy-generalization-i-said-change,"nothing i said .* change|nothing i said .* ever .* change|nothing .* change ever|nothing i said.*, it (?:doesn'?t|won't) (?:change)|whatever i said.*, it (?:doesn'?t|won't) (?:work|help|change|matter|improve|get better)|i can'?t (?:do anything right|make it work|make a difference|get through|win)|why do i even bother|it was (?:pointless|futile|useless|a waste|for nothing|in vain|went nowhere|made it worse|got me nowhere|all for nothing)|tried .* times and (?:nothing|never) (?:worked|helped|changed|improved|mattered)|no matter what i (?:say|do|try).* (?:fails|backfires|gets ignored|goes nowhere)|never i said .* change|never i said .* at all .* change|never .* change at all|never i said.*, it (?:doesn'?t|won't) (?:change)|no matter what i said .* change|no matter what i said.*, it (?:doesn'?t|won't) (?:change)|whatever i said .* change|whatever i said.*, it (?:doesn'?t|won't) (?:change)",desperate|distressed|tired|hopeless,accomplishment|competence|contribution|growth,"I said and it didn't change, even after multiple attempts."
inefficacy-generalization-i-said-matter,"nothing i said .* matter|nothing i said .* ever .* matter|nothing .* matter ever|nothing i said.*, it (?:doesn'?t|won't) (?:matter)|whatever i said.*, it (?:doesn'?t|won't) (?:work|help|change|matter|improve|get better)|i can'?t (?:do anything right|make it work|make a difference|get through|win)|why do i even bother|it was (?:pointless|futile|useless|a waste|for nothing|in vain|went nowhere|made it worse|got me nowhere|all for nothing)|tried .* times and (?:nothing|never) (?:worked|helped|changed|improved|mattered)|no matter what i (?:say|do|try).* (?:fails|backfires|gets ignored|goes nowhere)|never i said .* matter|never i said .* at all .* matter|never .* matter at all|never i said.*, it (?:doesn'?t|won't) (?:matter)|no matter what i said .* matter|no matter what i said.*, it (?:doesn'?t|won't) (?:matter)|whatever i said .* matter|whatever i said.*, it (?:doesn'?t|won't) (?:matter)",desperate|distressed|tired|hopeless,accomplishment|competence|contribution|growth,"I said and it didn't matter, even after multiple attempts."
inefficacy-generalization-i-said-improve,"nothing i said .* improve|nothing i said .* ever .* improve|nothing .* improve ever|nothing i said.*, it (?:doesn'?t|won't) (?:improve)|whatever i said.*, it (?:doesn'?t|won't) (?:work|help|change|matter|improve|get better)|i can'?t (?:do anything right|make it work|make a difference|get through|win)|why do i even bother|it was (?:pointless|futile|useless|a waste|for nothing|in vain|went nowhere|made it worse|got me nowhere|all for nothing)|tried .* times and (?:nothing|never) (?:worked|helped|changed|improved|mattered)|no matter what i (?:say|do|try).* (?:fails|backfires|gets ignored|goes nowhere)|never i said .* improve|never i said .* at all .* improve|never .* improve at all|never i said.*, it (?:doesn'?t|won't) (?:improve)|no matter what i said .* improve|no matter what i said.*, it (?:doesn'?t|won't) (?:improve)|whatever i said .* improve|whatever i said.*, it (?:doesn'?t|won't) (?:improve)",desperate|distressed|tired|hopeless,accomplishment|competence|contribution|growth,"I said and it didn't improve, even after multiple attempts."
inefficacy-generalization-i-said-get better,"nothing i said .* get better|nothing i said .* ever .* get better|nothing .* get better ever|nothing i said.*, it (?:doesn'?t|won't) (?:get|better)|whatever i said.*, it (?:doesn'?t|won't) (?:work|help|change|matter|improve|get better)|i can'?t (?:do anything right|make it work|make a difference|get through|win)|why do i even bother|it was (?:pointless|futile|useless|a waste|for nothing|in vain|went nowhere|made it worse|got me nowhere|all for nothing)|tried .* times and (?:nothing|never) (?:worked|helped|changed|improved|mattered)|no matter what i (?:say|do|try).* (?:fails|backfires|gets ignored|goes nowhere)|never i said .* get better|never i said .* at all .* get better|never .* get better at all|never i said.*, it (?:doesn'?t|won't) (?:get|better)|no matter what i said .* get better|no matter what i said.*, it (?:doesn'?t|won't) (?:get|better)|whatever i said .* get better|whatever i said.*, it (?:doesn'?t|won't) (?:get|better)",desperate|distressed|tired|hopeless,accomplishment|competence|contribution|growth,"I said and it didn't get better, even after multiple attempts."
inefficacy-generalization-i-change-work,"nothing i change .* work|nothing i change .* ever .* work|nothing .* work ever|nothing i change.*, it (?:doesn'?t|won't) (?:work)|whatever i change.*, it (?:doesn'?t|won't) (?:work|help|change|matter|improve|get better)|i can'?t (?:do anything right|make it work|make a difference|get through|win)|why do i even bother|it was (?:pointless|futile|useless|a waste|for nothing|in vain|went nowhere|made it worse|got me nowhere|all for nothing)|tried .* times and (?:nothing|never) (?:worked|helped|changed|improved|mattered)|no matter what i (?:say|do|try).* (?:fails|backfires|gets ignored|goes nowhere)|never i change .* work|never i change .* at all .* work|never .* work at all|never i change.*, it (?:doesn'?t|won't) (?:work)|no matter what i change .* work|no matter what i change.*, it (?:doesn'?t|won't) (?:work)|whatever i change .* work|whatever i change.*, it (?:doesn'?t|won't) (?:work)",helpless|powerless|thwarted|frustrated,accomplishment|competence|contribution|growth,"I change and it didn't work, even after multiple attempts."
inefficacy-generalization-i-change-help,"nothing i change .* help|nothing i change .* ever .* help|nothing .* help ever|nothing i change.*, it (?:doesn'?t|won't) (?:help)|whatever i change.*, it (?:doesn'?t|won't) (?:work|help|change|matter|improve|get better)|i can'?t (?:do anything right|make it work|make a difference|get through|win)|why do i even bother|it was (?:pointless|futile|useless|a waste|for nothing|in vain|went nowhere|made it worse|got me nowhere|all for nothing)|tried .* times and (?:nothing|never) (?:worked|helped|changed|improved|mattered)|no matter what i (?:say|do|try).* (?:fails|backfires|gets ignored|goes nowhere)|never i change .* help|never i change .* at all .* help|never .* help at all|never i change.*, it (?:doesn'?t|won't) (?:help)|no matter what i change .* help|no matter what i change.*, it (?:doesn'?t|won't) (?:help)|whatever i change .* help|whatever i change.*, it (?:doesn'?t|won't) (?:help)",helpless|powerless|thwarted|frustrated,support|clarity|learning|to-be-heard,"I change and it didn't help, even after multiple attempts."
inefficacy-generalization-i-change-change,"nothing i change .* change|nothing i change .* ever .* change|nothing .* change ever|nothing i change.*, it (?:doesn'?t|won't) (?:change)|whatever i change.*, it (?:doesn'?t|won't) (?:work|help|change|matter|improve|get better)|i can'?t (?:do anything right|make it work|make a difference|get through|win)|why do i even bother|it was (?:pointless|futile|useless|a waste|for nothing|in vain|went nowhere|made it worse|got me nowhere|all for nothing)|tried .* times and (?:nothing|never) (?:worked|helped|changed|improved|mattered)|no matter what i (?:say|do|try).* (?:fails|backfires|gets ignored|goes nowhere)|never i change .* change|never i change .* at all .* change|never .* change at all|never i change.*, it (?:doesn'?t|won't) (?:change)|no matter what i change .* change|no matter what i change.*, it (?:doesn'?t|won't) (?:change)|whatever i change .* change|whatever i change.*, it (?:doesn'?t|won't) (?:change)",desperate|distressed|tired|hopeless,accomplishment|competence|contribution|growth,"I change and it didn't change, even after multiple attempts."
inefficacy-generalization-i-change-matter,"nothing i change .* matter|nothing i change .* ever .* matter|nothing .* matter ever|nothing i change.*, it (?:doesn'?t|won't) (?:matter)|whatever i change.*, it (?:doesn'?t|won't) (?:work|help|change|matter|improve|get better)|i can'?t (?:do anything right|make it work|make a difference|get through|win)|why do i even bother|it was (?:pointless|futile|useless|a waste|for nothing|in vain|went nowhere|made it worse|got me nowhere|all for nothing)|tried .* times and (?:nothing|never) (?:worked|helped|changed|improved|mattered)|no matter what i (?:say|do|try).* (?:fails|backfires|gets ignored|goes nowhere)|never i change .* matter|never i change .* at all .* matter|never .* matter at all|never i change.*, it (?:doesn'?t|won't) (?:matter)|no matter what i change .* matter|no matter what i change.*, it (?:doesn'?t|won't) (?:matter)|whatever i change .* matter|whatever i change.*, it (?:doesn'?t|won't) (?:matter)",desperate|distressed|tired|hopeless,accomplishment|competence|contribution|growth,"I change and it didn't matter, even after multiple attempts."
inefficacy-generalization-i-change-improve,"nothing i change .* improve|nothing i change .* ever .* improve|nothing .* improve ever|nothing i change.*, it (?:doesn'?t|won't) (?:improve)|whatever i change.*, it (?:doesn'?t|won't) (?:work|help|change|matter|improve|get better)|i can'?t (?:do anything right|make it work|make a difference|get through|win)|why do i even bother|it was (?:pointless|futile|useless|a waste|for nothing|in vain|went nowhere|made it worse|got me nowhere|all for nothing)|tried .* times and (?:nothing|never) (?:worked|helped|changed|improved|mattered)|no matter what i (?:say|do|try).* (?:fails|backfires|gets ignored|goes nowhere)|never i change .* improve|never i change .* at all .* improve|never .* improve at all|never i change.*, it (?:doesn'?t|won't) (?:improve)|no matter what i change .* improve|no matter what i change.*, it (?:doesn'?t|won't) (?:improve)|whatever i change .* improve|whatever i change.*, it (?:doesn'?t|won't) (?:improve)",desperate|distressed|tired|hopeless,accomplishment|competence|contribution|growth,"I change and it didn't improve, even after multiple attempts."
inefficacy-generalization-i-change-get better,"nothing i change .* get better|nothing i change .* ever .* get better|nothing .* get better ever|nothing i change.*, it (?:doesn'?t|won't) (?:get|better)|whatever i change.*, it (?:doesn'?t|won't) (?:work|help|change|matter|improve|get better)|i can'?t (?:do anything right|make it work|make a difference|get through|win)|why do i even bother|it was (?:pointless|futile|useless|a waste|for nothing|in vain|went nowhere|made it worse|got me nowhere|all for nothing)|tried .* times and (?:nothing|never) (?:worked|helped|changed|improved|mattered)|no matter what i (?:say|do|try).* (?:fails|backfires|gets ignored|goes nowhere)|never i change .* get better|never i change .* at all .* get better|never .* get better at all|never i change.*, it (?:doesn'?t|won't) (?:get|better)|no matter what i change .* get better|no matter what i change.*, it (?:doesn'?t|won't) (?:get|better)|whatever i change .* get better|whatever i change.*, it (?:doesn'?t|won't) (?:get|better)",desperate|distressed|tired|hopeless,accomplishment|competence|contribution|growth,"I change and it didn't get better, even after multiple attempts."
inefficacy-generalization-i-changed-work,"nothing i changed .* work|nothing i changed .* ever .* work|nothing .* work ever|nothing i changed.*, it (?:doesn'?t|won't) (?:work)|whatever i changed.*, it (?:doesn'?t|won't) (?:work|help|change|matter|improve|get better)|i can'?t (?:do anything right|make it work|make a difference|get through|win)|why do i even bother|it was (?:pointless|futile|useless|a waste|for nothing|in vain|went nowhere|made it worse|got me nowhere|all for nothing)|tried .* times and (?:nothing|never) (?:worked|helped|changed|improved|mattered)|no matter what i (?:say|do|try).* (?:fails|backfires|gets ignored|goes nowhere)|never i changed .* work|never i changed .* at all .* work|never .* work at all|never i changed.*, it (?:doesn'?t|won't) (?:work)|no matter what i changed .* work|no matter what i changed.*, it (?:doesn'?t|won't) (?:work)|whatever i changed .* work|whatever i changed.*, it (?:doesn'?t|won't) (?:work)",helpless|powerless|thwarted|frustrated,accomplishment|competence|contribution|growth,"I changed and it didn't work, even after multiple attempts."
inefficacy-generalization-i-changed-help,"nothing i changed .* help|nothing i changed .* ever .* help|nothing .* help ever|nothing i changed.*, it (?:doesn'?t|won't) (?:help)|whatever i changed.*, it (?:doesn'?t|won't) (?:work|help|change|matter|improve|get better)|i can'?t (?:do anything right|make it work|make a difference|get through|win)|why do i even bother|it was (?:pointless|futile|useless|a waste|for nothing|in vain|went nowhere|made it worse|got me nowhere|all for nothing)|tried .* times and (?:nothing|never) (?:worked|helped|changed|improved|mattered)|no matter what i (?:say|do|try).* (?:fails|backfires|gets ignored|goes nowhere)|never i changed .* help|never i changed .* at all .* help|never .* help at all|never i changed.*, it (?:doesn'?t|won't) (?:help)|no matter what i changed .* help|no matter what i changed.*, it (?:doesn'?t|won't) (?:help)|whatever i changed .* help|whatever i changed.*, it (?:doesn'?t|won't) (?:help)",helpless|powerless|thwarted|frustrated,support|clarity|learning|to-be-heard,"I changed and it didn't help, even after multiple attempts."
inefficacy-generalization-i-changed-change,"nothing i changed .* change|nothing i changed .* ever .* change|nothing .* change ever|nothing i changed.*, it (?:doesn'?t|won't) (?:change)|whatever i changed.*, it (?:doesn'?t|won't) (?:work|help|change|matter|improve|get better)|i can'?t (?:do anything right|make it work|make a difference|get through|win)|why do i even bother|it was (?:pointless|futile|useless|a waste|for nothing|in vain|went nowhere|made it worse|got me nowhere|all for nothing)|tried .* times and (?:nothing|never) (?:worked|helped|changed|improved|mattered)|no matter what i (?:say|do|try).* (?:fails|backfires|gets ignored|goes nowhere)|never i changed .* change|never i changed .* at all .* change|never .* change at all|never i changed.*, it (?:doesn'?t|won't) (?:change)|no matter what i changed .* change|no matter what i changed.*, it (?:doesn'?t|won't) (?:change)|whatever i changed .* change|whatever i changed.*, it (?:doesn'?t|won't) (?:change)",desperate|distressed|tired|hopeless,accomplishment|competence|contribution|growth,"I changed and it didn't change, even after multiple attempts."
inefficacy-generalization-i-changed-matter,"nothing i changed .* matter|nothing i changed .* ever .* matter|nothing .* matter ever|nothing i changed.*, it (?:doesn'?t|won't) (?:matter)|whatever i changed.*, it (?:doesn'?t|won't) (?:work|help|change|matter|improve|get better)|i can'?t (?:do anything right|make it work|make a difference|get through|win)|why do i even bother|it was (?:pointless|futile|useless|a waste|for nothing|in vain|went nowhere|made it worse|got me nowhere|all for nothing)|tried .* times and (?:nothing|never) (?:worked|helped|changed|improved|mattered)|no matter what i (?:say|do|try).* (?:fails|backfires|gets ignored|goes nowhere)|never i changed .* matter|never i changed .* at all .* matter|never .* matter at all|never i changed.*, it (?:doesn'?t|won't) (?:matter)|no matter what i changed .* matter|no matter what i changed.*, it (?:doesn'?t|won't) (?:matter)|whatever i changed .* matter|whatever i changed.*, it (?:doesn'?t|won't) (?:matter)",desperate|distressed|tired|hopeless,accomplishment|competence|contribution|growth,"I changed and it didn't matter, even after multiple attempts."
inefficacy-generalization-i-changed-improve,"nothing i changed .* improve|nothing i changed .* ever .* improve|nothing .* improve ever|nothing i changed.*, it (?:doesn'?t|won't) (?:improve)|whatever i changed.*, it (?:doesn'?t|won't) (?:work|help|change|matter|improve|get better)|i can'?t (?:do anything right|make it work|make a difference|get through|win)|why do i even bother|it was (?:pointless|futile|useless|a waste|for nothing|in vain|went nowhere|made it worse|got me nowhere|all for nothing)|tried .* times and (?:nothing|never) (?:worked|helped|changed|improved|mattered)|no matter what i (?:say|do|try).* (?:fails|backfires|gets ignored|goes nowhere)|never i changed .* improve|never i changed .* at all .* improve|never .* improve at all|never i changed.*, it (?:doesn'?t|won't) (?:improve)|no matter what i changed .* improve|no matter what i changed.*, it (?:doesn'?t|won't) (?:improve)|whatever i changed .* improve|whatever i changed.*, it (?:doesn'?t|won't) (?:improve)",desperate|distressed|tired|hopeless,accomplishment|competence|contribution|growth,"I changed and it didn't improve, even after multiple attempts."
inefficacy-generalization-i-changed-get better,"nothing i changed .* get better|nothing i changed .* ever .* get better|nothing .* get better ever|nothing i changed.*, it (?:doesn'?t|won't) (?:get|better)|whatever i changed.*, it (?:doesn'?t|won't) (?:work|help|change|matter|improve|get better)|i can'?t (?:do anything right|make it work|make a difference|get through|win)|why do i even bother|it was (?:pointless|futile|useless|a waste|for nothing|in vain|went nowhere|made it worse|got me nowhere|all for nothing)|tried .* times and (?:nothing|never) (?:worked|helped|changed|improved|mattered)|no matter what i (?:say|do|try).* (?:fails|backfires|gets ignored|goes nowhere)|never i changed .* get better|never i changed .* at all .* get better|never .* get better at all|never i changed.*, it (?:doesn'?t|won't) (?:get|better)|no matter what i changed .* get better|no matter what i changed.*, it (?:doesn'?t|won't) (?:get|better)|whatever i changed .* get better|whatever i changed.*, it (?:doesn'?t|won't) (?:get|better)",desperate|distressed|tired|hopeless,accomplishment|competence|contribution|growth,"I changed and it didn't get better, even after multiple attempts."
inefficacy-generalization-i-explain-work,"nothing i explain .* work|nothing i explain .* ever .* work|nothing .* work ever|nothing i explain.*, it (?:doesn'?t|won't) (?:work)|whatever i explain.*, it (?:doesn'?t|won't) (?:work|help|change|matter|improve|get better)|i can'?t (?:do anything right|make it work|make a difference|get through|win)|why do i even bother|it was (?:pointless|futile|useless|a waste|for nothing|in vain|went nowhere|made it worse|got me nowhere|all for nothing)|tried .* times and (?:nothing|never) (?:worked|helped|changed|improved|mattered)|no matter what i (?:say|do|try).* (?:fails|backfires|gets ignored|goes nowhere)|never i explain .* work|never i explain .* at all .* work|never .* work at all|never i explain.*, it (?:doesn'?t|won't) (?:work)|no matter what i explain .* work|no matter what i explain.*, it (?:doesn'?t|won't) (?:work)|whatever i explain .* work|whatever i explain.*, it (?:doesn'?t|won't) (?:work)",helpless|powerless|thwarted|frustrated,accomplishment|competence|contribution|growth,"I explain and it didn't work, even after multiple attempts."
inefficacy-generalization-i-explain-help,"nothing i explain .* help|nothing i explain .* ever .* help|nothing .* help ever|nothing i explain.*, it (?:doesn'?t|won't) (?:help)|whatever i explain.*, it (?:doesn'?t|won't) (?:work|help|change|matter|improve|get better)|i can'?t (?:do anything right|make it work|make a difference|get through|win)|why do i even bother|it was (?:pointless|futile|useless|a waste|for nothing|in vain|went nowhere|made it worse|got me nowhere|all for nothing)|tried .* times and (?:nothing|never) (?:worked|helped|changed|improved|mattered)|no matter what i (?:say|do|try).* (?:fails|backfires|gets ignored|goes nowhere)|never i explain .* help|never i explain .* at all .* help|never .* help at all|never i explain.*, it (?:doesn'?t|won't) (?:help)|no matter what i explain .* help|no matter what i explain.*, it (?:doesn'?t|won't) (?:help)|whatever i explain .* help|whatever i explain.*, it (?:doesn'?t|won't) (?:help)",helpless|powerless|thwarted|frustrated,support|clarity|learning|to-be-heard,"I explain and it didn't help, even after multiple attempts."
inefficacy-generalization-i-explain-change,"nothing i explain .* change|nothing i explain .* ever .* change|nothing .* change ever|nothing i explain.*, it (?:doesn'?t|won't) (?:change)|whatever i explain.*, it (?:doesn'?t|won't) (?:work|help|change|matter|improve|get better)|i can'?t (?:do anything right|make it work|make a difference|get through|win)|why do i even bother|it was (?:pointless|futile|useless|a waste|for nothing|in vain|went nowhere|made it worse|got me nowhere|all for nothing)|tried .* times and (?:nothing|never) (?:worked|helped|changed|improved|mattered)|no matter what i (?:say|do|try).* (?:fails|backfires|gets ignored|goes nowhere)|never i explain .* change|never i explain .* at all .* change|never .* change at all|never i explain.*, it (?:doesn'?t|won't) (?:change)|no matter what i explain .* change|no matter what i explain.*, it (?:doesn'?t|won't) (?:change)|whatever i explain .* change|whatever i explain.*, it (?:doesn'?t|won't) (?:change)",desperate|distressed|tired|hopeless,accomplishment|competence|contribution|growth,"I explain and it didn't change, even after multiple attempts."
inefficacy-generalization-i-explain-matter,"nothing i explain .* matter|nothing i explain .* ever .* matter|nothing .* matter ever|nothing i explain.*, it (?:doesn'?t|won't) (?:matter)|whatever i explain.*, it (?:doesn'?t|won't) (?:work|help|change|matter|improve|get better)|i can'?t (?:do anything right|make it work|make a difference|get through|win)|why do i even bother|it was (?:pointless|futile|useless|a waste|for nothing|in vain|went nowhere|made it worse|got me nowhere|all for nothing)|tried .* times and (?:nothing|never) (?:worked|helped|changed|improved|mattered)|no matter what i (?:say|do|try).* (?:fails|backfires|gets ignored|goes nowhere)|never i explain .* matter|never i explain .* at all .* matter|never .* matter at all|never i explain.*, it (?:doesn'?t|won't) (?:matter)|no matter what i explain .* matter|no matter what i explain.*, it (?:doesn'?t|won't) (?:matter)|whatever i explain .* matter|whatever i explain.*, it (?:doesn'?t|won't) (?:matter)",desperate|distressed|tired|hopeless,accomplishment|competence|contribution|growth,"I explain and it didn't matter, even after multiple attempts."
inefficacy-generalization-i-explain-improve,"nothing i explain .* improve|nothing i explain .* ever .* improve|nothing .* improve ever|nothing i explain.*, it (?:doesn'?t|won't) (?:improve)|whatever i explain.*, it (?:doesn'?t|won't) (?:work|help|change|matter|improve|get better)|i can'?t (?:do anything right|make it work|make a difference|get through|win)|why do i even bother|it was (?:pointless|futile|useless|a waste|for nothing|in vain|went nowhere|made it worse|got me nowhere|all for nothing)|tried .* times and (?:nothing|never) (?:worked|helped|changed|improved|mattered)|no matter what i (?:say|do|try).* (?:fails|backfires|gets ignored|goes nowhere)|never i explain .* improve|never i explain .* at all .* improve|never .* improve at all|never i explain.*, it (?:doesn'?t|won't) (?:improve)|no matter what i explain .* improve|no matter what i explain.*, it (?:doesn'?t|won't) (?:improve)|whatever i explain .* improve|whatever i explain.*, it (?:doesn'?t|won't) (?:improve)",desperate|distressed|tired|hopeless,accomplishment|competence|contribution|growth,"I explain and it didn't improve, even after multiple attempts."
inefficacy-generalization-i-explain-get better,"nothing i explain .* get better|nothing i explain .* ever .* get better|nothing .* get better ever|nothing i explain.*, it (?:doesn'?t|won't) (?:get|better)|whatever i explain.*, it (?:doesn'?t|won't) (?:work|help|change|matter|improve|get better)|i can'?t (?:do anything right|make it work|make a difference|get through|win)|why do i even bother|it was (?:pointless|futile|useless|a waste|for nothing|in vain|went nowhere|made it worse|got me nowhere|all for nothing)|tried .* times and (?:nothing|never) (?:worked|helped|changed|improved|mattered)|no matter what i (?:say|do|try).* (?:fails|backfires|gets ignored|goes nowhere)|never i explain .* get better|never i explain .* at all .* get better|never .* get better at all|never i explain.*, it (?:doesn'?t|won't) (?:get|better)|no matter what i explain .* get better|no matter what i explain.*, it (?:doesn'?t|won't) (?:get|better)|whatever i explain .* get better|whatever i explain.*, it (?:doesn'?t|won't) (?:get|better)",desperate|distressed|tired|hopeless,accomplishment|competence|contribution|growth,"I explain and it didn't get better, even after multiple attempts."
inefficacy-generalization-i-explained-work,"nothing i explained .* work|nothing i explained .* ever .* work|nothing .* work ever|nothing i explained.*, it (?:doesn'?t|won't) (?:work)|whatever i explained.*, it (?:doesn'?t|won't) (?:work|help|change|matter|improve|get better)|i can'?t (?:do anything right|make it work|make a difference|get through|win)|why do i even bother|it was (?:pointless|futile|useless|a waste|for nothing|in vain|went nowhere|made it worse|got me nowhere|all for nothing)|tried .* times and (?:nothing|never) (?:worked|helped|changed|improved|mattered)|no matter what i (?:say|do|try).* (?:fails|backfires|gets ignored|goes nowhere)|never i explained .* work|never i explained .* at all .* work|never .* work at all|never i explained.*, it (?:doesn'?t|won't) (?:work)|no matter what i explained .* work|no matter what i explained.*, it (?:doesn'?t|won't) (?:work)|whatever i explained .* work|whatever i explained.*, it (?:doesn'?t|won't) (?:work)",helpless|powerless|thwarted|frustrated,accomplishment|competence|contribution|growth,"I explained and it didn't work, even after multiple attempts."
inefficacy-generalization-i-explained-help,"nothing i explained .* help|nothing i explained .* ever .* help|nothing .* help ever|nothing i explained.*, it (?:doesn'?t|won't) (?:help)|whatever i explained.*, it (?:doesn'?t|won't) (?:work|help|change|matter|improve|get better)|i can'?t (?:do anything right|make it work|make a difference|get through|win)|why do i even bother|it was (?:pointless|futile|useless|a waste|for nothing|in vain|went nowhere|made it worse|got me nowhere|all for nothing)|tried .* times and (?:nothing|never) (?:worked|helped|changed|improved|mattered)|no matter what i (?:say|do|try).* (?:fails|backfires|gets ignored|goes nowhere)|never i explained .* help|never i explained .* at all .* help|never .* help at all|never i explained.*, it (?:doesn'?t|won't) (?:help)|no matter what i explained .* help|no matter what i explained.*, it (?:doesn'?t|won't) (?:help)|whatever i explained .* help|whatever i explained.*, it (?:doesn'?t|won't) (?:help)",helpless|powerless|thwarted|frustrated,support|clarity|learning|to-be-heard,"I explained and it didn't help, even after multiple attempts."
inefficacy-generalization-i-explained-change,"nothing i explained .* change|nothing i explained .* ever .* change|nothing .* change ever|nothing i explained.*, it (?:doesn'?t|won't) (?:change)|whatever i explained.*, it (?:doesn'?t|won't) (?:work|help|change|matter|improve|get better)|i can'?t (?:do anything right|make it work|make a difference|get through|win)|why do i even bother|it was (?:pointless|futile|useless|a waste|for nothing|in vain|went nowhere|made it worse|got me nowhere|all for nothing)|tried .* times and (?:nothing|never) (?:worked|helped|changed|improved|mattered)|no matter what i (?:say|do|try).* (?:fails|backfires|gets ignored|goes nowhere)|never i explained .* change|never i explained .* at all .* change|never .* change at all|never i explained.*, it (?:doesn'?t|won't) (?:change)|no matter what i explained .* change|no matter what i explained.*, it (?:doesn'?t|won't) (?:change)|whatever i explained .* change|whatever i explained.*, it (?:doesn'?t|won't) (?:change)",desperate|distressed|tired|hopeless,accomplishment|competence|contribution|growth,"I explained and it didn't change, even after multiple attempts."
inefficacy-generalization-i-explained-matter,"nothing i explained .* matter|nothing i explained .* ever .* matter|nothing .* matter ever|nothing i explained.*, it (?:doesn'?t|won't) (?:matter)|whatever i explained.*, it (?:doesn'?t|won't) (?:work|help|change|matter|improve|get better)|i can'?t (?:do anything right|make it work|make a difference|get through|win)|why do i even bother|it was (?:pointless|futile|useless|a waste|for nothing|in vain|went nowhere|made it worse|got me nowhere|all for nothing)|tried .* times and (?:nothing|never) (?:worked|helped|changed|improved|mattered)|no matter what i (?:say|do|try).* (?:fails|backfires|gets ignored|goes nowhere)|never i explained .* matter|never i explained .* at all .* matter|never .* matter at all|never i explained.*, it (?:doesn'?t|won't) (?:matter)|no matter what i explained .* matter|no matter what i explained.*, it (?:doesn'?t|won't) (?:matter)|whatever i explained .* matter|whatever i explained.*, it (?:doesn'?t|won't) (?:matter)",desperate|distressed|tired|hopeless,accomplishment|competence|contribution|growth,"I explained and it didn't matter, even after multiple attempts."
inefficacy-generalization-i-explained-improve,"nothing i explained .* improve|nothing i explained .* ever .* improve|nothing .* improve ever|nothing i explained.*, it (?:doesn'?t|won't) (?:improve)|whatever i explained.*, it (?:doesn'?t|won't) (?:work|help|change|matter|improve|get better)|i can'?t (?:do anything right|make it work|make a difference|get through|win)|why do i even bother|it was (?:pointless|futile|useless|a waste|for nothing|in vain|went nowhere|made it worse|got me nowhere|all for nothing)|tried .* times and (?:nothing|never) (?:worked|helped|changed|improved|mattered)|no matter what i (?:say|do|try).* (?:fails|backfires|gets ignored|goes nowhere)|never i explained .* improve|never i explained .* at all .* improve|never .* improve at all|never i explained.*, it (?:doesn'?t|won't) (?:improve)|no matter what i explained .* improve|no matter what i explained.*, it (?:doesn'?t|won't) (?:improve)|whatever i explained .* improve|whatever i explained.*, it (?:doesn'?t|won't) (?:improve)",desperate|distressed|tired|hopeless,accomplishment|competence|contribution|growth,"I explained and it didn't improve, even after multiple attempts."
inefficacy-generalization-i-explained-get better,"nothing i explained .* get better|nothing i explained .* ever .* get better|nothing .* get better ever|nothing i explained.*, it (?:doesn'?t|won't) (?:get|better)|whatever i explained.*, it (?:doesn'?t|won't) (?:work|help|change|matter|improve|get better)|i can'?t (?:do anything right|make it work|make a difference|get through|win)|why do i even bother|it was (?:pointless|futile|useless|a waste|for nothing|in vain|went nowhere|made it worse|got me nowhere|all for nothing)|tried .* times and (?:nothing|never) (?:worked|helped|changed|improved|mattered)|no matter what i (?:say|do|try).* (?:fails|backfires|gets ignored|goes nowhere)|never i explained .* get better|never i explained .* at all .* get better|never .* get better at all|never i explained.*, it (?:doesn'?t|won't) (?:get|better)|no matter what i explained .* get better|no matter what i explained.*, it (?:doesn'?t|won't) (?:get|better)|whatever i explained .* get better|whatever i explained.*, it (?:doesn'?t|won't) (?:get|better)",desperate|distressed|tired|hopeless,accomplishment|competence|contribution|growth,"I explained and it didn't get better, even after multiple attempts."
inefficacy-generalization-i-ask-work,"nothing i ask .* work|nothing i ask .* ever .* work|nothing .* work ever|nothing i ask.*, it (?:doesn'?t|won't) (?:work)|whatever i ask.*, it (?:doesn'?t|won't) (?:work|help|change|matter|improve|get better)|i can'?t (?:do anything right|make it work|make a difference|get through|win)|why do i even bother|it was (?:pointless|futile|useless|a waste|for nothing|in vain|went nowhere|made it worse|got me nowhere|all for nothing)|tried .* times and (?:nothing|never) (?:worked|helped|changed|improved|mattered)|no matter what i (?:say|do|try).* (?:fails|backfires|gets ignored|goes nowhere)|never i ask .* work|never i ask .* at all .* work|never .* work at all|never i ask.*, it (?:doesn'?t|won't) (?:work)|no matter what i ask .* work|no matter what i ask.*, it (?:doesn'?t|won't) (?:work)|whatever i ask .* work|whatever i ask.*, it (?:doesn'?t|won't) (?:work)",helpless|powerless|thwarted|frustrated,accomplishment|competence|contribution|growth,"I ask and it didn't work, even after multiple attempts."
inefficacy-generalization-i-ask-help,"nothing i ask .* help|nothing i ask .* ever .* help|nothing .* help ever|nothing i ask.*, it (?:doesn'?t|won't) (?:help)|whatever i ask.*, it (?:doesn'?t|won't) (?:work|help|change|matter|improve|get better)|i can'?t (?:do anything right|make it work|make a difference|get through|win)|why do i even bother|it was (?:pointless|futile|useless|a waste|for nothing|in vain|went nowhere|made it worse|got me nowhere|all for nothing)|tried .* times and (?:nothing|never) (?:worked|helped|changed|improved|mattered)|no matter what i (?:say|do|try).* (?:fails|backfires|gets ignored|goes nowhere)|never i ask .* help|never i ask .* at all .* help|never .* help at all|never i ask.*, it (?:doesn'?t|won't) (?:help)|no matter what i ask .* help|no matter what i ask.*, it (?:doesn'?t|won't) (?:help)|whatever i ask .* help|whatever i ask.*, it (?:doesn'?t|won't) (?:help)",helpless|powerless|thwarted|frustrated,support|clarity|learning|to-be-heard,"I ask and it didn't help, even after multiple attempts."
inefficacy-generalization-i-ask-change,"nothing i ask .* change|nothing i ask .* ever .* change|nothing .* change ever|nothing i ask.*, it (?:doesn'?t|won't) (?:change)|whatever i ask.*, it (?:doesn'?t|won't) (?:work|help|change|matter|improve|get better)|i can'?t (?:do anything right|make it work|make a difference|get through|win)|why do i even bother|it was (?:pointless|futile|useless|a waste|for nothing|in vain|went nowhere|made it worse|got me nowhere|all for nothing)|tried .* times and (?:nothing|never) (?:worked|helped|changed|improved|mattered)|no matter what i (?:say|do|try).* (?:fails|backfires|gets ignored|goes nowhere)|never i ask .* change|never i ask .* at all .* change|never .* change at all|never i ask.*, it (?:doesn'?t|won't) (?:change)|no matter what i ask .* change|no matter what i ask.*, it (?:doesn'?t|won't) (?:change)|whatever i ask .* change|whatever i ask.*, it (?:doesn'?t|won't) (?:change)",desperate|distressed|tired|hopeless,accomplishment|competence|contribution|growth,"I ask and it didn't change, even after multiple attempts."
inefficacy-generalization-i-ask-matter,"nothing i ask .* matter|nothing i ask .* ever .* matter|nothing .* matter ever|nothing i ask.*, it (?:doesn'?t|won't) (?:matter)|whatever i ask.*, it (?:doesn'?t|won't) (?:work|help|change|matter|improve|get better)|i can'?t (?:do anything right|make it work|make a difference|get through|win)|why do i even bother|it was (?:pointless|futile|useless|a waste|for nothing|in vain|went nowhere|made it worse|got me nowhere|all for nothing)|tried .* times and (?:nothing|never) (?:worked|helped|changed|improved|mattered)|no matter what i (?:say|do|try).* (?:fails|backfires|gets ignored|goes nowhere)|never i ask .* matter|never i ask .* at all .* matter|never .* matter at all|never i ask.*, it (?:doesn'?t|won't) (?:matter)|no matter what i ask .* matter|no matter what i ask.*, it (?:doesn'?t|won't) (?:matter)|whatever i ask .* matter|whatever i ask.*, it (?:doesn'?t|won't) (?:matter)",desperate|distressed|tired|hopeless,accomplishment|competence|contribution|growth,"I ask and it didn't matter, even after multiple attempts."
inefficacy-generalization-i-ask-improve,"nothing i ask .* improve|nothing i ask .* ever .* improve|nothing .* improve ever|nothing i ask.*, it (?:doesn'?t|won't) (?:improve)|whatever i ask.*, it (?:doesn'?t|won't) (?:work|help|change|matter|improve|get better)|i can'?t (?:do anything right|make it work|make a difference|get through|win)|why do i even bother|it was (?:pointless|futile|useless|a waste|for nothing|in vain|went nowhere|made it worse|got me nowhere|all for nothing)|tried .* times and (?:nothing|never) (?:worked|helped|changed|improved|mattered)|no matter what i (?:say|do|try).* (?:fails|backfires|gets ignored|goes nowhere)|never i ask .* improve|never i ask .* at all .* improve|never .* improve at all|never i ask.*, it (?:doesn'?t|won't) (?:improve)|no matter what i ask .* improve|no matter what i ask.*, it (?:doesn'?t|won't) (?:improve)|whatever i ask .* improve|whatever i ask.*, it (?:doesn'?t|won't) (?:improve)",desperate|distressed|tired|hopeless,accomplishment|competence|contribution|growth,"I ask and it didn't improve, even after multiple attempts."
inefficacy-generalization-i-ask-get better,"nothing i ask .* get better|nothing i ask .* ever .* get better|nothing .* get better ever|nothing i ask.*, it (?:doesn'?t|won't) (?:get|better)|whatever i ask.*, it (?:doesn'?t|won't) (?:work|help|change|matter|improve|get better)|i can'?t (?:do anything right|make it work|make a difference|get through|win)|why do i even bother|it was (?:pointless|futile|useless|a waste|for nothing|in vain|went nowhere|made it worse|got me nowhere|all for nothing)|tried .* times and (?:nothing|never) (?:worked|helped|changed|improved|mattered)|no matter what i (?:say|do|try).* (?:fails|backfires|gets ignored|goes nowhere)|never i ask .* get better|never i ask .* at all .* get better|never .* get better at all|never i ask.*, it (?:doesn'?t|won't) (?:get|better)|no matter what i ask .* get better|no matter what i ask.*, it (?:doesn'?t|won't) (?:get|better)|whatever i ask .* get better|whatever i ask.*, it (?:doesn'?t|won't) (?:get|better)",desperate|distressed|tired|hopeless,accomplishment|competence|contribution|growth,"I ask and it didn't get better, even after multiple attempts."
inefficacy-generalization-i-asked-work,"nothing i asked .* work|nothing i asked .* ever .* work|nothing .* work ever|nothing i asked.*, it (?:doesn'?t|won't) (?:work)|whatever i asked.*, it (?:doesn'?t|won't) (?:work|help|change|matter|improve|get better)|i can'?t (?:do anything right|make it work|make a difference|get through|win)|why do i even bother|it was (?:pointless|futile|useless|a waste|for nothing|in vain|went nowhere|made it worse|got me nowhere|all for nothing)|tried .* times and (?:nothing|never) (?:worked|helped|changed|improved|mattered)|no matter what i (?:say|do|try).* (?:fails|backfires|gets ignored|goes nowhere)|never i asked .* work|never i asked .* at all .* work|never .* work at all|never i asked.*, it (?:doesn'?t|won't) (?:work)|no matter what i asked .* work|no matter what i asked.*, it (?:doesn'?t|won't) (?:work)|whatever i asked .* work|whatever i asked.*, it (?:doesn'?t|won't) (?:work)",helpless|powerless|thwarted|frustrated,accomplishment|competence|contribution|growth,"I asked and it didn't work, even after multiple attempts."
inefficacy-generalization-i-asked-help,"nothing i asked .* help|nothing i asked .* ever .* help|nothing .* help ever|nothing i asked.*, it (?:doesn'?t|won't) (?:help)|whatever i asked.*, it (?:doesn'?t|won't) (?:work|help|change|matter|improve|get better)|i can'?t (?:do anything right|make it work|make a difference|get through|win)|why do i even bother|it was (?:pointless|futile|useless|a waste|for nothing|in vain|went nowhere|made it worse|got me nowhere|all for nothing)|tried .* times and (?:nothing|never) (?:worked|helped|changed|improved|mattered)|no matter what i (?:say|do|try).* (?:fails|backfires|gets ignored|goes nowhere)|never i asked .* help|never i asked .* at all .* help|never .* help at all|never i asked.*, it (?:doesn'?t|won't) (?:help)|no matter what i asked .* help|no matter what i asked.*, it (?:doesn'?t|won't) (?:help)|whatever i asked .* help|whatever i asked.*, it (?:doesn'?t|won't) (?:help)",helpless|powerless|thwarted|frustrated,support|clarity|learning|to-be-heard,"I asked and it didn't help, even after multiple attempts."
inefficacy-generalization-i-asked-change,"nothing i asked .* change|nothing i asked .* ever .* change|nothing .* change ever|nothing i asked.*, it (?:doesn'?t|won't) (?:change)|whatever i asked.*, it (?:doesn'?t|won't) (?:work|help|change|matter|improve|get better)|i can'?t (?:do anything right|make it work|make a difference|get through|win)|why do i even bother|it was (?:pointless|futile|useless|a waste|for nothing|in vain|went nowhere|made it worse|got me nowhere|all for nothing)|tried .* times and (?:nothing|never) (?:worked|helped|changed|improved|mattered)|no matter what i (?:say|do|try).* (?:fails|backfires|gets ignored|goes nowhere)|never i asked .* change|never i asked .* at all .* change|never .* change at all|never i asked.*, it (?:doesn'?t|won't) (?:change)|no matter what i asked .* change|no matter what i asked.*, it (?:doesn'?t|won't) (?:change)|whatever i asked .* change|whatever i asked.*, it (?:doesn'?t|won't) (?:change)",desperate|distressed|tired|hopeless,accomplishment|competence|contribution|growth,"I asked and it didn't change, even after multiple attempts."
inefficacy-generalization-i-asked-matter,"nothing i asked .* matter|nothing i asked .* ever .* matter|nothing .* matter ever|nothing i asked.*, it (?:doesn'?t|won't) (?:matter)|whatever i asked.*, it (?:doesn'?t|won't) (?:work|help|change|matter|improve|get better)|i can'?t (?:do anything right|make it work|make a difference|get through|win)|why do i even bother|it was (?:pointless|futile|useless|a waste|for nothing|in vain|went nowhere|made it worse|got me nowhere|all for nothing)|tried .* times and (?:nothing|never) (?:worked|helped|changed|improved|mattered)|no matter what i (?:say|do|try).* (?:fails|backfires|gets ignored|goes nowhere)|never i asked .* matter|never i asked .* at all .* matter|never .* matter at all|never i asked.*, it (?:doesn'?t|won't) (?:matter)|no matter what i asked .* matter|no matter what i asked.*, it (?:doesn'?t|won't) (?:matter)|whatever i asked .* matter|whatever i asked.*, it (?:doesn'?t|won't) (?:matter)",desperate|distressed|tired|hopeless,accomplishment|competence|contribution|growth,"I asked and it didn't matter, even after multiple attempts."
inefficacy-generalization-i-asked-improve,"nothing i asked .* improve|nothing i asked .* ever .* improve|nothing .* improve ever|nothing i asked.*, it (?:doesn'?t|won't) (?:improve)|whatever i asked.*, it (?:doesn'?t|won't) (?:work|help|change|matter|improve|get better)|i can'?t (?:do anything right|make it work|make a difference|get through|win)|why do i even bother|it was (?:pointless|futile|useless|a waste|for nothing|in vain|went nowhere|made it worse|got me nowhere|all for nothing)|tried .* times and (?:nothing|never) (?:worked|helped|changed|improved|mattered)|no matter what i (?:say|do|try).* (?:fails|backfires|gets ignored|goes nowhere)|never i asked .* improve|never i asked .* at all .* improve|never .* improve at all|never i asked.*, it (?:doesn'?t|won't) (?:improve)|no matter what i asked .* improve|no matter what i asked.*, it (?:doesn'?t|won't) (?:improve)|whatever i asked .* improve|whatever i asked.*, it (?:doesn'?t|won't) (?:improve)",desperate|distressed|tired|hopeless,accomplishment|competence|contribution|growth,"I asked and it didn't improve, even after multiple attempts."
inefficacy-generalization-i-asked-get better,"nothing i asked .* get better|nothing i asked .* ever .* get better|nothing .* get better ever|nothing i asked.*, it (?:doesn'?t|won't) (?:get|better)|whatever i asked.*, it (?:doesn'?t|won't) (?:work|help|change|matter|improve|get better)|i can'?t (?:do anything right|make it work|make a difference|get through|win)|why do i even bother|it was (?:pointless|futile|useless|a waste|for nothing|in vain|went nowhere|made it worse|got me nowhere|all for nothing)|tried .* times and (?:nothing|never) (?:worked|helped|changed|improved|mattered)|no matter what i (?:say|do|try).* (?:fails|backfires|gets ignored|goes nowhere)|never i asked .* get better|never i asked .* at all .* get better|never .* get better at all|never i asked.*, it (?:doesn'?t|won't) (?:get|better)|no matter what i asked .* get better|no matter what i asked.*, it (?:doesn'?t|won't) (?:get|better)|whatever i asked .* get better|whatever i asked.*, it (?:doesn'?t|won't) (?:get|better)",desperate|distressed|tired|hopeless,accomplishment|competence|contribution|growth,"I asked and it didn't get better, even after multiple attempts."
inefficacy-generalization-we-do-work,"nothing we do .* work|nothing we do .* ever .* work|nothing .* work ever|nothing we do.*, it (?:doesn'?t|won't) (?:work)|whatever we do.*, it (?:doesn'?t|won't) (?:work|help|change|matter|improve|get better)|we can'?t (?:do anything right|make it work|make a difference|get through|win)|why do we even bother|it was (?:pointless|futile|useless|a waste|for nothing|in vain|went nowhere|made it worse|got me nowhere|all for nothing)|tried .* times and (?:nothing|never) (?:worked|helped|changed|improved|mattered)|no matter what we (?:say|do|try).* (?:fails|backfires|gets ignored|goes nowhere)|never we do .* work|never we do .* at all .* work|never .* work at all|never we do.*, it (?:doesn'?t|won't) (?:work)|no matter what we do .* work|no matter what we do.*, it (?:doesn'?t|won't) (?:work)|whatever we do .* work|whatever we do.*, it (?:doesn'?t|won't) (?:work)",helpless|powerless|thwarted|frustrated,accomplishment|competence|contribution|growth,"We do and it didn't work, even after multiple attempts."
inefficacy-generalization-we-do-help,"nothing we do .* help|nothing we do .* ever .* help|nothing .* help ever|nothing we do.*, it (?:doesn'?t|won't) (?:help)|whatever we do.*, it (?:doesn'?t|won't) (?:work|help|change|matter|improve|get better)|we can'?t (?:do anything right|make it work|make a difference|get through|win)|why do we even bother|it was (?:pointless|futile|useless|a waste|for nothing|in vain|went nowhere|made it worse|got me nowhere|all for nothing)|tried .* times and (?:nothing|never) (?:worked|helped|changed|improved|mattered)|no matter what we (?:say|do|try).* (?:fails|backfires|gets ignored|goes nowhere)|never we do .* help|never we do .* at all .* help|never .* help at all|never we do.*, it (?:doesn'?t|won't) (?:help)|no matter what we do .* help|no matter what we do.*, it (?:doesn'?t|won't) (?:help)|whatever we do .* help|whatever we do.*, it (?:doesn'?t|won't) (?:help)",helpless|powerless|thwarted|frustrated,support|clarity|learning|to-be-heard,"We do and it didn't help, even after multiple attempts."
inefficacy-generalization-we-do-change,"nothing we do .* change|nothing we do .* ever .* change|nothing .* change ever|nothing we do.*, it (?:doesn'?t|won't) (?:change)|whatever we do.*, it (?:doesn'?t|won't) (?:work|help|change|matter|improve|get better)|we can'?t (?:do anything right|make it work|make a difference|get through|win)|why do we even bother|it was (?:pointless|futile|useless|a waste|for nothing|in vain|went nowhere|made it worse|got me nowhere|all for nothing)|tried .* times and (?:nothing|never) (?:worked|helped|changed|improved|mattered)|no matter what we (?:say|do|try).* (?:fails|backfires|gets ignored|goes nowhere)|never we do .* change|never we do .* at all .* change|never .* change at all|never we do.*, it (?:doesn'?t|won't) (?:change)|no matter what we do .* change|no matter what we do.*, it (?:doesn'?t|won't) (?:change)|whatever we do .* change|whatever we do.*, it (?:doesn'?t|won't) (?:change)",desperate|distressed|tired|hopeless,accomplishment|competence|contribution|growth,"We do and it didn't change, even after multiple attempts."
inefficacy-generalization-we-do-matter,"nothing we do .* matter|nothing we do .* ever .* matter|nothing .* matter ever|nothing we do.*, it (?:doesn'?t|won't) (?:matter)|whatever we do.*, it (?:doesn'?t|won't) (?:work|help|change|matter|improve|get better)|we can'?t (?:do anything right|make it work|make a difference|get through|win)|why do we even bother|it was (?:pointless|futile|useless|a waste|for nothing|in vain|went nowhere|made it worse|got me nowhere|all for nothing)|tried .* times and (?:nothing|never) (?:worked|helped|changed|improved|mattered)|no matter what we (?:say|do|try).* (?:fails|backfires|gets ignored|goes nowhere)|never we do .* matter|never we do .* at all .* matter|never .* matter at all|never we do.*, it (?:doesn'?t|won't) (?:matter)|no matter what we do .* matter|no matter what we do.*, it (?:doesn'?t|won't) (?:matter)|whatever we do .* matter|whatever we do.*, it (?:doesn'?t|won't) (?:matter)",desperate|distressed|tired|hopeless,accomplishment|competence|contribution|growth,"We do and it didn't matter, even after multiple attempts."
inefficacy-generalization-we-do-improve,"nothing we do .* improve|nothing we do .* ever .* improve|nothing .* improve ever|nothing we do.*, it (?:doesn'?t|won't) (?:improve)|whatever we do.*, it (?:doesn'?t|won't) (?:work|help|change|matter|improve|get better)|we can'?t (?:do anything right|make it work|make a difference|get through|win)|why do we even bother|it was (?:pointless|futile|useless|a waste|for nothing|in vain|went nowhere|made it worse|got me nowhere|all for nothing)|tried .* times and (?:nothing|never) (?:worked|helped|changed|improved|mattered)|no matter what we (?:say|do|try).* (?:fails|backfires|gets ignored|goes nowhere)|never we do .* improve|never we do .* at all .* improve|never .* improve at all|never we do.*, it (?:doesn'?t|won't) (?:improve)|no matter what we do .* improve|no matter what we do.*, it (?:doesn'?t|won't) (?:improve)|whatever we do .* improve|whatever we do.*, it (?:doesn'?t|won't) (?:improve)",desperate|distressed|tired|hopeless,accomplishment|competence|contribution|growth,"We do and it didn't improve, even after multiple attempts."
inefficacy-generalization-we-do-get better,"nothing we do .* get better|nothing we do .* ever .* get better|nothing .* get better ever|nothing we do.*, it (?:doesn'?t|won't) (?:get|better)|whatever we do.*, it (?:doesn'?t|won't) (?:work|help|change|matter|improve|get better)|we can'?t (?:do anything right|make it work|make a difference|get through|win)|why do we even bother|it was (?:pointless|futile|useless|a waste|for nothing|in vain|went nowhere|made it worse|got me nowhere|all for nothing)|tried .* times and (?:nothing|never) (?:worked|helped|changed|improved|mattered)|no matter what we (?:say|do|try).* (?:fails|backfires|gets ignored|goes nowhere)|never we do .* get better|never we do .* at all .* get better|never .* get better at all|never we do.*, it (?:doesn'?t|won't) (?:get|better)|no matter what we do .* get better|no matter what we do.*, it (?:doesn'?t|won't) (?:get|better)|whatever we do .* get better|whatever we do.*, it (?:doesn'?t|won't) (?:get|better)",desperate|distressed|tired|hopeless,accomplishment|competence|contribution|growth,"We do and it didn't get better, even after multiple attempts."
inefficacy-generalization-we-did-work,"nothing we did .* work|nothing we did .* ever .* work|nothing .* work ever|nothing we did.*, it (?:doesn'?t|won't) (?:work)|whatever we did.*, it (?:doesn'?t|won't) (?:work|help|change|matter|improve|get better)|we can'?t (?:do anything right|make it work|make a difference|get through|win)|why do we even bother|it was (?:pointless|futile|useless|a waste|for nothing|in vain|went nowhere|made it worse|got me nowhere|all for nothing)|tried .* times and (?:nothing|never) (?:worked|helped|changed|improved|mattered)|no matter what we (?:say|do|try).* (?:fails|backfires|gets ignored|goes nowhere)|never we did .* work|never we did .* at all .* work|never .* work at all|never we did.*, it (?:doesn'?t|won't) (?:work)|no matter what we did .* work|no matter what we did.*, it (?:doesn'?t|won't) (?:work)|whatever we did .* work|whatever we did.*, it (?:doesn'?t|won't) (?:work)",helpless|powerless|thwarted|frustrated,accomplishment|competence|contribution|growth,"We did and it didn't work, even after multiple attempts."
inefficacy-generalization-we-did-help,"nothing we did .* help|nothing we did .* ever .* help|nothing .* help ever|nothing we did.*, it (?:doesn'?t|won't) (?:help)|whatever we did.*, it (?:doesn'?t|won't) (?:work|help|change|matter|improve|get better)|we can'?t (?:do anything right|make it work|make a difference|get through|win)|why do we even bother|it was (?:pointless|futile|useless|a waste|for nothing|in vain|went nowhere|made it worse|got me nowhere|all for nothing)|tried .* times and (?:nothing|never) (?:worked|helped|changed|improved|mattered)|no matter what we (?:say|do|try).* (?:fails|backfires|gets ignored|goes nowhere)|never we did .* help|never we did .* at all .* help|never .* help at all|never we did.*, it (?:doesn'?t|won't) (?:help)|no matter what we did .* help|no matter what we did.*, it (?:doesn'?t|won't) (?:help)|whatever we did .* help|whatever we did.*, it (?:doesn'?t|won't) (?:help)",helpless|powerless|thwarted|frustrated,support|clarity|learning|to-be-heard,"We did and it didn't help, even after multiple attempts."
inefficacy-generalization-we-did-change,"nothing we did .* change|nothing we did .* ever .* change|nothing .* change ever|nothing we did.*, it (?:doesn'?t|won't) (?:change)|whatever we did.*, it (?:doesn'?t|won't) (?:work|help|change|matter|improve|get better)|we can'?t (?:do anything right|make it work|make a difference|get through|win)|why do we even bother|it was (?:pointless|futile|useless|a waste|for nothing|in vain|went nowhere|made it worse|got me nowhere|all for nothing)|tried .* times and (?:nothing|never) (?:worked|helped|changed|improved|mattered)|no matter what we (?:say|do|try).* (?:fails|backfires|gets ignored|goes nowhere)|never we did .* change|never we did .* at all .* change|never .* change at all|never we did.*, it (?:doesn'?t|won't) (?:change)|no matter what we did .* change|no matter what we did.*, it (?:doesn'?t|won't) (?:change)|whatever we did .* change|whatever we did.*, it (?:doesn'?t|won't) (?:change)",desperate|distressed|tired|hopeless,accomplishment|competence|contribution|growth,"We did and it didn't change, even after multiple attempts."
inefficacy-generalization-we-did-matter,"nothing we did .* matter|nothing we did .* ever .* matter|nothing .* matter ever|nothing we did.*, it (?:doesn'?t|won't) (?:matter)|whatever we did.*, it (?:doesn'?t|won't) (?:work|help|change|matter|improve|get better)|we can'?t (?:do anything right|make it work|make a difference|get through|win)|why do we even bother|it was (?:pointless|futile|useless|a waste|for nothing|in vain|went nowhere|made it worse|got me nowhere|all for nothing)|tried .* times and (?:nothing|never) (?:worked|helped|changed|improved|mattered)|no matter what we (?:say|do|try).* (?:fails|backfires|gets ignored|goes nowhere)|never we did .* matter|never we did .* at all .* matter|never .* matter at all|never we did.*, it (?:doesn'?t|won't) (?:matter)|no matter what we did .* matter|no matter what we did.*, it (?:doesn'?t|won't) (?:matter)|whatever we did .* matter|whatever we did.*, it (?:doesn'?t|won't) (?:matter)",desperate|distressed|tired|hopeless,accomplishment|competence|contribution|growth,"We did and it didn't matter, even after multiple attempts."
inefficacy-generalization-we-did-improve,"nothing we did .* improve|nothing we did .* ever .* improve|nothing .* improve ever|nothing we did.*, it (?:doesn'?t|won't) (?:improve)|whatever we did.*, it (?:doesn'?t|won't) (?:work|help|change|matter|improve|get better)|we can'?t (?:do anything right|make it work|make a difference|get through|win)|why do we even bother|it was (?:pointless|futile|useless|a waste|for nothing|in vain|went nowhere|made it worse|got me nowhere|all for nothing)|tried .* times and (?:nothing|never) (?:worked|helped|changed|improved|mattered)|no matter what we (?:say|do|try).* (?:fails|backfires|gets ignored|goes nowhere)|never we did .* improve|never we did .* at all .* improve|never .* improve at all|never we did.*, it (?:doesn'?t|won't) (?:improve)|no matter what we did .* improve|no matter what we did.*, it (?:doesn'?t|won't) (?:improve)|whatever we did .* improve|whatever we did.*, it (?:doesn'?t|won't) (?:improve)",desperate|distressed|tired|hopeless,accomplishment|competence|contribution|growth,"We did and it didn't improve, even after multiple attempts."
inefficacy-generalization-we-did-get better,"nothing we did .* get better|nothing we did .* ever .* get better|nothing .* get better ever|nothing we did.*, it (?:doesn'?t|won't) (?:get|better)|whatever we did.*, it (?:doesn'?t|won't) (?:work|help|change|matter|improve|get better)|we can'?t (?:do anything right|make it work|make a difference|get through|win)|why do we even bother|it was (?:pointless|futile|useless|a waste|for nothing|in vain|went nowhere|made it worse|got me nowhere|all for nothing)|tried .* times and (?:nothing|never) (?:worked|helped|changed|improved|mattered)|no matter what we (?:say|do|try).* (?:fails|backfires|gets ignored|goes nowhere)|never we did .* get better|never we did .* at all .* get better|never .* get better at all|never we did.*, it (?:doesn'?t|won't) (?:get|better)|no matter what we did .* get better|no matter what we did.*, it (?:doesn'?t|won't) (?:get|better)|whatever we did .* get better|whatever we did.*, it (?:doesn'?t|won't) (?:get|better)",desperate|distressed|tired|hopeless,accomplishment|competence|contribution|growth,"We did and it didn't get better, even after multiple attempts."
inefficacy-generalization-we-try-work,"nothing we try .* work|nothing we try .* ever .* work|nothing .* work ever|nothing we try.*, it (?:doesn'?t|won't) (?:work)|whatever we try.*, it (?:doesn'?t|won't) (?:work|help|change|matter|improve|get better)|we can'?t (?:do anything right|make it work|make a difference|get through|win)|why do we even bother|it was (?:pointless|futile|useless|a waste|for nothing|in vain|went nowhere|made it worse|got me nowhere|all for nothing)|tried .* times and (?:nothing|never) (?:worked|helped|changed|improved|mattered)|no matter what we (?:say|do|try).* (?:fails|backfires|gets ignored|goes nowhere)|never we try .* work|never we try .* at all .* work|never .* work at all|never we try.*, it (?:doesn'?t|won't) (?:work)|no matter what we try .* work|no matter what we try.*, it (?:doesn'?t|won't) (?:work)|whatever we try .* work|whatever we try.*, it (?:doesn'?t|won't) (?:work)",helpless|powerless|thwarted|frustrated,accomplishment|competence|contribution|growth,"We try and it didn't work, even after multiple attempts."
inefficacy-generalization-we-try-help,"nothing we try .* help|nothing we try .* ever .* help|nothing .* help ever|nothing we try.*, it (?:doesn'?t|won't) (?:help)|whatever we try.*, it (?:doesn'?t|won't) (?:work|help|change|matter|improve|get better)|we can'?t (?:do anything right|make it work|make a difference|get through|win)|why do we even bother|it was (?:pointless|futile|useless|a waste|for nothing|in vain|went nowhere|made it worse|got me nowhere|all for nothing)|tried .* times and (?:nothing|never) (?:worked|helped|changed|improved|mattered)|no matter what we (?:say|do|try).* (?:fails|backfires|gets ignored|goes nowhere)|never we try .* help|never we try .* at all .* help|never .* help at all|never we try.*, it (?:doesn'?t|won't) (?:help)|no matter what we try .* help|no matter what we try.*, it (?:doesn'?t|won't) (?:help)|whatever we try .* help|whatever we try.*, it (?:doesn'?t|won't) (?:help)",helpless|powerless|thwarted|frustrated,support|clarity|learning|to-be-heard,"We try and it didn't help, even after multiple attempts."
inefficacy-generalization-we-try-change,"nothing we try .* change|nothing we try .* ever .* change|nothing .* change ever|nothing we try.*, it (?:doesn'?t|won't) (?:change)|whatever we try.*, it (?:doesn'?t|won't) (?:work|help|change|matter|improve|get better)|we can'?t (?:do anything right|make it work|make a difference|get through|win)|why do we even bother|it was (?:pointless|futile|useless|a waste|for nothing|in vain|went nowhere|made it worse|got me nowhere|all for nothing)|tried .* times and (?:nothing|never) (?:worked|helped|changed|improved|mattered)|no matter what we (?:say|do|try).* (?:fails|backfires|gets ignored|goes nowhere)|never we try .* change|never we try .* at all .* change|never .* change at all|never we try.*, it (?:doesn'?t|won't) (?:change)|no matter what we try .* change|no matter what we try.*, it (?:doesn'?t|won't) (?:change)|whatever we try .* change|whatever we try.*, it (?:doesn'?t|won't) (?:change)",desperate|distressed|tired|hopeless,accomplishment|competence|contribution|growth,"We try and it didn't change, even after multiple attempts."
inefficacy-generalization-we-try-matter,"nothing we try .* matter|nothing we try .* ever .* matter|nothing .* matter ever|nothing we try.*, it (?:doesn'?t|won't) (?:matter)|whatever we try.*, it (?:doesn'?t|won't) (?:work|help|change|matter|improve|get better)|we can'?t (?:do anything right|make it work|make a difference|get through|win)|why do we even bother|it was (?:pointless|futile|useless|a waste|for nothing|in vain|went nowhere|made it worse|got me nowhere|all for nothing)|tried .* times and (?:nothing|never) (?:worked|helped|changed|improved|mattered)|no matter what we (?:say|do|try).* (?:fails|backfires|gets ignored|goes nowhere)|never we try .* matter|never we try .* at all .* matter|never .* matter at all|never we try.*, it (?:doesn'?t|won't) (?:matter)|no matter what we try .* matter|no matter what we try.*, it (?:doesn'?t|won't) (?:matter)|whatever we try .* matter|whatever we try.*, it (?:doesn'?t|won't) (?:matter)",desperate|distressed|tired|hopeless,accomplishment|competence|contribution|growth,"We try and it didn't matter, even after multiple attempts."
inefficacy-generalization-we-try-improve,"nothing we try .* improve|nothing we try .* ever .* improve|nothing .* improve ever|nothing we try.*, it (?:doesn'?t|won't) (?:improve)|whatever we try.*, it (?:doesn'?t|won't) (?:work|help|change|matter|improve|get better)|we can'?t (?:do anything right|make it work|make a difference|get through|win)|why do we even bother|it was (?:pointless|futile|useless|a waste|for nothing|in vain|went nowhere|made it worse|got me nowhere|all for nothing)|tried .* times and (?:nothing|never) (?:worked|helped|changed|improved|mattered)|no matter what we (?:say|do|try).* (?:fails|backfires|gets ignored|goes nowhere)|never we try .* improve|never we try .* at all .* improve|never .* improve at all|never we try.*, it (?:doesn'?t|won't) (?:improve)|no matter what we try .* improve|no matter what we try.*, it (?:doesn'?t|won't) (?:improve)|whatever we try .* improve|whatever we try.*, it (?:doesn'?t|won't) (?:improve)",desperate|distressed|tired|hopeless,accomplishment|competence|contribution|growth,"We try and it didn't improve, even after multiple attempts."
inefficacy-generalization-we-try-get better,"nothing we try .* get better|nothing we try .* ever .* get better|nothing .* get better ever|nothing we try.*, it (?:doesn'?t|won't) (?:get|better)|whatever we try.*, it (?:doesn'?t|won't) (?:work|help|change|matter|improve|get better)|we can'?t (?:do anything right|make it work|make a difference|get through|win)|why do we even bother|it was (?:pointless|futile|useless|a waste|for nothing|in vain|went nowhere|made it worse|got me nowhere|all for nothing)|tried .* times and (?:nothing|never) (?:worked|helped|changed|improved|mattered)|no matter what we (?:say|do|try).* (?:fails|backfires|gets ignored|goes nowhere)|never we try .* get better|never we try .* at all .* get better|never .* get better at all|never we try.*, it (?:doesn'?t|won't) (?:get|better)|no matter what we try .* get better|no matter what we try.*, it (?:doesn'?t|won't) (?:get|better)|whatever we try .* get better|whatever we try.*, it (?:doesn'?t|won't) (?:get|better)",desperate|distressed|tired|hopeless,accomplishment|competence|contribution|growth,"We try and it didn't get better, even after multiple attempts."
inefficacy-generalization-we-tried-work,"nothing we tried .* work|nothing we tried .* ever .* work|nothing .* work ever|nothing we tried.*, it (?:doesn'?t|won't) (?:work)|whatever we tried.*, it (?:doesn'?t|won't) (?:work|help|change|matter|improve|get better)|we can'?t (?:do anything right|make it work|make a difference|get through|win)|why do we even bother|it was (?:pointless|futile|useless|a waste|for nothing|in vain|went nowhere|made it worse|got me nowhere|all for nothing)|tried .* times and (?:nothing|never) (?:worked|helped|changed|improved|mattered)|no matter what we (?:say|do|try).* (?:fails|backfires|gets ignored|goes nowhere)|never we tried .* work|never we tried .* at all .* work|never .* work at all|never we tried.*, it (?:doesn'?t|won't) (?:work)|no matter what we tried .* work|no matter what we tried.*, it (?:doesn'?t|won't) (?:work)|whatever we tried .* work|whatever we tried.*, it (?:doesn'?t|won't) (?:work)",helpless|powerless|thwarted|frustrated,accomplishment|competence|contribution|growth,"We tried and it didn't work, even after multiple attempts."
inefficacy-generalization-we-tried-help,"nothing we tried .* help|nothing we tried .* ever .* help|nothing .* help ever|nothing we tried.*, it (?:doesn'?t|won't) (?:help)|whatever we tried.*, it (?:doesn'?t|won't) (?:work|help|change|matter|improve|get better)|we can'?t (?:do anything right|make it work|make a difference|get through|win)|why do we even bother|it was (?:pointless|futile|useless|a waste|for nothing|in vain|went nowhere|made it worse|got me nowhere|all for nothing)|tried .* times and (?:nothing|never) (?:worked|helped|changed|improved|mattered)|no matter what we (?:say|do|try).* (?:fails|backfires|gets ignored|goes nowhere)|never we tried .* help|never we tried .* at all .* help|never .* help at all|never we tried.*, it (?:doesn'?t|won't) (?:help)|no matter what we tried .* help|no matter what we tried.*, it (?:doesn'?t|won't) (?:help)|whatever we tried .* help|whatever we tried.*, it (?:doesn'?t|won't) (?:help)",helpless|powerless|thwarted|frustrated,support|clarity|learning|to-be-heard,"We tried and it didn't help, even after multiple attempts."
inefficacy-generalization-we-tried-change,"nothing we tried .* change|nothing we tried .* ever .* change|nothing .* change ever|nothing we tried.*, it (?:doesn'?t|won't) (?:change)|whatever we tried.*, it (?:doesn'?t|won't) (?:work|help|change|matter|improve|get better)|we can'?t (?:do anything right|make it work|make a difference|get through|win)|why do we even bother|it was (?:pointless|futile|useless|a waste|for nothing|in vain|went nowhere|made it worse|got me nowhere|all for nothing)|tried .* times and (?:nothing|never) (?:worked|helped|changed|improved|mattered)|no matter what we (?:say|do|try).* (?:fails|backfires|gets ignored|goes nowhere)|never we tried .* change|never we tried .* at all .* change|never .* change at all|never we tried.*, it (?:doesn'?t|won't) (?:change)|no matter what we tried .* change|no matter what we tried.*, it (?:doesn'?t|won't) (?:change)|whatever we tried .* change|whatever we tried.*, it (?:doesn'?t|won't) (?:change)",desperate|distressed|tired|hopeless,accomplishment|competence|contribution|growth,"We tried and it didn't change, even after multiple attempts."
inefficacy-generalization-we-tried-matter,"nothing we tried .* matter|nothing we tried .* ever .* matter|nothing .* matter ever|nothing we tried.*, it (?:doesn'?t|won't) (?:matter)|whatever we tried.*, it (?:doesn'?t|won't) (?:work|help|change|matter|improve|get better)|we can'?t (?:do anything right|make it work|make a difference|get through|win)|why do we even bother|it was (?:pointless|futile|useless|a waste|for nothing|in vain|went nowhere|made it worse|got me nowhere|all for nothing)|tried .* times and (?:nothing|never) (?:worked|helped|changed|improved|mattered)|no matter what we (?:say|do|try).* (?:fails|backfires|gets ignored|goes nowhere)|never we tried .* matter|never we tried .* at all .* matter|never .* matter at all|never we tried.*, it (?:doesn'?t|won't) (?:matter)|no matter what we tried .* matter|no matter what we tried.*, it (?:doesn'?t|won't) (?:matter)|whatever we tried .* matter|whatever we tried.*, it (?:doesn'?t|won't) (?:matter)",desperate|distressed|tired|hopeless,accomplishment|competence|contribution|growth,"We tried and it didn't matter, even after multiple attempts."
inefficacy-generalization-we-tried-improve,"nothing we tried .* improve|nothing we tried .* ever .* improve|nothing .* improve ever|nothing we tried.*, it (?:doesn'?t|won't) (?:improve)|whatever we tried.*, it (?:doesn'?t|won't) (?:work|help|change|matter|improve|get better)|we can'?t (?:do anything right|make it work|make a difference|get through|win)|why do we even bother|it was (?:pointless|futile|useless|a waste|for nothing|in vain|went nowhere|made it worse|got me nowhere|all for nothing)|tried .* times and (?:nothing|never) (?:worked|helped|changed|improved|mattered)|no matter what we (?:say|do|try).* (?:fails|backfires|gets ignored|goes nowhere)|never we tried .* improve|never we tried .* at all .* improve|never .* improve at all|never we tried.*, it (?:doesn'?t|won't) (?:improve)|no matter what we tried .* improve|no matter what we tried.*, it (?:doesn'?t|won't) (?:improve)|whatever we tried .* improve|whatever we tried.*, it (?:doesn'?t|won't) (?:improve)",desperate|distressed|tired|hopeless,accomplishment|competence|contribution|growth,"We tried and it didn't improve, even after multiple attempts."
inefficacy-generalization-we-tried-get better,"nothing we tried .* get better|nothing we tried .* ever .* get better|nothing .* get better ever|nothing we tried.*, it (?:doesn'?t|won't) (?:get|better)|whatever we tried.*, it (?:doesn'?t|won't) (?:work|help|change|matter|improve|get better)|we can'?t (?:do anything right|make it work|make a difference|get through|win)|why do we even bother|it was (?:pointless|futile|useless|a waste|for nothing|in vain|went nowhere|made it worse|got me nowhere|all for nothing)|tried .* times and (?:nothing|never) (?:worked|helped|changed|improved|mattered)|no matter what we (?:say|do|try).* (?:fails|backfires|gets ignored|goes nowhere)|never we tried .* get better|never we tried .* at all .* get better|never .* get better at all|never we tried.*, it (?:doesn'?t|won't) (?:get|better)|no matter what we tried .* get better|no matter what we tried.*, it (?:doesn'?t|won't) (?:get|better)|whatever we tried .* get better|whatever we tried.*, it (?:doesn'?t|won't) (?:get|better)",desperate|distressed|tired|hopeless,accomplishment|competence|contribution|growth,"We tried and it didn't get better, even after multiple attempts."
inefficacy-generalization-we-say-work,"nothing we say .* work|nothing we say .* ever .* work|nothing .* work ever|nothing we say.*, it (?:doesn'?t|won't) (?:work)|whatever we say.*, it (?:doesn'?t|won't) (?:work|help|change|matter|improve|get better)|we can'?t (?:do anything right|make it work|make a difference|get through|win)|why do we even bother|it was (?:pointless|futile|useless|a waste|for nothing|in vain|went nowhere|made it worse|got me nowhere|all for nothing)|tried .* times and (?:nothing|never) (?:worked|helped|changed|improved|mattered)|no matter what we (?:say|do|try).* (?:fails|backfires|gets ignored|goes nowhere)|never we say .* work|never we say .* at all .* work|never .* work at all|never we say.*, it (?:doesn'?t|won't) (?:work)|no matter what we say .* work|no matter what we say.*, it (?:doesn'?t|won't) (?:work)|whatever we say .* work|whatever we say.*, it (?:doesn'?t|won't) (?:work)",helpless|powerless|thwarted|frustrated,accomplishment|competence|contribution|growth,"We say and it didn't work, even after multiple attempts."
inefficacy-generalization-we-say-help,"nothing we say .* help|nothing we say .* ever .* help|nothing .* help ever|nothing we say.*, it (?:doesn'?t|won't) (?:help)|whatever we say.*, it (?:doesn'?t|won't) (?:work|help|change|matter|improve|get better)|we can'?t (?:do anything right|make it work|make a difference|get through|win)|why do we even bother|it was (?:pointless|futile|useless|a waste|for nothing|in vain|went nowhere|made it worse|got me nowhere|all for nothing)|tried .* times and (?:nothing|never) (?:worked|helped|changed|improved|mattered)|no matter what we (?:say|do|try).* (?:fails|backfires|gets ignored|goes nowhere)|never we say .* help|never we say .* at all .* help|never .* help at all|never we say.*, it (?:doesn'?t|won't) (?:help)|no matter what we say .* help|no matter what we say.*, it (?:doesn'?t|won't) (?:help)|whatever we say .* help|whatever we say.*, it (?:doesn'?t|won't) (?:help)",helpless|powerless|thwarted|frustrated,support|clarity|learning|to-be-heard,"We say and it didn't help, even after multiple attempts."
inefficacy-generalization-we-say-change,"nothing we say .* change|nothing we say .* ever .* change|nothing .* change ever|nothing we say.*, it (?:doesn'?t|won't) (?:change)|whatever we say.*, it (?:doesn'?t|won't) (?:work|help|change|matter|improve|get better)|we can'?t (?:do anything right|make it work|make a difference|get through|win)|why do we even bother|it was (?:pointless|futile|useless|a waste|for nothing|in vain|went nowhere|made it worse|got me nowhere|all for nothing)|tried .* times and (?:nothing|never) (?:worked|helped|changed|improved|mattered)|no matter what we (?:say|do|try).* (?:fails|backfires|gets ignored|goes nowhere)|never we say .* change|never we say .* at all .* change|never .* change at all|never we say.*, it (?:doesn'?t|won't) (?:change)|no matter what we say .* change|no matter what we say.*, it (?:doesn'?t|won't) (?:change)|whatever we say .* change|whatever we say.*, it (?:doesn'?t|won't) (?:change)",desperate|distressed|tired|hopeless,accomplishment|competence|contribution|growth,"We say and it didn't change, even after multiple attempts."
inefficacy-generalization-we-say-matter,"nothing we say .* matter|nothing we say .* ever .* matter|nothing .* matter ever|nothing we say.*, it (?:doesn'?t|won't) (?:matter)|whatever we say.*, it (?:doesn'?t|won't) (?:work|help|change|matter|improve|get better)|we can'?t (?:do anything right|make it work|make a difference|get through|win)|why do we even bother|it was (?:pointless|futile|useless|a waste|for nothing|in vain|went nowhere|made it worse|got me nowhere|all for nothing)|tried .* times and (?:nothing|never) (?:worked|helped|changed|improved|mattered)|no matter what we (?:say|do|try).* (?:fails|backfires|gets ignored|goes nowhere)|never we say .* matter|never we say .* at all .* matter|never .* matter at all|never we say.*, it (?:doesn'?t|won't) (?:matter)|no matter what we say .* matter|no matter what we say.*, it (?:doesn'?t|won't) (?:matter)|whatever we say .* matter|whatever we say.*, it (?:doesn'?t|won't) (?:matter)",desperate|distressed|tired|hopeless,accomplishment|competence|contribution|growth,"We say and it didn't matter, even after multiple attempts."
inefficacy-generalization-we-say-improve,"nothing we say .* improve|nothing we say .* ever .* improve|nothing .* improve ever|nothing we say.*, it (?:doesn'?t|won't) (?:improve)|whatever we say.*, it (?:doesn'?t|won't) (?:work|help|change|matter|improve|get better)|we can'?t (?:do anything right|make it work|make a difference|get through|win)|why do we even bother|it was (?:pointless|futile|useless|a waste|for nothing|in vain|went nowhere|made it worse|got me nowhere|all for nothing)|tried .* times and (?:nothing|never) (?:worked|helped|changed|improved|mattered)|no matter what we (?:say|do|try).* (?:fails|backfires|gets ignored|goes nowhere)|never we say .* improve|never we say .* at all .* improve|never .* improve at all|never we say.*, it (?:doesn'?t|won't) (?:improve)|no matter what we say .* improve|no matter what we say.*, it (?:doesn'?t|won't) (?:improve)|whatever we say .* improve|whatever we say.*, it (?:doesn'?t|won't) (?:improve)",desperate|distressed|tired|hopeless,accomplishment|competence|contribution|growth,"We say and it didn't improve, even after multiple attempts."
inefficacy-generalization-we-say-get better,"nothing we say .* get better|nothing we say .* ever .* get better|nothing .* get better ever|nothing we say.*, it (?:doesn'?t|won't) (?:get|better)|whatever we say.*, it (?:doesn'?t|won't) (?:work|help|change|matter|improve|get better)|we can'?t (?:do anything right|make it work|make a difference|get through|win)|why do we even bother|it was (?:pointless|futile|useless|a waste|for nothing|in vain|went nowhere|made it worse|got me nowhere|all for nothing)|tried .* times and (?:nothing|never) (?:worked|helped|changed|improved|mattered)|no matter what we (?:say|do|try).* (?:fails|backfires|gets ignored|goes nowhere)|never we say .* get better|never we say .* at all .* get better|never .* get better at all|never we say.*, it (?:doesn'?t|won't) (?:get|better)|no matter what we say .* get better|no matter what we say.*, it (?:doesn'?t|won't) (?:get|better)|whatever we say .* get better|whatever we say.*, it (?:doesn'?t|won't) (?:get|better)",desperate|distressed|tired|hopeless,accomplishment|competence|contribution|growth,"We say and it didn't get better, even after multiple attempts."
inefficacy-generalization-we-said-work,"nothing we said .* work|nothing we said .* ever .* work|nothing .* work ever|nothing we said.*, it (?:doesn'?t|won't) (?:work)|whatever we said.*, it (?:doesn'?t|won't) (?:work|help|change|matter|improve|get better)|we can'?t (?:do anything right|make it work|make a difference|get through|win)|why do we even bother|it was (?:pointless|futile|useless|a waste|for nothing|in vain|went nowhere|made it worse|got me nowhere|all for nothing)|tried .* times and (?:nothing|never) (?:worked|helped|changed|improved|mattered)|no matter what we (?:say|do|try).* (?:fails|backfires|gets ignored|goes nowhere)|never we said .* work|never we said .* at all .* work|never .* work at all|never we said.*, it (?:doesn'?t|won't) (?:work)|no matter what we said .* work|no matter what we said.*, it (?:doesn'?t|won't) (?:work)|whatever we said .* work|whatever we said.*, it (?:doesn'?t|won't) (?:work)",helpless|powerless|thwarted|frustrated,accomplishment|competence|contribution|growth,"We said and it didn't work, even after multiple attempts."
inefficacy-generalization-we-said-help,"nothing we said .* help|nothing we said .* ever .* help|nothing .* help ever|nothing we said.*, it (?:doesn'?t|won't) (?:help)|whatever we said.*, it (?:doesn'?t|won't) (?:work|help|change|matter|improve|get better)|we can'?t (?:do anything right|make it work|make a difference|get through|win)|why do we even bother|it was (?:pointless|futile|useless|a waste|for nothing|in vain|went nowhere|made it worse|got me nowhere|all for nothing)|tried .* times and (?:nothing|never) (?:worked|helped|changed|improved|mattered)|no matter what we (?:say|do|try).* (?:fails|backfires|gets ignored|goes nowhere)|never we said .* help|never we said .* at all .* help|never .* help at all|never we said.*, it (?:doesn'?t|won't) (?:help)|no matter what we said .* help|no matter what we said.*, it (?:doesn'?t|won't) (?:help)|whatever we said .* help|whatever we said.*, it (?:doesn'?t|won't) (?:help)",helpless|powerless|thwarted|frustrated,support|clarity|learning|to-be-heard,"We said and it didn't help, even after multiple attempts."
inefficacy-generalization-we-said-change,"nothing we said .* change|nothing we said .* ever .* change|nothing .* change ever|nothing we said.*, it (?:doesn'?t|won't) (?:change)|whatever we said.*, it (?:doesn'?t|won't) (?:work|help|change|matter|improve|get better)|we can'?t (?:do anything right|make it work|make a difference|get through|win)|why do we even bother|it was (?:pointless|futile|useless|a waste|for nothing|in vain|went nowhere|made it worse|got me nowhere|all for nothing)|tried .* times and (?:nothing|never) (?:worked|helped|changed|improved|mattered)|no matter what we (?:say|do|try).* (?:fails|backfires|gets ignored|goes nowhere)|never we said .* change|never we said .* at all .* change|never .* change at all|never we said.*, it (?:doesn'?t|won't) (?:change)|no matter what we said .* change|no matter what we said.*, it (?:doesn'?t|won't) (?:change)|whatever we said .* change|whatever we said.*, it (?:doesn'?t|won't) (?:change)",desperate|distressed|tired|hopeless,accomplishment|competence|contribution|growth,"We said and it didn't change, even after multiple attempts."
inefficacy-generalization-we-said-matter,"nothing we said .* matter|nothing we said .* ever .* matter|nothing .* matter ever|nothing we said.*, it (?:doesn'?t|won't) (?:matter)|whatever we said.*, it (?:doesn'?t|won't) (?:work|help|change|matter|improve|get better)|we can'?t (?:do anything right|make it work|make a difference|get through|win)|why do we even bother|it was (?:pointless|futile|useless|a waste|for nothing|in vain|went nowhere|made it worse|got me nowhere|all for nothing)|tried .* times and (?:nothing|never) (?:worked|helped|changed|improved|mattered)|no matter what we (?:say|do|try).* (?:fails|backfires|gets ignored|goes nowhere)|never we said .* matter|never we said .* at all .* matter|never .* matter at all|never we said.*, it (?:doesn'?t|won't) (?:matter)|no matter what we said .* matter|no matter what we said.*, it (?:doesn'?t|won't) (?:matter)|whatever we said .* matter|whatever we said.*, it (?:doesn'?t|won't) (?:matter)",desperate|distressed|tired|hopeless,accomplishment|competence|contribution|growth,"We said and it didn't matter, even after multiple attempts."
inefficacy-generalization-we-said-improve,"nothing we said .* improve|nothing we said .* ever .* improve|nothing .* improve ever|nothing we said.*, it (?:doesn'?t|won't) (?:improve)|whatever we said.*, it (?:doesn'?t|won't) (?:work|help|change|matter|improve|get better)|we can'?t (?:do anything right|make it work|make a difference|get through|win)|why do we even bother|it was (?:pointless|futile|useless|a waste|for nothing|in vain|went nowhere|made it worse|got me nowhere|all for nothing)|tried .* times and (?:nothing|never) (?:worked|helped|changed|improved|mattered)|no matter what we (?:say|do|try).* (?:fails|backfires|gets ignored|goes nowhere)|never we said .* improve|never we said .* at all .* improve|never .* improve at all|never we said.*, it (?:doesn'?t|won't) (?:improve)|no matter what we said .* improve|no matter what we said.*, it (?:doesn'?t|won't) (?:improve)|whatever we said .* improve|whatever we said.*, it (?:doesn'?t|won't) (?:improve)",desperate|distressed|tired|hopeless,accomplishment|competence|contribution|growth,"We said and it didn't improve, even after multiple attempts."
inefficacy-generalization-we-said-get better,"nothing we said .* get better|nothing we said .* ever .* get better|nothing .* get better ever|nothing we said.*, it (?:doesn'?t|won't) (?:get|better)|whatever we said.*, it (?:doesn'?t|won't) (?:work|help|change|matter|improve|get better)|we can'?t (?:do anything right|make it work|make a difference|get through|win)|why do we even bother|it was (?:pointless|futile|useless|a waste|for nothing|in vain|went nowhere|made it worse|got me nowhere|all for nothing)|tried .* times and (?:nothing|never) (?:worked|helped|changed|improved|mattered)|no matter what we (?:say|do|try).* (?:fails|backfires|gets ignored|goes nowhere)|never we said .* get better|never we said .* at all .* get better|never .* get better at all|never we said.*, it (?:doesn'?t|won't) (?:get|better)|no matter what we said .* get better|no matter what we said.*, it (?:doesn'?t|won't) (?:get|better)|whatever we said .* get better|whatever we said.*, it (?:doesn'?t|won't) (?:get|better)",desperate|distressed|tired|hopeless,accomplishment|competence|contribution|growth,"We said and it didn't get better, even after multiple attempts."
inefficacy-generalization-we-change-work,"nothing we change .* work|nothing we change .* ever .* work|nothing .* work ever|nothing we change.*, it (?:doesn'?t|won't) (?:work)|whatever we change.*, it (?:doesn'?t|won't) (?:work|help|change|matter|improve|get better)|we can'?t (?:do anything right|make it work|make a difference|get through|win)|why do we even bother|it was (?:pointless|futile|useless|a waste|for nothing|in vain|went nowhere|made it worse|got me nowhere|all for nothing)|tried .* times and (?:nothing|never) (?:worked|helped|changed|improved|mattered)|no matter what we (?:say|do|try).* (?:fails|backfires|gets ignored|goes nowhere)|never we change .* work|never we change .* at all .* work|never .* work at all|never we change.*, it (?:doesn'?t|won't) (?:work)|no matter what we change .* work|no matter what we change.*, it (?:doesn'?t|won't) (?:work)|whatever we change .* work|whatever we change.*, it (?:doesn'?t|won't) (?:work)",helpless|powerless|thwarted|frustrated,accomplishment|competence|contribution|growth,"We change and it didn't work, even after multiple attempts."
inefficacy-generalization-we-change-help,"nothing we change .* help|nothing we change .* ever .* help|nothing .* help ever|nothing we change.*, it (?:doesn'?t|won't) (?:help)|whatever we change.*, it (?:doesn'?t|won't) (?:work|help|change|matter|improve|get better)|we can'?t (?:do anything right|make it work|make a difference|get through|win)|why do we even bother|it was (?:pointless|futile|useless|a waste|for nothing|in vain|went nowhere|made it worse|got me nowhere|all for nothing)|tried .* times and (?:nothing|never) (?:worked|helped|changed|improved|mattered)|no matter what we (?:say|do|try).* (?:fails|backfires|gets ignored|goes nowhere)|never we change .* help|never we change .* at all .* help|never .* help at all|never we change.*, it (?:doesn'?t|won't) (?:help)|no matter what we change .* help|no matter what we change.*, it (?:doesn'?t|won't) (?:help)|whatever we change .* help|whatever we change.*, it (?:doesn'?t|won't) (?:help)",helpless|powerless|thwarted|frustrated,support|clarity|learning|to-be-heard,"We change and it didn't help, even after multiple attempts."
inefficacy-generalization-we-change-change,"nothing we change .* change|nothing we change .* ever .* change|nothing .* change ever|nothing we change.*, it (?:doesn'?t|won't) (?:change)|whatever we change.*, it (?:doesn'?t|won't) (?:work|help|change|matter|improve|get better)|we can'?t (?:do anything right|make it work|make a difference|get through|win)|why do we even bother|it was (?:pointless|futile|useless|a waste|for nothing|in vain|went nowhere|made it worse|got me nowhere|all for nothing)|tried .* times and (?:nothing|never) (?:worked|helped|changed|improved|mattered)|no matter what we (?:say|do|try).* (?:fails|backfires|gets ignored|goes nowhere)|never we change .* change|never we change .* at all .* change|never .* change at all|never we change.*, it (?:doesn'?t|won't) (?:change)|no matter what we change .* change|no matter what we change.*, it (?:doesn'?t|won't) (?:change)|whatever we change .* change|whatever we change.*, it (?:doesn'?t|won't) (?:change)",desperate|distressed|tired|hopeless,accomplishment|competence|contribution|growth,"We change and it didn't change, even after multiple attempts."
inefficacy-generalization-we-change-matter,"nothing we change .* matter|nothing we change .* ever .* matter|nothing .* matter ever|nothing we change.*, it (?:doesn'?t|won't) (?:matter)|whatever we change.*, it (?:doesn'?t|won't) (?:work|help|change|matter|improve|get better)|we can'?t (?:do anything right|make it work|make a difference|get through|win)|why do we even bother|it was (?:pointless|futile|useless|a waste|for nothing|in vain|went nowhere|made it worse|got me nowhere|all for nothing)|tried .* times and (?:nothing|never) (?:worked|helped|changed|improved|mattered)|no matter what we (?:say|do|try).* (?:fails|backfires|gets ignored|goes nowhere)|never we change .* matter|never we change .* at all .* matter|never .* matter at all|never we change.*, it (?:doesn'?t|won't) (?:matter)|no matter what we change .* matter|no matter what we change.*, it (?:doesn'?t|won't) (?:matter)|whatever we change .* matter|whatever we change.*, it (?:doesn'?t|won't) (?:matter)",desperate|distressed|tired|hopeless,accomplishment|competence|contribution|growth,"We change and it didn't matter, even after multiple attempts."
inefficacy-generalization-we-change-improve,"nothing we change .* improve|nothing we change .* ever .* improve|nothing .* improve ever|nothing we change.*, it (?:doesn'?t|won't) (?:improve)|whatever we change.*, it (?:doesn'?t|won't) (?:work|help|change|matter|improve|get better)|we can'?t (?:do anything right|make it work|make a difference|get through|win)|why do we even bother|it was (?:pointless|futile|useless|a waste|for nothing|in vain|went nowhere|made it worse|got me nowhere|all for nothing)|tried .* times and (?:nothing|never) (?:worked|helped|changed|improved|mattered)|no matter what we (?:say|do|try).* (?:fails|backfires|gets ignored|goes nowhere)|never we change .* improve|never we change .* at all .* improve|never .* improve at all|never we change.*, it (?:doesn'?t|won't) (?:improve)|no matter what we change .* improve|no matter what we change.*, it (?:doesn'?t|won't) (?:improve)|whatever we change .* improve|whatever we change.*, it (?:doesn'?t|won't) (?:improve)",desperate|distressed|tired|hopeless,accomplishment|competence|contribution|growth,"We change and it didn't improve, even after multiple attempts."
inefficacy-generalization-we-change-get better,"nothing we change .* get better|nothing we change .* ever .* get better|nothing .* get better ever|nothing we change.*, it (?:doesn'?t|won't) (?:get|better)|whatever we change.*, it (?:doesn'?t|won't) (?:work|help|change|matter|improve|get better)|we can'?t (?:do anything right|make it work|make a difference|get through|win)|why do we even bother|it was (?:pointless|futile|useless|a waste|for nothing|in vain|went nowhere|made it worse|got me nowhere|all for nothing)|tried .* times and (?:nothing|never) (?:worked|helped|changed|improved|mattered)|no matter what we (?:say|do|try).* (?:fails|backfires|gets ignored|goes nowhere)|never we change .* get better|never we change .* at all .* get better|never .* get better at all|never we change.*, it (?:doesn'?t|won't) (?:get|better)|no matter what we change .* get better|no matter what we change.*, it (?:doesn'?t|won't) (?:get|better)|whatever we change .* get better|whatever we change.*, it (?:doesn'?t|won't) (?:get|better)",desperate|distressed|tired|hopeless,accomplishment|competence|contribution|growth,"We change and it didn't get better, even after multiple attempts."
inefficacy-generalization-we-changed-work,"nothing we changed .* work|nothing we changed .* ever .* work|nothing .* work ever|nothing we changed.*, it (?:doesn'?t|won't) (?:work)|whatever we changed.*, it (?:doesn'?t|won't) (?:work|help|change|matter|improve|get better)|we can'?t (?:do anything right|make it work|make a difference|get through|win)|why do we even bother|it was (?:pointless|futile|useless|a waste|for nothing|in vain|went nowhere|made it worse|got me nowhere|all for nothing)|tried .* times and (?:nothing|never) (?:worked|helped|changed|improved|mattered)|no matter what we (?:say|do|try).* (?:fails|backfires|gets ignored|goes nowhere)|never we changed .* work|never we changed .* at all .* work|never .* work at all|never we changed.*, it (?:doesn'?t|won't) (?:work)|no matter what we changed .* work|no matter what we changed.*, it (?:doesn'?t|won't) (?:work)|whatever we changed .* work|whatever we changed.*, it (?:doesn'?t|won't) (?:work)",helpless|powerless|thwarted|frustrated,accomplishment|competence|contribution|growth,"We changed and it didn't work, even after multiple attempts."
inefficacy-generalization-we-changed-help,"nothing we changed .* help|nothing we changed .* ever .* help|nothing .* help ever|nothing we changed.*, it (?:doesn'?t|won't) (?:help)|whatever we changed.*, it (?:doesn'?t|won't) (?:work|help|change|matter|improve|get better)|we can'?t (?:do anything right|make it work|make a difference|get through|win)|why do we even bother|it was (?:pointless|futile|useless|a waste|for nothing|in vain|went nowhere|made it worse|got me nowhere|all for nothing)|tried .* times and (?:nothing|never) (?:worked|helped|changed|improved|mattered)|no matter what we (?:say|do|try).* (?:fails|backfires|gets ignored|goes nowhere)|never we changed .* help|never we changed .* at all .* help|never .* help at all|never we changed.*, it (?:doesn'?t|won't) (?:help)|no matter what we changed .* help|no matter what we changed.*, it (?:doesn'?t|won't) (?:help)|whatever we changed .* help|whatever we changed.*, it (?:doesn'?t|won't) (?:help)",helpless|powerless|thwarted|frustrated,support|clarity|learning|to-be-heard,"We changed and it didn't help, even after multiple attempts."
inefficacy-generalization-we-changed-change,"nothing we changed .* change|nothing we changed .* ever .* change|nothing .* change ever|nothing we changed.*, it (?:doesn'?t|won't) (?:change)|whatever we changed.*, it (?:doesn'?t|won't) (?:work|help|change|matter|improve|get better)|we can'?t (?:do anything right|make it work|make a difference|get through|win)|why do we even bother|it was (?:pointless|futile|useless|a waste|for nothing|in vain|went nowhere|made it worse|got me nowhere|all for nothing)|tried .* times and (?:nothing|never) (?:worked|helped|changed|improved|mattered)|no matter what we (?:say|do|try).* (?:fails|backfires|gets ignored|goes nowhere)|never we changed .* change|never we changed .* at all .* change|never .* change at all|never we changed.*, it (?:doesn'?t|won't) (?:change)|no matter what we changed .* change|no matter what we changed.*, it (?:doesn'?t|won't) (?:change)|whatever we changed .* change|whatever we changed.*, it (?:doesn'?t|won't) (?:change)",desperate|distressed|tired|hopeless,accomplishment|competence|contribution|growth,"We changed and it didn't change, even after multiple attempts."
inefficacy-generalization-we-changed-matter,"nothing we changed .* matter|nothing we changed .* ever .* matter|nothing .* matter ever|nothing we changed.*, it (?:doesn'?t|won't) (?:matter)|whatever we changed.*, it (?:doesn'?t|won't) (?:work|help|change|matter|improve|get better)|we can'?t (?:do anything right|make it work|make a difference|get through|win)|why do we even bother|it was (?:pointless|futile|useless|a waste|for nothing|in vain|went nowhere|made it worse|got me nowhere|all for nothing)|tried .* times and (?:nothing|never) (?:worked|helped|changed|improved|mattered)|no matter what we (?:say|do|try).* (?:fails|backfires|gets ignored|goes nowhere)|never we changed .* matter|never we changed .* at all .* matter|never .* matter at all|never we changed.*, it (?:doesn'?t|won't) (?:matter)|no matter what we changed .* matter|no matter what we changed.*, it (?:doesn'?t|won't) (?:matter)|whatever we changed .* matter|whatever we changed.*, it (?:doesn'?t|won't) (?:matter)",desperate|distressed|tired|hopeless,accomplishment|competence|contribution|growth,"We changed and it didn't matter, even after multiple attempts."
inefficacy-generalization-we-changed-improve,"nothing we changed .* improve|nothing we changed .* ever .* improve|nothing .* improve ever|nothing we changed.*, it (?:doesn'?t|won't) (?:improve)|whatever we changed.*, it (?:doesn'?t|won't) (?:work|help|change|matter|improve|get better)|we can'?t (?:do anything right|make it work|make a difference|get through|win)|why do we even bother|it was (?:pointless|futile|useless|a waste|for nothing|in vain|went nowhere|made it worse|got me nowhere|all for nothing)|tried .* times and (?:nothing|never) (?:worked|helped|changed|improved|mattered)|no matter what we (?:say|do|try).* (?:fails|backfires|gets ignored|goes nowhere)|never we changed .* improve|never we changed .* at all .* improve|never .* improve at all|never we changed.*, it (?:doesn'?t|won't) (?:improve)|no matter what we changed .* improve|no matter what we changed.*, it (?:doesn'?t|won't) (?:improve)|whatever we changed .* improve|whatever we changed.*, it (?:doesn'?t|won't) (?:improve)",desperate|distressed|tired|hopeless,accomplishment|competence|contribution|growth,"We changed and it didn't improve, even after multiple attempts."
inefficacy-generalization-we-changed-get better,"nothing we changed .* get better|nothing we changed .* ever .* get better|nothing .* get better ever|nothing we changed.*, it (?:doesn'?t|won't) (?:get|better)|whatever we changed.*, it (?:doesn'?t|won't) (?:work|help|change|matter|improve|get better)|we can'?t (?:do anything right|make it work|make a difference|get through|win)|why do we even bother|it was (?:pointless|futile|useless|a waste|for nothing|in vain|went nowhere|made it worse|got me nowhere|all for nothing)|tried .* times and (?:nothing|never) (?:worked|helped|changed|improved|mattered)|no matter what we (?:say|do|try).* (?:fails|backfires|gets ignored|goes nowhere)|never we changed .* get better|never we changed .* at all .* get better|never .* get better at all|never we changed.*, it (?:doesn'?t|won't) (?:get|better)|no matter what we changed .* get better|no matter what we changed.*, it (?:doesn'?t|won't) (?:get|better)|whatever we changed .* get better|whatever we changed.*, it (?:doesn'?t|won't) (?:get|better)",desperate|distressed|tired|hopeless,accomplishment|competence|contribution|growth,"We changed and it didn't get better, even after multiple attempts."
inefficacy-generalization-we-explain-work,"nothing we explain .* work|nothing we explain .* ever .* work|nothing .* work ever|nothing we explain.*, it (?:doesn'?t|won't) (?:work)|whatever we explain.*, it (?:doesn'?t|won't) (?:work|help|change|matter|improve|get better)|we can'?t (?:do anything right|make it work|make a difference|get through|win)|why do we even bother|it was (?:pointless|futile|useless|a waste|for nothing|in vain|went nowhere|made it worse|got me nowhere|all for nothing)|tried .* times and (?:nothing|never) (?:worked|helped|changed|improved|mattered)|no matter what we (?:say|do|try).* (?:fails|backfires|gets ignored|goes nowhere)|never we explain .* work|never we explain .* at all .* work|never .* work at all|never we explain.*, it (?:doesn'?t|won't) (?:work)|no matter what we explain .* work|no matter what we explain.*, it (?:doesn'?t|won't) (?:work)|whatever we explain .* work|whatever we explain.*, it (?:doesn'?t|won't) (?:work)",helpless|powerless|thwarted|frustrated,accomplishment|competence|contribution|growth,"We explain and it didn't work, even after multiple attempts."
inefficacy-generalization-we-explain-help,"nothing we explain .* help|nothing we explain .* ever .* help|nothing .* help ever|nothing we explain.*, it (?:doesn'?t|won't) (?:help)|whatever we explain.*, it (?:doesn'?t|won't) (?:work|help|change|matter|improve|get better)|we can'?t (?:do anything right|make it work|make a difference|get through|win)|why do we even bother|it was (?:pointless|futile|useless|a waste|for nothing|in vain|went nowhere|made it worse|got me nowhere|all for nothing)|tried .* times and (?:nothing|never) (?:worked|helped|changed|improved|mattered)|no matter what we (?:say|do|try).* (?:fails|backfires|gets ignored|goes nowhere)|never we explain .* help|never we explain .* at all .* help|never .* help at all|never we explain.*, it (?:doesn'?t|won't) (?:help)|no matter what we explain .* help|no matter what we explain.*, it (?:doesn'?t|won't) (?:help)|whatever we explain .* help|whatever we explain.*, it (?:doesn'?t|won't) (?:help)",helpless|powerless|thwarted|frustrated,support|clarity|learning|to-be-heard,"We explain and it didn't help, even after multiple attempts."
inefficacy-generalization-we-explain-change,"nothing we explain .* change|nothing we explain .* ever .* change|nothing .* change ever|nothing we explain.*, it (?:doesn'?t|won't) (?:change)|whatever we explain.*, it (?:doesn'?t|won't) (?:work|help|change|matter|improve|get better)|we can'?t (?:do anything right|make it work|make a difference|get through|win)|why do we even bother|it was (?:pointless|futile|useless|a waste|for nothing|in vain|went nowhere|made it worse|got me nowhere|all for nothing)|tried .* times and (?:nothing|never) (?:worked|helped|changed|improved|mattered)|no matter what we (?:say|do|try).* (?:fails|backfires|gets ignored|goes nowhere)|never we explain .* change|never we explain .* at all .* change|never .* change at all|never we explain.*, it (?:doesn'?t|won't) (?:change)|no matter what we explain .* change|no matter what we explain.*, it (?:doesn'?t|won't) (?:change)|whatever we explain .* change|whatever we explain.*, it (?:doesn'?t|won't) (?:change)",desperate|distressed|tired|hopeless,accomplishment|competence|contribution|growth,"We explain and it didn't change, even after multiple attempts."
inefficacy-generalization-we-explain-matter,"nothing we explain .* matter|nothing we explain .* ever .* matter|nothing .* matter ever|nothing we explain.*, it (?:doesn'?t|won't) (?:matter)|whatever we explain.*, it (?:doesn'?t|won't) (?:work|help|change|matter|improve|get better)|we can'?t (?:do anything right|make it work|make a difference|get through|win)|why do we even bother|it was (?:pointless|futile|useless|a waste|for nothing|in vain|went nowhere|made it worse|got me nowhere|all for nothing)|tried .* times and (?:nothing|never) (?:worked|helped|changed|improved|mattered)|no matter what we (?:say|do|try).* (?:fails|backfires|gets ignored|goes nowhere)|never we explain .* matter|never we explain .* at all .* matter|never .* matter at all|never we explain.*, it (?:doesn'?t|won't) (?:matter)|no matter what we explain .* matter|no matter what we explain.*, it (?:doesn'?t|won't) (?:matter)|whatever we explain .* matter|whatever we explain.*, it (?:doesn'?t|won't) (?:matter)",desperate|distressed|tired|hopeless,accomplishment|competence|contribution|growth,"We explain and it didn't matter, even after multiple attempts."
inefficacy-generalization-we-explain-improve,"nothing we explain .* improve|nothing we explain .* ever .* improve|nothing .* improve ever|nothing we explain.*, it (?:doesn'?t|won't) (?:improve)|whatever we explain.*, it (?:doesn'?t|won't) (?:work|help|change|matter|improve|get better)|we can'?t (?:do anything right|make it work|make a difference|get through|win)|why do we even bother|it was (?:pointless|futile|useless|a waste|for nothing|in vain|went nowhere|made it worse|got me nowhere|all for nothing)|tried .* times and (?:nothing|never) (?:worked|helped|changed|improved|mattered)|no matter what we (?:say|do|try).* (?:fails|backfires|gets ignored|goes nowhere)|never we explain .* improve|never we explain .* at all .* improve|never .* improve at all|never we explain.*, it (?:doesn'?t|won't) (?:improve)|no matter what we explain .* improve|no matter what we explain.*, it (?:doesn'?t|won't) (?:improve)|whatever we explain .* improve|whatever we explain.*, it (?:doesn'?t|won't) (?:improve)",desperate|distressed|tired|hopeless,accomplishment|competence|contribution|growth,"We explain and it didn't improve, even after multiple attempts."
inefficacy-generalization-we-explain-get better,"nothing we explain .* get better|nothing we explain .* ever .* get better|nothing .* get better ever|nothing we explain.*, it (?:doesn'?t|won't) (?:get|better)|whatever we explain.*, it (?:doesn'?t|won't) (?:work|help|change|matter|improve|get better)|we can'?t (?:do anything right|make it work|make a difference|get through|win)|why do we even bother|it was (?:pointless|futile|useless|a waste|for nothing|in vain|went nowhere|made it worse|got me nowhere|all for nothing)|tried .* times and (?:nothing|never) (?:worked|helped|changed|improved|mattered)|no matter what we (?:say|do|try).* (?:fails|backfires|gets ignored|goes nowhere)|never we explain .* get better|never we explain .* at all .* get better|never .* get better at all|never we explain.*, it (?:doesn'?t|won't) (?:get|better)|no matter what we explain .* get better|no matter what we explain.*, it (?:doesn'?t|won't) (?:get|better)|whatever we explain .* get better|whatever we explain.*, it (?:doesn'?t|won't) (?:get|better)",desperate|distressed|tired|hopeless,accomplishment|competence|contribution|growth,"We explain and it didn't get better, even after multiple attempts."
inefficacy-generalization-we-explained-work,"nothing we explained .* work|nothing we explained .* ever .* work|nothing .* work ever|nothing we explained.*, it (?:doesn'?t|won't) (?:work)|whatever we explained.*, it (?:doesn'?t|won't) (?:work|help|change|matter|improve|get better)|we can'?t (?:do anything right|make it work|make a difference|get through|win)|why do we even bother|it was (?:pointless|futile|useless|a waste|for nothing|in vain|went nowhere|made it worse|got me nowhere|all for nothing)|tried .* times and (?:nothing|never) (?:worked|helped|changed|improved|mattered)|no matter what we (?:say|do|try).* (?:fails|backfires|gets ignored|goes nowhere)|never we explained .* work|never we explained .* at all .* work|never .* work at all|never we explained.*, it (?:doesn'?t|won't) (?:work)|no matter what we explained .* work|no matter what we explained.*, it (?:doesn'?t|won't) (?:work)|whatever we explained .* work|whatever we explained.*, it (?:doesn'?t|won't) (?:work)",helpless|powerless|thwarted|frustrated,accomplishment|competence|contribution|growth,"We explained and it didn't work, even after multiple attempts."
inefficacy-generalization-we-explained-help,"nothing we explained .* help|nothing we explained .* ever .* help|nothing .* help ever|nothing we explained.*, it (?:doesn'?t|won't) (?:help)|whatever we explained.*, it (?:doesn'?t|won't) (?:work|help|change|matter|improve|get better)|we can'?t (?:do anything right|make it work|make a difference|get through|win)|why do we even bother|it was (?:pointless|futile|useless|a waste|for nothing|in vain|went nowhere|made it worse|got me nowhere|all for nothing)|tried .* times and (?:nothing|never) (?:worked|helped|changed|improved|mattered)|no matter what we (?:say|do|try).* (?:fails|backfires|gets ignored|goes nowhere)|never we explained .* help|never we explained .* at all .* help|never .* help at all|never we explained.*, it (?:doesn'?t|won't) (?:help)|no matter what we explained .* help|no matter what we explained.*, it (?:doesn'?t|won't) (?:help)|whatever we explained .* help|whatever we explained.*, it (?:doesn'?t|won't) (?:help)",helpless|powerless|thwarted|frustrated,support|clarity|learning|to-be-heard,"We explained and it didn't help, even after multiple attempts."
inefficacy-generalization-we-explained-change,"nothing we explained .* change|nothing we explained .* ever .* change|nothing .* change ever|nothing we explained.*, it (?:doesn'?t|won't) (?:change)|whatever we explained.*, it (?:doesn'?t|won't) (?:work|help|change|matter|improve|get better)|we can'?t (?:do anything right|make it work|make a difference|get through|win)|why do we even bother|it was (?:pointless|futile|useless|a waste|for nothing|in vain|went nowhere|made it worse|got me nowhere|all for nothing)|tried .* times and (?:nothing|never) (?:worked|helped|changed|improved|mattered)|no matter what we (?:say|do|try).* (?:fails|backfires|gets ignored|goes nowhere)|never we explained .* change|never we explained .* at all .* change|never .* change at all|never we explained.*, it (?:doesn'?t|won't) (?:change)|no matter what we explained .* change|no matter what we explained.*, it (?:doesn'?t|won't) (?:change)|whatever we explained .* change|whatever we explained.*, it (?:doesn'?t|won't) (?:change)",desperate|distressed|tired|hopeless,accomplishment|competence|contribution|growth,"We explained and it didn't change, even after multiple attempts."
inefficacy-generalization-we-explained-matter,"nothing we explained .* matter|nothing we explained .* ever .* matter|nothing .* matter ever|nothing we explained.*, it (?:doesn'?t|won't) (?:matter)|whatever we explained.*, it (?:doesn'?t|won't) (?:work|help|change|matter|improve|get better)|we can'?t (?:do anything right|make it work|make a difference|get through|win)|why do we even bother|it was (?:pointless|futile|useless|a waste|for nothing|in vain|went nowhere|made it worse|got me nowhere|all for nothing)|tried .* times and (?:nothing|never) (?:worked|helped|changed|improved|mattered)|no matter what we (?:say|do|try).* (?:fails|backfires|gets ignored|goes nowhere)|never we explained .* matter|never we explained .* at all .* matter|never .* matter at all|never we explained.*, it (?:doesn'?t|won't) (?:matter)|no matter what we explained .* matter|no matter what we explained.*, it (?:doesn'?t|won't) (?:matter)|whatever we explained .* matter|whatever we explained.*, it (?:doesn'?t|won't) (?:matter)",desperate|distressed|tired|hopeless,accomplishment|competence|contribution|growth,"We explained and it didn't matter, even after multiple attempts."
inefficacy-generalization-we-explained-improve,"nothing we explained .* improve|nothing we explained .* ever .* improve|nothing .* improve ever|nothing we explained.*, it (?:doesn'?t|won't) (?:improve)|whatever we explained.*, it (?:doesn'?t|won't) (?:work|help|change|matter|improve|get better)|we can'?t (?:do anything right|make it work|make a difference|get through|win)|why do we even bother|it was (?:pointless|futile|useless|a waste|for nothing|in vain|went nowhere|made it worse|got me nowhere|all for nothing)|tried .* times and (?:nothing|never) (?:worked|helped|changed|improved|mattered)|no matter what we (?:say|do|try).* (?:fails|backfires|gets ignored|goes nowhere)|never we explained .* improve|never we explained .* at all .* improve|never .* improve at all|never we explained.*, it (?:doesn'?t|won't) (?:improve)|no matter what we explained .* improve|no matter what we explained.*, it (?:doesn'?t|won't) (?:improve)|whatever we explained .* improve|whatever we explained.*, it (?:doesn'?t|won't) (?:improve)",desperate|distressed|tired|hopeless,accomplishment|competence|contribution|growth,"We explained and it didn't improve, even after multiple attempts."
inefficacy-generalization-we-explained-get better,"nothing we explained .* get better|nothing we explained .* ever .* get better|nothing .* get better ever|nothing we explained.*, it (?:doesn'?t|won't) (?:get|better)|whatever we explained.*, it (?:doesn'?t|won't) (?:work|help|change|matter|improve|get better)|we can'?t (?:do anything right|make it work|make a difference|get through|win)|why do we even bother|it was (?:pointless|futile|useless|a waste|for nothing|in vain|went nowhere|made it worse|got me nowhere|all for nothing)|tried .* times and (?:nothing|never) (?:worked|helped|changed|improved|mattered)|no matter what we (?:say|do|try).* (?:fails|backfires|gets ignored|goes nowhere)|never we explained .* get better|never we explained .* at all .* get better|never .* get better at all|never we explained.*, it (?:doesn'?t|won't) (?:get|better)|no matter what we explained .* get better|no matter what we explained.*, it (?:doesn'?t|won't) (?:get|better)|whatever we explained .* get better|whatever we explained.*, it (?:doesn'?t|won't) (?:get|better)",desperate|distressed|tired|hopeless,accomplishment|competence|contribution|growth,"We explained and it didn't get better, even after multiple attempts."
inefficacy-generalization-we-ask-work,"nothing we ask .* work|nothing we ask .* ever .* work|nothing .* work ever|nothing we ask.*, it (?:doesn'?t|won't) (?:work)|whatever we ask.*, it (?:doesn'?t|won't) (?:work|help|change|matter|improve|get better)|we can'?t (?:do anything right|make it work|make a difference|get through|win)|why do we even bother|it was (?:pointless|futile|useless|a waste|for nothing|in vain|went nowhere|made it worse|got me nowhere|all for nothing)|tried .* times and (?:nothing|never) (?:worked|helped|changed|improved|mattered)|no matter what we (?:say|do|try).* (?:fails|backfires|gets ignored|goes nowhere)|never we ask .* work|never we ask .* at all .* work|never .* work at all|never we ask.*, it (?:doesn'?t|won't) (?:work)|no matter what we ask .* work|no matter what we ask.*, it (?:doesn'?t|won't) (?:work)|whatever we ask .* work|whatever we ask.*, it (?:doesn'?t|won't) (?:work)",helpless|powerless|thwarted|frustrated,accomplishment|competence|contribution|growth,"We ask and it didn't work, even after multiple attempts."
inefficacy-generalization-we-ask-help,"nothing we ask .* help|nothing we ask .* ever .* help|nothing .* help ever|nothing we ask.*, it (?:doesn'?t|won't) (?:help)|whatever we ask.*, it (?:doesn'?t|won't) (?:work|help|change|matter|improve|get better)|we can'?t (?:do anything right|make it work|make a difference|get through|win)|why do we even bother|it was (?:pointless|futile|useless|a waste|for nothing|in vain|went nowhere|made it worse|got me nowhere|all for nothing)|tried .* times and (?:nothing|never) (?:worked|helped|changed|improved|mattered)|no matter what we (?:say|do|try).* (?:fails|backfires|gets ignored|goes nowhere)|never we ask .* help|never we ask .* at all .* help|never .* help at all|never we ask.*, it (?:doesn'?t|won't) (?:help)|no matter what we ask .* help|no matter what we ask.*, it (?:doesn'?t|won't) (?:help)|whatever we ask .* help|whatever we ask.*, it (?:doesn'?t|won't) (?:help)",helpless|powerless|thwarted|frustrated,support|clarity|learning|to-be-heard,"We ask and it didn't help, even after multiple attempts."
inefficacy-generalization-we-ask-change,"nothing we ask .* change|nothing we ask .* ever .* change|nothing .* change ever|nothing we ask.*, it (?:doesn'?t|won't) (?:change)|whatever we ask.*, it (?:doesn'?t|won't) (?:work|help|change|matter|improve|get better)|we can'?t (?:do anything right|make it work|make a difference|get through|win)|why do we even bother|it was (?:pointless|futile|useless|a waste|for nothing|in vain|went nowhere|made it worse|got me nowhere|all for nothing)|tried .* times and (?:nothing|never) (?:worked|helped|changed|improved|mattered)|no matter what we (?:say|do|try).* (?:fails|backfires|gets ignored|goes nowhere)|never we ask .* change|never we ask .* at all .* change|never .* change at all|never we ask.*, it (?:doesn'?t|won't) (?:change)|no matter what we ask .* change|no matter what we ask.*, it (?:doesn'?t|won't) (?:change)|whatever we ask .* change|whatever we ask.*, it (?:doesn'?t|won't) (?:change)",desperate|distressed|tired|hopeless,accomplishment|competence|contribution|growth,"We ask and it didn't change, even after multiple attempts."
inefficacy-generalization-we-ask-matter,"nothing we ask .* matter|nothing we ask .* ever .* matter|nothing .* matter ever|nothing we ask.*, it (?:doesn'?t|won't) (?:matter)|whatever we ask.*, it (?:doesn'?t|won't) (?:work|help|change|matter|improve|get better)|we can'?t (?:do anything right|make it work|make a difference|get through|win)|why do we even bother|it was (?:pointless|futile|useless|a waste|for nothing|in vain|went nowhere|made it worse|got me nowhere|all for nothing)|tried .* times and (?:nothing|never) (?:worked|helped|changed|improved|mattered)|no matter what we (?:say|do|try).* (?:fails|backfires|gets ignored|goes nowhere)|never we ask .* matter|never we ask .* at all .* matter|never .* matter at all|never we ask.*, it (?:doesn'?t|won't) (?:matter)|no matter what we ask .* matter|no matter what we ask.*, it (?:doesn'?t|won't) (?:matter)|whatever we ask .* matter|whatever we ask.*, it (?:doesn'?t|won't) (?:matter)",desperate|distressed|tired|hopeless,accomplishment|competence|contribution|growth,"We ask and it didn't matter, even after multiple attempts."
inefficacy-generalization-we-ask-improve,"nothing we ask .* improve|nothing we ask .* ever .* improve|nothing .* improve ever|nothing we ask.*, it (?:doesn'?t|won't) (?:improve)|whatever we ask.*, it (?:doesn'?t|won't) (?:work|help|change|matter|improve|get better)|we can'?t (?:do anything right|make it work|make a difference|get through|win)|why do we even bother|it was (?:pointless|futile|useless|a waste|for nothing|in vain|went nowhere|made it worse|got me nowhere|all for nothing)|tried .* times and (?:nothing|never) (?:worked|helped|changed|improved|mattered)|no matter what we (?:say|do|try).* (?:fails|backfires|gets ignored|goes nowhere)|never we ask .* improve|never we ask .* at all .* improve|never .* improve at all|never we ask.*, it (?:doesn'?t|won't) (?:improve)|no matter what we ask .* improve|no matter what we ask.*, it (?:doesn'?t|won't) (?:improve)|whatever we ask .* improve|whatever we ask.*, it (?:doesn'?t|won't) (?:improve)",desperate|distressed|tired|hopeless,accomplishment|competence|contribution|growth,"We ask and it didn't improve, even after multiple attempts."
inefficacy-generalization-we-ask-get better,"nothing we ask .* get better|nothing we ask .* ever .* get better|nothing .* get better ever|nothing we ask.*, it (?:doesn'?t|won't) (?:get|better)|whatever we ask.*, it (?:doesn'?t|won't) (?:work|help|change|matter|improve|get better)|we can'?t (?:do anything right|make it work|make a difference|get through|win)|why do we even bother|it was (?:pointless|futile|useless|a waste|for nothing|in vain|went nowhere|made it worse|got me nowhere|all for nothing)|tried .* times and (?:nothing|never) (?:worked|helped|changed|improved|mattered)|no matter what we (?:say|do|try).* (?:fails|backfires|gets ignored|goes nowhere)|never we ask .* get better|never we ask .* at all .* get better|never .* get better at all|never we ask.*, it (?:doesn'?t|won't) (?:get|better)|no matter what we ask .* get better|no matter what we ask.*, it (?:doesn'?t|won't) (?:get|better)|whatever we ask .* get better|whatever we ask.*, it (?:doesn'?t|won't) (?:get|better)",desperate|distressed|tired|hopeless,accomplishment|competence|contribution|growth,"We ask and it didn't get better, even after multiple attempts."
inefficacy-generalization-we-asked-work,"nothing we asked .* work|nothing we asked .* ever .* work|nothing .* work ever|nothing we asked.*, it (?:doesn'?t|won't) (?:work)|whatever we asked.*, it (?:doesn'?t|won't) (?:work|help|change|matter|improve|get better)|we can'?t (?:do anything right|make it work|make a difference|get through|win)|why do we even bother|it was (?:pointless|futile|useless|a waste|for nothing|in vain|went nowhere|made it worse|got me nowhere|all for nothing)|tried .* times and (?:nothing|never) (?:worked|helped|changed|improved|mattered)|no matter what we (?:say|do|try).* (?:fails|backfires|gets ignored|goes nowhere)|never we asked .* work|never we asked .* at all .* work|never .* work at all|never we asked.*, it (?:doesn'?t|won't) (?:work)|no matter what we asked .* work|no matter what we asked.*, it (?:doesn'?t|won't) (?:work)|whatever we asked .* work|whatever we asked.*, it (?:doesn'?t|won't) (?:work)",helpless|powerless|thwarted|frustrated,accomplishment|competence|contribution|growth,"We asked and it didn't work, even after multiple attempts."
inefficacy-generalization-we-asked-help,"nothing we asked .* help|nothing we asked .* ever .* help|nothing .* help ever|nothing we asked.*, it (?:doesn'?t|won't) (?:help)|whatever we asked.*, it (?:doesn'?t|won't) (?:work|help|change|matter|improve|get better)|we can'?t (?:do anything right|make it work|make a difference|get through|win)|why do we even bother|it was (?:pointless|futile|useless|a waste|for nothing|in vain|went nowhere|made it worse|got me nowhere|all for nothing)|tried .* times and (?:nothing|never) (?:worked|helped|changed|improved|mattered)|no matter what we (?:say|do|try).* (?:fails|backfires|gets ignored|goes nowhere)|never we asked .* help|never we asked .* at all .* help|never .* help at all|never we asked.*, it (?:doesn'?t|won't) (?:help)|no matter what we asked .* help|no matter what we asked.*, it (?:doesn'?t|won't) (?:help)|whatever we asked .* help|whatever we asked.*, it (?:doesn'?t|won't) (?:help)",helpless|powerless|thwarted|frustrated,support|clarity|learning|to-be-heard,"We asked and it didn't help, even after multiple attempts."
inefficacy-generalization-we-asked-change,"nothing we asked .* change|nothing we asked .* ever .* change|nothing .* change ever|nothing we asked.*, it (?:doesn'?t|won't) (?:change)|whatever we asked.*, it (?:doesn'?t|won't) (?:work|help|change|matter|improve|get better)|we can'?t (?:do anything right|make it work|make a difference|get through|win)|why do we even bother|it was (?:pointless|futile|useless|a waste|for nothing|in vain|went nowhere|made it worse|got me nowhere|all for nothing)|tried .* times and (?:nothing|never) (?:worked|helped|changed|improved|mattered)|no matter what we (?:say|do|try).* (?:fails|backfires|gets ignored|goes nowhere)|never we asked .* change|never we asked .* at all .* change|never .* change at all|never we asked.*, it (?:doesn'?t|won't) (?:change)|no matter what we asked .* change|no matter what we asked.*, it (?:doesn'?t|won't) (?:change)|whatever we asked .* change|whatever we asked.*, it (?:doesn'?t|won't) (?:change)",desperate|distressed|tired|hopeless,accomplishment|competence|contribution|growth,"We asked and it didn't change, even after multiple attempts."
inefficacy-generalization-we-asked-matter,"nothing we asked .* matter|nothing we asked .* ever .* matter|nothing .* matter ever|nothing we asked.*, it (?:doesn'?t|won't) (?:matter)|whatever we asked.*, it (?:doesn'?t|won't) (?:work|help|change|matter|improve|get better)|we can'?t (?:do anything right|make it work|make a difference|get through|win)|why do we even bother|it was (?:pointless|futile|useless|a waste|for nothing|in vain|went nowhere|made it worse|got me nowhere|all for nothing)|tried .* times and (?:nothing|never) (?:worked|helped|changed|improved|mattered)|no matter what we (?:say|do|try).* (?:fails|backfires|gets ignored|goes nowhere)|never we asked .* matter|never we asked .* at all .* matter|never .* matter at all|never we asked.*, it (?:doesn'?t|won't) (?:matter)|no matter what we asked .* matter|no matter what we asked.*, it (?:doesn'?t|won't) (?:matter)|whatever we asked .* matter|whatever we asked.*, it (?:doesn'?t|won't) (?:matter)",desperate|distressed|tired|hopeless,accomplishment|competence|contribution|growth,"We asked and it didn't matter, even after multiple attempts."
inefficacy-generalization-we-asked-improve,"nothing we asked .* improve|nothing we asked .* ever .* improve|nothing .* improve ever|nothing we asked.*, it (?:doesn'?t|won't) (?:improve)|whatever we asked.*, it (?:doesn'?t|won't) (?:work|help|change|matter|improve|get better)|we can'?t (?:do anything right|make it work|make a difference|get through|win)|why do we even bother|it was (?:pointless|futile|useless|a waste|for nothing|in vain|went nowhere|made it worse|got me nowhere|all for nothing)|tried .* times and (?:nothing|never) (?:worked|helped|changed|improved|mattered)|no matter what we (?:say|do|try).* (?:fails|backfires|gets ignored|goes nowhere)|never we asked .* improve|never we asked .* at all .* improve|never .* improve at all|never we asked.*, it (?:doesn'?t|won't) (?:improve)|no matter what we asked .* improve|no matter what we asked.*, it (?:doesn'?t|won't) (?:improve)|whatever we asked .* improve|whatever we asked.*, it (?:doesn'?t|won't) (?:improve)",desperate|distressed|tired|hopeless,accomplishment|competence|contribution|growth,"We asked and it didn't improve, even after multiple attempts."
inefficacy-generalization-we-asked-get better,"nothing we asked .* get better|nothing we asked .* ever .* get better|nothing .* get better ever|nothing we asked.*, it (?:doesn'?t|won't) (?:get|better)|whatever we asked.*, it (?:doesn'?t|won't) (?:work|help|change|matter|improve|get better)|we can'?t (?:do anything right|make it work|make a difference|get through|win)|why do we even bother|it was (?:pointless|futile|useless|a waste|for nothing|in vain|went nowhere|made it worse|got me nowhere|all for nothing)|tried .* times and (?:nothing|never) (?:worked|helped|changed|improved|mattered)|no matter what we (?:say|do|try).* (?:fails|backfires|gets ignored|goes nowhere)|never we asked .* get better|never we asked .* at all .* get better|never .* get better at all|never we asked.*, it (?:doesn'?t|won't) (?:get|better)|no matter what we asked .* get better|no matter what we asked.*, it (?:doesn'?t|won't) (?:get|better)|whatever we asked .* get better|whatever we asked.*, it (?:doesn'?t|won't) (?:get|better)",desperate|distressed|tired|hopeless,accomplishment|competence|contribution|growth,"We asked and it didn't get better, even after multiple attempts."
inefficacy-cant-do-anything-right,i can'?t do anything right|we can'?t do anything right|everything i|we do is wrong,discouraged|defeated|sad|anxious,support|clarity|learning|to-be-heard|acceptance,I said 'I can't do anything right' after the meeting.
inefficacy-whatever-i-do-worse,whatever (?:i|we) do it (?:gets worse|makes it worse|backfires)|everything (?:i|we) say makes it worse,desperate|distressed|tired|hopeless,support|clarity|learning|to-be-heard|understanding,Whatever I do seems to make it worse.
inefficacy-got-me-nowhere,it got (?:me|us) nowhere|this went nowhere|all that effort and nothing changed,discouraged|defeated|sad|anxious,accomplishment|competence|contribution|growth|clarity,I felt like all that effort got me nowhere.
inefficacy-toiled-in-vain,worked so hard .* in vain|it felt pointless|it was pointless|all for nothing,desperate|distressed|tired|hopeless,mattering|authenticity|self expression|progress|accomplishment|competence|contribution|growth,It felt like all that work was for nothing.
inefficacy-no-longer-works,what used to work doesn'?t anymore|nothing works anymore|it doesn'?t work anymore,helpless|powerless|thwarted|frustrated,accomplishment|competence|contribution|growth|stability,What used to work doesn't work anymore.
inefficacy-cant-get-through,"can'?t get through to (?:them|you|anyone)|nothing gets through|no matter what (?:i|we) say, it doesn'?t get through",discouraged|defeated|sad|anxious,support|clarity|learning|to-be-heard|to-be-heard,"No matter what I say, it doesn't get through."
inefficacy-no-impact,it didn'?t make a difference|none of it mattered|it doesn'?t matter what (?:i|we) do,helpless|powerless|thwarted|frustrated,mattering|authenticity|self expression|progress|mattering,It didn't make a difference.
